version 1
nodes
0 "weapon_bone" -1
end
skeleton
time 0
0  0.000000 -1.772578 -15.121245  0.000000 -0.000000 0.000000
end
triangles
Material_0
0  1.308164 3.106543 -17.226318  0.650556 0.124177 0.749238  0.881707 0.136734 1 0 1.000000
0  1.145410 3.991596 -17.226318  0.650555 0.124178 0.749238  0.880574 0.143735 1 0 1.000000
0  1.034540 3.525266 -17.057207  0.650555 0.124177 0.749238  0.880574 0.141083 1 0 1.000000
Material_0
0  -0.790494 3.525266 -17.057207  -0.650565 0.124194 0.749227  0.867595 0.145326 1 0 1.000000
0  -0.901364 3.991595 -17.226318  -0.650566 0.124193 0.749226  0.865947 0.148509 1 0 1.000000
0  -1.063963 3.106542 -17.226318  -0.650566 0.124193 0.749226  0.864814 0.142356 1 0 1.000000
Material_0
0  -0.561185 -2.681363 -9.339351  -0.409633 -0.870032 -0.274309  0.541362 0.118169 1 0 1.000000
0  -0.538177 -2.745349 -9.170238  -0.409676 -0.870010 -0.274313  0.542289 0.118275 1 0 1.000000
0  -0.665415 -2.670614 -9.218555  -0.409633 -0.870032 -0.274309  0.541259 0.118912 1 0 1.000000
Material_0
0  0.893562 -2.670614 -9.218555  0.409638 -0.870026 -0.274319  0.551663 0.115411 1 0 1.000000
0  0.766323 -2.745349 -9.170238  0.409638 -0.870026 -0.274319  0.551045 0.115411 1 0 1.000000
0  0.789177 -2.681363 -9.339351  0.409638 -0.870026 -0.274320  0.550427 0.115199 1 0 1.000000
Material_0
0  0.772192 -2.298983 -5.013041  0.423152 -0.795446 0.433829  0.569278 0.132384 1 0 1.000000
0  0.764934 -2.392658 -5.178438  0.423166 -0.795458 0.433794  0.568557 0.131217 1 0 1.000000
0  0.893562 -2.311779 -5.154278  0.423153 -0.795447 0.433828  0.569484 0.131536 1 0 1.000000
Material_0
0  -0.665414 -2.311779 -5.154278  -0.423138 -0.795456 0.433826  0.559080 0.134930 1 0 1.000000
0  -0.536941 -2.392658 -5.178438  -0.423138 -0.795456 0.433826  0.559801 0.134082 1 0 1.000000
0  -0.544198 -2.298983 -5.013041  -0.423138 -0.795456 0.433826  0.560419 0.135249 1 0 1.000000
Material_0
0  0.122101 8.178831 -13.227085  -0.000046 0.002174 -0.999998  0.886137 0.176727 1 0 1.000000
0  0.122101 7.197033 -13.713980  -0.000019 0.002185 -0.999998  0.886137 0.169513 1 0 1.000000
0  -0.571996 7.891151 -13.227085  -0.000034 0.002180 -0.999998  0.881192 0.176197 1 0 1.000000
Material_0
0  -0.571996 6.502914 -13.227084  0.000035 0.002187 -0.999998  0.881192 0.166013 1 0 1.000000
0  0.122101 7.197033 -13.713980  0.000013 0.002196 -0.999998  0.886137 0.169513 1 0 1.000000
0  0.122101 6.215746 -13.227084  0.000038 0.002185 -0.999998  0.886137 0.162300 1 0 1.000000
Material_0
0  0.354807 5.885580 -0.729478  0.577995 -0.576059 0.577994  0.906121 0.139068 1 0 1.000000
0  0.457956 5.988981 -0.729478  0.577995 -0.576059 0.577994  0.905503 0.140022 1 0 1.000000
0  0.354807 5.988981 -0.625408  0.577996 -0.576059 0.577994  0.905194 0.139068 1 0 1.000000
Material_0
0  -0.213905 5.988981 -0.729478  -0.577995 -0.576060 0.577994  0.905503 0.152858 1 0 1.000000
0  -0.110755 5.885580 -0.729478  -0.577995 -0.576060 0.577994  0.906121 0.153707 1 0 1.000000
0  -0.110755 5.988981 -0.625408  -0.577995 -0.576060 0.577994  0.905194 0.153707 1 0 1.000000
Material_0
0  0.354960 5.988980 -8.412021  0.577994 -0.576051 -0.578004  0.911992 0.141189 1 0 1.000000
0  0.457955 5.988980 -8.309810  0.577994 -0.576051 -0.578004  0.911992 0.137264 1 0 1.000000
0  0.354960 5.885579 -8.309810  0.577994 -0.576051 -0.578004  0.915804 0.139068 1 0 1.000000
Material_0
0  -0.110756 5.988980 -8.412021  -0.578001 -0.576059 -0.577989  0.911477 0.159648 1 0 1.000000
0  -0.110756 5.885579 -8.309810  -0.577978 -0.576043 -0.578028  0.911889 0.157844 1 0 1.000000
0  -0.213906 5.988980 -8.309810  -0.577978 -0.576043 -0.578028  0.913022 0.158693 1 0 1.000000
Material_0
0  -1.044508 -0.888737 -26.222736  -0.580426 -0.002173 -0.814310  0.916937 0.744695 1 0 1.000000
0  -1.148429 -0.740802 -26.148401  -0.580426 -0.002173 -0.814310  0.916937 0.752227 1 0 1.000000
0  -1.044508 -0.593378 -26.222736  -0.580426 -0.002173 -0.814310  0.916937 0.759759 1 0 1.000000
Material_0
0  -1.044507 -0.593378 -22.149166  -0.580426 0.002173 0.814310  0.928989 0.759759 1 0 1.000000
0  -1.148428 -0.740801 -22.223501  -0.580426 0.002173 0.814310  0.928989 0.752227 1 0 1.000000
0  -1.044507 -0.888737 -22.149166  -0.580426 0.002173 0.814310  0.928989 0.744695 1 0 1.000000
Material_0
0  1.145410 3.991596 -17.226318  0.972800 -0.231639 -0.001889  0.880574 0.143735 1 0 1.000000
0  1.144484 3.988013 -15.561210  0.972802 -0.231630 -0.001852  0.888300 0.149570 1 0 1.000000
0  1.034540 3.525266 -17.057207  0.972802 -0.231630 -0.001844  0.880574 0.141083 1 0 1.000000
Material_0
0  1.144484 3.988013 -15.561210  0.972802 -0.231630 -0.001852  0.888300 0.149570 1 0 1.000000
0  1.034541 3.525267 -15.561210  0.972799 -0.231642 -0.001901  0.887579 0.146493 1 0 1.000000
0  1.034540 3.525266 -17.057207  0.972802 -0.231630 -0.001844  0.880574 0.141083 1 0 1.000000
Material_0
0  -0.849326 4.177411 -15.561210  -0.807355 0.586791 0.062081  0.874085 0.155617 1 0 1.000000
0  -0.396735 4.691345 -15.561210  -0.673600 0.736645 0.060144  0.877381 0.158375 1 0 1.000000
0  -0.849326 4.177410 -17.261627  -0.789766 0.604300 -0.105313  0.866153 0.149570 1 0 1.000000
Material_0
0  -0.849326 4.177410 -17.261627  -0.789766 0.604300 -0.105313  0.866153 0.149570 1 0 1.000000
0  -0.396735 4.691345 -15.561210  -0.673600 0.736645 0.060144  0.877381 0.158375 1 0 1.000000
0  -0.396735 4.691345 -17.261627  -0.668887 0.730687 -0.136697  0.869449 0.152328 1 0 1.000000
Material_0
0  -0.396735 4.691345 -17.261627  -0.668887 0.730687 -0.136697  0.869449 0.152328 1 0 1.000000
0  -0.396735 4.691345 -15.561210  -0.673600 0.736645 0.060144  0.877381 0.158375 1 0 1.000000
0  -0.189818 4.776830 -17.261627  -0.100337 0.978988 -0.177524  0.870891 0.152434 1 0 1.000000
Material_0
0  -0.396735 4.691345 -15.561210  -0.673600 0.736645 0.060144  0.877381 0.158375 1 0 1.000000
0  -0.189818 4.776830 -15.561210  -0.101727 0.993550 0.050106  0.878823 0.158481 1 0 1.000000
0  -0.189818 4.776830 -17.261627  -0.100337 0.978988 -0.177524  0.870891 0.152434 1 0 1.000000
Material_0
0  -0.189818 4.776830 -17.261627  -0.100337 0.978988 -0.177524  0.870891 0.152434 1 0 1.000000
0  -0.189818 4.776830 -15.561210  -0.101727 0.993550 0.050106  0.878823 0.158481 1 0 1.000000
0  0.433865 4.776830 -17.261627  0.100362 0.978980 -0.177554  0.875321 0.151055 1 0 1.000000
Material_0
0  -0.189818 4.776830 -15.561210  -0.101727 0.993550 0.050106  0.878823 0.158481 1 0 1.000000
0  0.433865 4.776830 -15.561210  0.101715 0.993551 0.050109  0.883253 0.157102 1 0 1.000000
0  0.433865 4.776830 -17.261627  0.100362 0.978980 -0.177554  0.875321 0.151055 1 0 1.000000
Material_0
0  0.433865 4.776830 -17.261627  0.100362 0.978980 -0.177554  0.875321 0.151055 1 0 1.000000
0  0.433865 4.776830 -15.561210  0.101715 0.993551 0.050109  0.883253 0.157102 1 0 1.000000
0  0.640781 4.691345 -17.261627  0.668890 0.730683 -0.136709  0.876763 0.149888 1 0 1.000000
Material_0
0  0.433865 4.776830 -15.561210  0.101715 0.993551 0.050109  0.883253 0.157102 1 0 1.000000
0  0.640782 4.691345 -15.561210  0.673610 0.736634 0.060162  0.884695 0.155935 1 0 1.000000
0  0.640781 4.691345 -17.261627  0.668890 0.730683 -0.136709  0.876763 0.149888 1 0 1.000000
Material_0
0  0.640782 4.691345 -15.561210  0.673610 0.736634 0.060162  0.884695 0.155935 1 0 1.000000
0  1.093527 4.177411 -15.561210  0.807357 0.586789 0.062079  0.887991 0.151161 1 0 1.000000
0  0.640781 4.691345 -17.261627  0.668890 0.730683 -0.136709  0.876763 0.149888 1 0 1.000000
Material_0
0  1.093527 4.177411 -15.561210  0.807357 0.586789 0.062079  0.887991 0.151161 1 0 1.000000
0  1.093527 4.177411 -17.261627  0.789750 0.604322 -0.105308  0.880059 0.145008 1 0 1.000000
0  0.640781 4.691345 -17.261627  0.668890 0.730683 -0.136709  0.876763 0.149888 1 0 1.000000
Material_0
0  1.093527 4.177411 -17.261627  0.789750 0.604322 -0.105308  0.880059 0.145008 1 0 1.000000
0  1.177066 4.017702 -17.399149  0.883808 0.437044 -0.166959  0.879956 0.143205 1 0 1.000000
0  0.640781 4.691345 -17.261627  0.668890 0.730683 -0.136709  0.876763 0.149888 1 0 1.000000
Material_0
0  0.640781 4.691345 -17.261627  0.668890 0.730683 -0.136709  0.876763 0.149888 1 0 1.000000
0  1.177066 4.017702 -17.399149  0.883808 0.437044 -0.166959  0.879956 0.143205 1 0 1.000000
0  0.650818 4.236789 -18.103474  0.614370 0.651899 -0.444496  0.872952 0.143523 1 0 1.000000
Material_0
0  1.177066 4.017702 -17.399149  0.883808 0.437044 -0.166959  0.879956 0.143205 1 0 1.000000
0  1.169036 3.640441 -18.105333  0.740986 0.521256 -0.423357  0.876660 0.137901 1 0 1.000000
0  0.650818 4.236789 -18.103474  0.614370 0.651899 -0.444496  0.872952 0.143523 1 0 1.000000
Material_0
0  0.640781 4.691345 -17.261627  0.668890 0.730683 -0.136709  0.876763 0.149888 1 0 1.000000
0  0.650818 4.236789 -18.103474  0.614370 0.651899 -0.444496  0.872952 0.143523 1 0 1.000000
0  0.433865 4.776830 -17.261627  0.100362 0.978980 -0.177554  0.875321 0.151055 1 0 1.000000
Material_0
0  0.650818 4.236789 -18.103474  0.614370 0.651899 -0.444496  0.872952 0.143523 1 0 1.000000
0  0.433865 4.325858 -18.105333  0.082528 0.845329 -0.527833  0.871406 0.144690 1 0 1.000000
0  0.433865 4.776830 -17.261627  0.100362 0.978980 -0.177554  0.875321 0.151055 1 0 1.000000
Material_0
0  0.433865 4.776830 -17.261627  0.100362 0.978980 -0.177554  0.875321 0.151055 1 0 1.000000
0  0.433865 4.325858 -18.105333  0.082528 0.845329 -0.527833  0.871406 0.144690 1 0 1.000000
0  -0.189818 4.776830 -17.261627  -0.100337 0.978988 -0.177524  0.870891 0.152434 1 0 1.000000
Material_0
0  0.433865 4.325858 -18.105333  0.082528 0.845329 -0.527833  0.871406 0.144690 1 0 1.000000
0  -0.189819 4.325858 -18.105333  -0.082531 0.845327 -0.527836  0.866977 0.146175 1 0 1.000000
0  -0.189818 4.776830 -17.261627  -0.100337 0.978988 -0.177524  0.870891 0.152434 1 0 1.000000
Material_0
0  -0.189818 4.776830 -17.261627  -0.100337 0.978988 -0.177524  0.870891 0.152434 1 0 1.000000
0  -0.189819 4.325858 -18.105333  -0.082531 0.845327 -0.527836  0.866977 0.146175 1 0 1.000000
0  -0.396735 4.691345 -17.261627  -0.668887 0.730687 -0.136697  0.869449 0.152328 1 0 1.000000
Material_0
0  -0.189819 4.325858 -18.105333  -0.082531 0.845327 -0.527836  0.866977 0.146175 1 0 1.000000
0  -0.406772 4.236789 -18.103474  -0.614371 0.651902 -0.444491  0.865432 0.145963 1 0 1.000000
0  -0.396735 4.691345 -17.261627  -0.668887 0.730687 -0.136697  0.869449 0.152328 1 0 1.000000
Material_0
0  -0.396735 4.691345 -17.261627  -0.668887 0.730687 -0.136697  0.869449 0.152328 1 0 1.000000
0  -0.406772 4.236789 -18.103474  -0.614371 0.651902 -0.444491  0.865432 0.145963 1 0 1.000000
0  -0.849326 4.177410 -17.261627  -0.789766 0.604300 -0.105313  0.866153 0.149570 1 0 1.000000
Material_0
0  -0.406772 4.236789 -18.103474  -0.614371 0.651902 -0.444491  0.865432 0.145963 1 0 1.000000
0  -0.924989 3.640441 -18.105333  -0.740974 0.521273 -0.423358  0.861723 0.142781 1 0 1.000000
0  -0.849326 4.177410 -17.261627  -0.789766 0.604300 -0.105313  0.866153 0.149570 1 0 1.000000
Material_0
0  -0.849326 4.177410 -17.261627  -0.789766 0.604300 -0.105313  0.866153 0.149570 1 0 1.000000
0  -0.924989 3.640441 -18.105333  -0.740974 0.521273 -0.423358  0.861723 0.142781 1 0 1.000000
0  -0.933019 4.017702 -17.399149  -0.883800 0.437051 -0.166986  0.864917 0.148085 1 0 1.000000
Material_0
0  -0.924989 3.640441 -18.105333  -0.740974 0.521273 -0.423358  0.861723 0.142781 1 0 1.000000
0  -1.114766 3.058937 -18.105333  -0.994057 0.063328 -0.088540  0.860384 0.138962 1 0 1.000000
0  -0.933019 4.017702 -17.399149  -0.883800 0.437051 -0.166986  0.864917 0.148085 1 0 1.000000
Material_0
0  -0.933019 4.017702 -17.399149  -0.883800 0.437051 -0.166986  0.864917 0.148085 1 0 1.000000
0  -1.114766 3.058937 -18.105333  -0.994057 0.063328 -0.088540  0.860384 0.138962 1 0 1.000000
0  -1.122795 3.016450 -17.401009  -0.997949 0.063327 0.009414  0.863578 0.141189 1 0 1.000000
Material_0
0  -1.114766 3.058937 -18.105333  -0.994057 0.063328 -0.088540  0.860384 0.138962 1 0 1.000000
0  -1.122641 2.167741 -18.103472  -0.992078 -0.111199 -0.058452  0.860281 0.132384 1 0 1.000000
0  -1.122795 3.016450 -17.401009  -0.997949 0.063327 0.009414  0.863578 0.141189 1 0 1.000000
Material_0
0  -1.122795 3.016450 -17.401009  -0.997949 0.063327 0.009414  0.863578 0.141189 1 0 1.000000
0  -1.122641 2.167741 -18.103472  -0.992078 -0.111199 -0.058452  0.860281 0.132384 1 0 1.000000
0  -1.122641 2.167742 -17.263485  -0.994271 -0.106868 0.001884  0.864196 0.135355 1 0 1.000000
Material_0
0  -1.122641 2.167741 -18.103472  -0.992078 -0.111199 -0.058452  0.860281 0.132384 1 0 1.000000
0  -0.968843 1.624629 -18.103472  -0.970636 -0.235886 -0.047149  0.861414 0.128035 1 0 1.000000
0  -1.122641 2.167742 -17.263485  -0.994271 -0.106868 0.001884  0.864196 0.135355 1 0 1.000000
Material_0
0  -1.122641 2.167742 -17.263485  -0.994271 -0.106868 0.001884  0.864196 0.135355 1 0 1.000000
0  -0.968843 1.624629 -18.103472  -0.970636 -0.235886 -0.047149  0.861414 0.128035 1 0 1.000000
0  -0.968843 1.624629 -17.263485  -0.970744 -0.240116 0.000007  0.865329 0.131005 1 0 1.000000
Material_0
0  -0.968843 1.624629 -18.103472  -0.970636 -0.235886 -0.047149  0.861414 0.128035 1 0 1.000000
0  -0.939813 1.417315 -17.261625  -0.999997 0.002151 -0.000682  0.865535 0.129414 1 0 1.000000
0  -0.968843 1.624629 -17.263485  -0.970744 -0.240116 0.000007  0.865329 0.131005 1 0 1.000000
Material_0
0  -0.939813 1.417315 -17.261625  -0.999997 0.002151 -0.000682  0.865535 0.129414 1 0 1.000000
0  -0.939967 1.417316 -15.563066  -0.998114 -0.041508 0.045238  0.873467 0.135461 1 0 1.000000
0  -0.968843 1.624629 -17.263485  -0.970744 -0.240116 0.000007  0.865329 0.131005 1 0 1.000000
Material_0
0  -0.939967 1.417316 -15.563066  -0.998114 -0.041508 0.045238  0.873467 0.135461 1 0 1.000000
0  -0.968997 1.625142 -15.563066  -0.970813 -0.235884 0.043361  0.873260 0.137052 1 0 1.000000
0  -0.968843 1.624629 -17.263485  -0.970744 -0.240116 0.000007  0.865329 0.131005 1 0 1.000000
Material_0
0  -0.968843 1.624629 -17.263485  -0.970744 -0.240116 0.000007  0.865329 0.131005 1 0 1.000000
0  -0.968997 1.625142 -15.563066  -0.970813 -0.235884 0.043361  0.873260 0.137052 1 0 1.000000
0  -1.122641 2.167742 -17.263485  -0.994271 -0.106868 0.001884  0.864196 0.135355 1 0 1.000000
Material_0
0  -0.968997 1.625142 -15.563066  -0.970813 -0.235884 0.043361  0.873260 0.137052 1 0 1.000000
0  -1.122640 2.167742 -15.563066  -0.992185 -0.115531 0.047131  0.872127 0.141401 1 0 1.000000
0  -1.122641 2.167742 -17.263485  -0.994271 -0.106868 0.001884  0.864196 0.135355 1 0 1.000000
Material_0
0  -1.122641 2.167742 -17.263485  -0.994271 -0.106868 0.001884  0.864196 0.135355 1 0 1.000000
0  -1.122640 2.167742 -15.563066  -0.992185 -0.115531 0.047131  0.872127 0.141401 1 0 1.000000
0  -1.122795 2.911513 -17.263487  -0.999998 0.002115 -0.000002  0.864196 0.140871 1 0 1.000000
Material_0
0  -1.122640 2.167742 -15.563066  -0.992185 -0.115531 0.047131  0.872127 0.141401 1 0 1.000000
0  -1.122640 2.913049 -15.563067  -0.998114 0.041494 0.045243  0.872127 0.146918 1 0 1.000000
0  -1.122795 2.911513 -17.263487  -0.999998 0.002115 -0.000002  0.864196 0.140871 1 0 1.000000
Material_0
0  -1.122795 2.911513 -17.263487  -0.999998 0.002115 -0.000002  0.864196 0.140871 1 0 1.000000
0  -1.122795 3.016450 -17.401009  -0.997949 0.063327 0.009414  0.863578 0.141189 1 0 1.000000
0  -1.122641 2.167742 -17.263485  -0.994271 -0.106868 0.001884  0.864196 0.135355 1 0 1.000000
Material_0
0  -0.968843 1.624629 -18.103472  -0.970636 -0.235886 -0.047149  0.861414 0.128035 1 0 1.000000
0  -0.939813 1.417315 -18.103472  -0.998113 -0.041502 -0.045247  0.861620 0.126444 1 0 1.000000
0  -0.939813 1.417315 -17.261625  -0.999997 0.002151 -0.000682  0.865535 0.129414 1 0 1.000000
Material_0
0  -0.939813 1.417315 -17.261625  -0.999997 0.002151 -0.000682  0.865535 0.129414 1 0 1.000000
0  -0.939813 1.417315 -18.103472  -0.998113 -0.041502 -0.045247  0.861620 0.126444 1 0 1.000000
0  -0.939967 0.166263 -17.261625  -0.995994 -0.089402 -0.001881  0.865535 0.120185 1 0 1.000000
Material_0
0  -0.939813 1.417315 -18.103472  -0.998113 -0.041502 -0.045247  0.861620 0.126444 1 0 1.000000
0  -0.939813 0.166263 -18.103472  -0.994149 -0.098075 -0.045259  0.861620 0.117215 1 0 1.000000
0  -0.939967 0.166263 -17.261625  -0.995994 -0.089402 -0.001881  0.865535 0.120185 1 0 1.000000
Material_0
0  -0.939813 1.417315 -17.261625  -0.999997 0.002151 -0.000682  0.865535 0.129414 1 0 1.000000
0  -0.939967 0.166263 -17.261625  -0.995994 -0.089402 -0.001881  0.865535 0.120185 1 0 1.000000
0  -0.939967 1.417316 -15.563066  -0.998114 -0.041508 0.045238  0.873467 0.135461 1 0 1.000000
Material_0
0  -0.939967 0.166263 -17.261625  -0.995994 -0.089402 -0.001881  0.865535 0.120185 1 0 1.000000
0  -0.939967 0.166263 -15.563066  -0.994147 -0.098097 0.045258  0.873467 0.126232 1 0 1.000000
0  -0.939967 1.417316 -15.563066  -0.998114 -0.041508 0.045238  0.873467 0.135461 1 0 1.000000
Material_0
0  1.169036 3.640441 -18.105333  0.740986 0.521256 -0.423357  0.876660 0.137901 1 0 1.000000
0  1.177066 4.017702 -17.399149  0.883808 0.437044 -0.166959  0.879956 0.143205 1 0 1.000000
0  1.358967 3.058937 -18.105333  0.994057 0.063342 -0.088531  0.877999 0.133127 1 0 1.000000
Material_0
0  1.177066 4.017702 -17.399149  0.883808 0.437044 -0.166959  0.879956 0.143205 1 0 1.000000
0  1.366842 3.016451 -17.401009  0.997950 0.063310 0.009415  0.881295 0.135355 1 0 1.000000
0  1.358967 3.058937 -18.105333  0.994057 0.063342 -0.088531  0.877999 0.133127 1 0 1.000000
Material_0
0  1.366842 3.016451 -17.401009  0.997950 0.063310 0.009415  0.881295 0.135355 1 0 1.000000
0  1.366842 2.911514 -17.263487  0.999998 0.002185 0.000000  0.882016 0.135036 1 0 1.000000
0  1.358967 3.058937 -18.105333  0.994057 0.063342 -0.088531  0.877999 0.133127 1 0 1.000000
Material_0
0  1.358967 3.058937 -18.105333  0.994057 0.063342 -0.088531  0.877999 0.133127 1 0 1.000000
0  1.366842 2.911514 -17.263487  0.999998 0.002185 0.000000  0.882016 0.135036 1 0 1.000000
0  1.366842 2.167742 -18.103472  0.992078 -0.111204 -0.058445  0.877999 0.126550 1 0 1.000000
Material_0
0  1.366842 2.167742 -18.103472  0.992078 -0.111204 -0.058445  0.877999 0.126550 1 0 1.000000
0  1.366842 2.911514 -17.263487  0.999998 0.002185 0.000000  0.882016 0.135036 1 0 1.000000
0  1.366842 2.167742 -17.263485  0.994273 -0.106853 0.001885  0.882016 0.129626 1 0 1.000000
Material_0
0  1.366842 2.911514 -17.263487  0.999998 0.002185 0.000000  0.882016 0.135036 1 0 1.000000
0  1.366842 2.913050 -15.563067  0.998115 0.041474 0.045235  0.889845 0.141189 1 0 1.000000
0  1.366842 2.167742 -17.263485  0.994273 -0.106853 0.001885  0.882016 0.129626 1 0 1.000000
Material_0
0  1.366842 2.913050 -15.563067  0.998115 0.041474 0.045235  0.889845 0.141189 1 0 1.000000
0  1.366843 2.167742 -15.563066  0.992185 -0.115525 0.047156  0.889845 0.135673 1 0 1.000000
0  1.366842 2.167742 -17.263485  0.994273 -0.106853 0.001885  0.882016 0.129626 1 0 1.000000
Material_0
0  1.366842 2.167742 -17.263485  0.994273 -0.106853 0.001885  0.882016 0.129626 1 0 1.000000
0  1.366843 2.167742 -15.563066  0.992185 -0.115525 0.047156  0.889845 0.135673 1 0 1.000000
0  1.212890 1.624630 -17.263485  0.970743 -0.240122 0.000011  0.880883 0.125913 1 0 1.000000
Material_0
0  1.366843 2.167742 -15.563066  0.992185 -0.115525 0.047156  0.889845 0.135673 1 0 1.000000
0  1.212891 1.625142 -15.563066  0.970815 -0.235876 0.043363  0.888815 0.131960 1 0 1.000000
0  1.212890 1.624630 -17.263485  0.970743 -0.240122 0.000011  0.880883 0.125913 1 0 1.000000
Material_0
0  1.212890 1.624630 -17.263485  0.970743 -0.240122 0.000011  0.880883 0.125913 1 0 1.000000
0  1.212891 1.625142 -15.563066  0.970815 -0.235876 0.043363  0.888815 0.131960 1 0 1.000000
0  1.183860 1.417316 -17.263485  0.999998 0.002147 0.000009  0.880677 0.124428 1 0 1.000000
Material_0
0  1.212891 1.625142 -15.563066  0.970815 -0.235876 0.043363  0.888815 0.131960 1 0 1.000000
0  1.183861 1.417316 -15.563066  0.998113 -0.041504 0.045249  0.888609 0.130581 1 0 1.000000
0  1.183860 1.417316 -17.263485  0.999998 0.002147 0.000009  0.880677 0.124428 1 0 1.000000
Material_0
0  1.183860 1.417316 -17.263485  0.999998 0.002147 0.000009  0.880677 0.124428 1 0 1.000000
0  1.183861 1.417316 -15.563066  0.998113 -0.041504 0.045249  0.888609 0.130581 1 0 1.000000
0  1.183860 0.166264 -17.261625  0.995997 -0.089362 -0.001881  0.880677 0.115199 1 0 1.000000
Material_0
0  1.183861 1.417316 -15.563066  0.998113 -0.041504 0.045249  0.888609 0.130581 1 0 1.000000
0  1.183861 0.166264 -15.563066  0.994147 -0.098090 0.045272  0.888609 0.121352 1 0 1.000000
0  1.183860 0.166264 -17.261625  0.995997 -0.089362 -0.001881  0.880677 0.115199 1 0 1.000000
Material_0
0  1.183860 0.166264 -17.261625  0.995997 -0.089362 -0.001881  0.880677 0.115199 1 0 1.000000
0  1.183860 0.166264 -18.103472  0.994147 -0.098097 -0.045258  0.876763 0.112229 1 0 1.000000
0  1.183860 1.417316 -17.263485  0.999998 0.002147 0.000009  0.880677 0.124428 1 0 1.000000
Material_0
0  1.183860 0.166264 -18.103472  0.994147 -0.098097 -0.045258  0.876763 0.112229 1 0 1.000000
0  1.183860 1.417315 -18.103472  0.998114 -0.041506 -0.045227  0.876763 0.121458 1 0 1.000000
0  1.183860 1.417316 -17.263485  0.999998 0.002147 0.000009  0.880677 0.124428 1 0 1.000000
Material_0
0  1.183860 1.417316 -17.263485  0.999998 0.002147 0.000009  0.880677 0.124428 1 0 1.000000
0  1.183860 1.417315 -18.103472  0.998114 -0.041506 -0.045227  0.876763 0.121458 1 0 1.000000
0  1.212890 1.624630 -17.263485  0.970743 -0.240122 0.000011  0.880883 0.125913 1 0 1.000000
Material_0
0  1.183860 1.417315 -18.103472  0.998114 -0.041506 -0.045227  0.876763 0.121458 1 0 1.000000
0  1.212890 1.624630 -18.103472  0.970635 -0.235887 -0.047157  0.876969 0.122943 1 0 1.000000
0  1.212890 1.624630 -17.263485  0.970743 -0.240122 0.000011  0.880883 0.125913 1 0 1.000000
Material_0
0  1.212890 1.624630 -17.263485  0.970743 -0.240122 0.000011  0.880883 0.125913 1 0 1.000000
0  1.212890 1.624630 -18.103472  0.970635 -0.235887 -0.047157  0.876969 0.122943 1 0 1.000000
0  1.366842 2.167742 -17.263485  0.994273 -0.106853 0.001885  0.882016 0.129626 1 0 1.000000
Material_0
0  1.212890 1.624630 -18.103472  0.970635 -0.235887 -0.047157  0.876969 0.122943 1 0 1.000000
0  1.366842 2.167742 -18.103472  0.992078 -0.111204 -0.058445  0.877999 0.126550 1 0 1.000000
0  1.366842 2.167742 -17.263485  0.994273 -0.106853 0.001885  0.882016 0.129626 1 0 1.000000
Material_0
0  -0.808714 0.061327 -15.563066  -0.052528 -0.997854 0.039104  0.874394 0.125171 1 0 1.000000
0  -0.808714 0.061326 -17.261625  -0.052341 -0.998627 0.001913  0.866462 0.119124 1 0 1.000000
0  1.052608 0.061327 -15.563066  0.052528 -0.997854 0.039104  0.887682 0.120821 1 0 1.000000
Material_0
0  1.052608 0.061327 -15.563066  0.052528 -0.997854 0.039104  0.887682 0.120821 1 0 1.000000
0  -0.808714 0.061326 -17.261625  -0.052341 -0.998627 0.001913  0.866462 0.119124 1 0 1.000000
0  1.052607 0.061327 -17.261625  0.052342 -0.998627 0.001913  0.879750 0.114775 1 0 1.000000
Material_0
0  -0.808714 0.061326 -17.261625  -0.052341 -0.998627 0.001913  0.866462 0.119124 1 0 1.000000
0  -0.808714 0.060814 -18.103472  -0.052501 -0.997855 -0.039090  0.862547 0.116154 1 0 1.000000
0  1.052607 0.061327 -17.261625  0.052342 -0.998627 0.001913  0.879750 0.114775 1 0 1.000000
Material_0
0  1.052607 0.061327 -17.261625  0.052342 -0.998627 0.001913  0.879750 0.114775 1 0 1.000000
0  -0.808714 0.060814 -18.103472  -0.052501 -0.997855 -0.039090  0.862547 0.116154 1 0 1.000000
0  1.052607 0.060815 -18.103472  0.052507 -0.997855 -0.039083  0.875836 0.111804 1 0 1.000000
Material_0
0  1.308164 3.106543 -17.226318  0.834655 0.550769 0.001871  0.881707 0.136734 1 0 1.000000
0  1.034540 3.525266 -17.057207  0.834635 0.550801 0.001890  0.880574 0.141083 1 0 1.000000
0  1.305848 3.111151 -15.563067  0.834674 0.550742 0.001852  0.889433 0.142781 1 0 1.000000
Material_0
0  1.305848 3.111151 -15.563067  0.834674 0.550742 0.001852  0.889433 0.142781 1 0 1.000000
0  1.034540 3.525266 -17.057207  0.834635 0.550801 0.001890  0.880574 0.141083 1 0 1.000000
0  1.034541 3.525267 -15.561210  0.834635 0.550800 0.001890  0.887579 0.146493 1 0 1.000000
Material_0
0  -0.808714 0.166263 -18.233561  -0.022636 0.002178 -0.999741  0.861929 0.116472 1 0 1.000000
0  -0.808560 1.522252 -18.235418  -0.015084 0.002181 -0.999884  0.861929 0.126444 1 0 1.000000
0  1.052607 0.166264 -18.233561  0.022636 0.002179 -0.999741  0.875218 0.112123 1 0 1.000000
Material_0
0  1.052607 0.166264 -18.233561  0.022636 0.002179 -0.999741  0.875218 0.112123 1 0 1.000000
0  -0.808560 1.522252 -18.235418  -0.015084 0.002181 -0.999884  0.861929 0.126444 1 0 1.000000
0  1.052607 1.522252 -18.235418  0.015083 0.002184 -0.999884  0.875218 0.122094 1 0 1.000000
Material_0
0  1.052607 1.522252 -18.235418  0.015083 0.002184 -0.999884  0.875218 0.122094 1 0 1.000000
0  -0.808560 1.522252 -18.235418  -0.015084 0.002181 -0.999884  0.861929 0.126444 1 0 1.000000
0  1.235589 2.179515 -18.235418  0.022663 0.002187 -0.999741  0.876454 0.126550 1 0 1.000000
Material_0
0  -0.808560 1.522252 -18.235418  -0.015084 0.002181 -0.999884  0.861929 0.126444 1 0 1.000000
0  -0.991542 3.015938 -18.235420  -0.015087 0.002182 -0.999884  0.860590 0.137901 1 0 1.000000
0  1.235589 2.179515 -18.235418  0.022663 0.002187 -0.999741  0.876454 0.126550 1 0 1.000000
Material_0
0  1.235589 2.179515 -18.235418  0.022663 0.002187 -0.999741  0.876454 0.126550 1 0 1.000000
0  -0.991542 3.015938 -18.235420  -0.015087 0.002182 -0.999884  0.860590 0.137901 1 0 1.000000
0  1.235589 3.015939 -18.235420  0.015087 0.002180 -0.999884  0.876454 0.132703 1 0 1.000000
Material_0
0  1.235589 3.015939 -18.235420  0.015087 0.002180 -0.999884  0.876454 0.132703 1 0 1.000000
0  -0.991542 3.015938 -18.235420  -0.015087 0.002182 -0.999884  0.860590 0.137901 1 0 1.000000
0  1.048901 3.533969 -18.235420  0.015087 0.002182 -0.999884  0.875218 0.136946 1 0 1.000000
Material_0
0  -0.991542 3.015938 -18.235420  -0.015087 0.002182 -0.999884  0.860590 0.137901 1 0 1.000000
0  -0.252974 4.160518 -18.235420  -0.007552 0.002185 -0.999969  0.865844 0.144584 1 0 1.000000
0  1.048901 3.533969 -18.235420  0.015087 0.002182 -0.999884  0.875218 0.136946 1 0 1.000000
Material_0
0  1.048901 3.533969 -18.235420  0.015087 0.002182 -0.999884  0.875218 0.136946 1 0 1.000000
0  -0.252974 4.160518 -18.235420  -0.007552 0.002185 -0.999969  0.865844 0.144584 1 0 1.000000
0  0.497175 4.160518 -18.235420  0.007552 0.002185 -0.999969  0.871200 0.142887 1 0 1.000000
Material_0
0  -0.991388 2.179515 -18.235418  -0.022664 0.002182 -0.999741  0.860590 0.131748 1 0 1.000000
0  -0.991542 3.015938 -18.235420  -0.015087 0.002182 -0.999884  0.860590 0.137901 1 0 1.000000
0  -0.808560 1.522252 -18.235418  -0.015084 0.002181 -0.999884  0.861929 0.126444 1 0 1.000000
Material_0
0  -0.804700 3.533968 -18.235420  -0.015087 0.002182 -0.999884  0.861929 0.141295 1 0 1.000000
0  -0.252974 4.160518 -18.235420  -0.007552 0.002185 -0.999969  0.865844 0.144584 1 0 1.000000
0  -0.991542 3.015938 -18.235420  -0.015087 0.002182 -0.999884  0.860590 0.137901 1 0 1.000000
Material_0
0  1.052608 0.166264 -15.421830  0.022664 0.002185 0.999741  0.888300 0.122094 1 0 1.000000
0  1.052608 1.522765 -15.421830  0.015071 0.002180 0.999884  0.888300 0.132066 1 0 1.000000
0  -0.808714 0.166264 -15.421830  -0.022664 0.002185 0.999741  0.875012 0.126444 1 0 1.000000
Material_0
0  -0.808714 0.166264 -15.421830  -0.022664 0.002185 0.999741  0.875012 0.126444 1 0 1.000000
0  1.052608 1.522765 -15.421830  0.015071 0.002180 0.999884  0.888300 0.132066 1 0 1.000000
0  -0.808714 1.522764 -15.421830  -0.015086 0.002181 0.999884  0.875012 0.136522 1 0 1.000000
Material_0
0  -0.808714 1.522764 -15.421830  -0.015086 0.002181 0.999884  0.875012 0.136522 1 0 1.000000
0  1.052608 1.522765 -15.421830  0.015071 0.002180 0.999884  0.888300 0.132066 1 0 1.000000
0  -0.991387 2.179515 -15.421830  -0.022618 0.002182 0.999742  0.873776 0.141720 1 0 1.000000
Material_0
0  1.052608 1.522765 -15.421830  0.015071 0.002180 0.999884  0.888300 0.132066 1 0 1.000000
0  -0.652909 3.508886 -15.419972  -0.015071 0.002179 0.999884  0.876145 0.150737 1 0 1.000000
0  -0.991387 2.179515 -15.421830  -0.022618 0.002182 0.999742  0.873776 0.141720 1 0 1.000000
Material_0
0  -0.991387 2.179515 -15.421830  -0.022618 0.002182 0.999742  0.873776 0.141720 1 0 1.000000
0  -0.652909 3.508886 -15.419972  -0.015071 0.002179 0.999884  0.876145 0.150737 1 0 1.000000
0  -0.991387 2.992392 -15.421832  -0.022659 0.002187 0.999741  0.873776 0.147766 1 0 1.000000
Material_0
0  -0.652909 3.508886 -15.419972  -0.015071 0.002179 0.999884  0.876145 0.150737 1 0 1.000000
0  1.052608 1.522765 -15.421830  0.015071 0.002180 0.999884  0.888300 0.132066 1 0 1.000000
0  -0.785707 4.067355 -15.419972  -0.015070 0.002180 0.999884  0.875218 0.155192 1 0 1.000000
Material_0
0  -0.785707 4.067355 -15.419972  -0.015070 0.002180 0.999884  0.875218 0.155192 1 0 1.000000
0  1.052608 1.522765 -15.421830  0.015071 0.002180 0.999884  0.888300 0.132066 1 0 1.000000
0  0.896957 3.508886 -15.419972  0.015090 0.002185 0.999884  0.887270 0.147130 1 0 1.000000
Material_0
0  0.896957 3.508886 -15.419972  0.015090 0.002185 0.999884  0.887270 0.147130 1 0 1.000000
0  1.052608 1.522765 -15.421830  0.015071 0.002180 0.999884  0.888300 0.132066 1 0 1.000000
0  1.235590 2.992393 -15.421832  0.022638 0.002182 0.999741  0.889639 0.142568 1 0 1.000000
Material_0
0  1.052608 1.522765 -15.421830  0.015071 0.002180 0.999884  0.888300 0.132066 1 0 1.000000
0  1.235590 2.179516 -15.421830  0.022651 0.002187 0.999741  0.889639 0.136522 1 0 1.000000
0  1.235590 2.992393 -15.421832  0.022638 0.002182 0.999741  0.889639 0.142568 1 0 1.000000
Material_0
0  1.029754 4.067355 -15.419972  0.015087 0.002182 0.999884  0.888197 0.150949 1 0 1.000000
0  0.497175 4.671893 -15.419972  0.007552 0.002184 0.999969  0.884386 0.156677 1 0 1.000000
0  0.896957 3.508886 -15.419972  0.015090 0.002185 0.999884  0.887270 0.147130 1 0 1.000000
Material_0
0  0.896957 3.508886 -15.419972  0.015090 0.002185 0.999884  0.887270 0.147130 1 0 1.000000
0  0.497175 4.671893 -15.419972  0.007552 0.002184 0.999969  0.884386 0.156677 1 0 1.000000
0  -0.785707 4.067355 -15.419972  -0.015070 0.002180 0.999884  0.875218 0.155192 1 0 1.000000
Material_0
0  0.497175 4.671893 -15.419972  0.007552 0.002184 0.999969  0.884386 0.156677 1 0 1.000000
0  -0.252974 4.671893 -15.419972  -0.007553 0.002181 0.999969  0.879029 0.158375 1 0 1.000000
0  -0.785707 4.067355 -15.419972  -0.015070 0.002180 0.999884  0.875218 0.155192 1 0 1.000000
Material_0
0  -0.790339 3.525266 -15.561210  -0.834667 0.550751 0.001857  0.874497 0.150737 1 0 1.000000
0  -0.790494 3.525266 -17.057207  -0.834617 0.550827 0.001907  0.867595 0.145326 1 0 1.000000
0  -1.061801 3.111150 -15.563067  -0.834663 0.550757 0.001862  0.872539 0.148297 1 0 1.000000
Material_0
0  -0.790494 3.525266 -17.057207  -0.834617 0.550827 0.001907  0.867595 0.145326 1 0 1.000000
0  -1.063963 3.106542 -17.226318  -0.834633 0.550802 0.001892  0.864814 0.142356 1 0 1.000000
0  -1.061801 3.111150 -15.563067  -0.834663 0.550757 0.001862  0.872539 0.148297 1 0 1.000000
Material_0
0  -0.900591 3.988012 -15.561210  -0.972799 -0.231644 -0.001817  0.873776 0.154344 1 0 1.000000
0  -0.901364 3.991595 -17.226318  -0.972802 -0.231632 -0.001833  0.865947 0.148509 1 0 1.000000
0  -0.790339 3.525266 -15.561210  -0.972800 -0.231639 -0.001890  0.874497 0.150737 1 0 1.000000
Material_0
0  -0.901364 3.991595 -17.226318  -0.972802 -0.231632 -0.001833  0.865947 0.148509 1 0 1.000000
0  -0.790494 3.525266 -17.057207  -0.972798 -0.231646 -0.001924  0.867595 0.145326 1 0 1.000000
0  -0.790339 3.525266 -15.561210  -0.972800 -0.231639 -0.001890  0.874497 0.150737 1 0 1.000000
Material_0
0  -0.349638 3.446948 -14.375563  -0.879574 -0.475761 -0.000122  0.457203 0.604454 1 0 1.000000
0  -0.579562 3.872326 -14.375563  -0.962954 -0.269658 -0.001868  0.457203 0.611137 1 0 1.000000
0  -0.348557 3.445924 -15.302896  -0.879527 -0.475849 0.000005  0.447314 0.604454 1 0 1.000000
Material_0
0  -0.348557 3.445924 -15.302896  -0.879527 -0.475849 0.000005  0.447314 0.604454 1 0 1.000000
0  -0.579562 3.872326 -14.375563  -0.962954 -0.269658 -0.001868  0.457203 0.611137 1 0 1.000000
0  -0.579099 3.871814 -14.901484  -0.927795 -0.373091 0.000005  0.450817 0.608167 1 0 1.000000
Material_0
0  -0.579562 3.872326 -14.375563  -0.962954 -0.269658 -0.001868  0.457203 0.611137 1 0 1.000000
0  -0.602879 4.397522 -14.377421  -0.997992 -0.063309 0.001886  0.457203 0.614850 1 0 1.000000
0  -0.579099 3.871814 -14.901484  -0.927795 -0.373091 0.000005  0.450817 0.608167 1 0 1.000000
Material_0
0  -0.350101 3.448484 -13.189916  -0.879530 -0.475844 -0.000350  0.467092 0.604454 1 0 1.000000
0  -0.579407 3.872326 -13.191774  -0.962955 -0.269656 -0.001859  0.467092 0.611137 1 0 1.000000
0  -0.349174 3.447460 -14.124681  -0.879536 -0.475832 0.000146  0.457203 0.604454 1 0 1.000000
Material_0
0  -0.349174 3.447460 -14.124681  -0.879536 -0.475832 0.000146  0.457203 0.604454 1 0 1.000000
0  -0.579407 3.872326 -13.191774  -0.962955 -0.269656 -0.001859  0.467092 0.611137 1 0 1.000000
0  -0.578944 3.871814 -13.725129  -0.927798 -0.373082 0.000017  0.460705 0.608167 1 0 1.000000
Material_0
0  -0.579407 3.872326 -13.191774  -0.962955 -0.269656 -0.001859  0.467092 0.611137 1 0 1.000000
0  -0.603342 4.398546 -13.191775  -0.997994 -0.063279 0.001881  0.467092 0.614850 1 0 1.000000
0  -0.578944 3.871814 -13.725129  -0.927798 -0.373082 0.000017  0.460705 0.608167 1 0 1.000000
Material_0
0  -0.350718 3.450020 -12.013561  -0.879613 -0.475690 -0.000488  0.476981 0.604454 1 0 1.000000
0  -0.579098 3.872327 -12.015419  -0.962958 -0.269644 -0.001835  0.476981 0.611137 1 0 1.000000
0  -0.349637 3.448996 -12.963194  -0.879531 -0.475842 0.000175  0.467092 0.604454 1 0 1.000000
Material_0
0  -0.349637 3.448996 -12.963194  -0.879531 -0.475842 0.000175  0.467092 0.604454 1 0 1.000000
0  -0.579098 3.872327 -12.015419  -0.962958 -0.269644 -0.001835  0.476981 0.611137 1 0 1.000000
0  -0.578635 3.871815 -12.563642  -0.927797 -0.373086 -0.000003  0.470594 0.608167 1 0 1.000000
Material_0
0  -0.579098 3.872327 -12.015419  -0.962958 -0.269644 -0.001835  0.476981 0.611137 1 0 1.000000
0  -0.603959 4.400082 -12.015420  -0.997993 -0.063300 0.001883  0.476981 0.614850 1 0 1.000000
0  -0.578635 3.871815 -12.563642  -0.927797 -0.373086 -0.000003  0.470594 0.608167 1 0 1.000000
Material_0
0  -0.351027 3.451555 -10.816764  -0.879293 -0.476282 -0.000186  0.486767 0.604454 1 0 1.000000
0  -0.578944 3.872326 -10.816764  -0.962943 -0.269698 -0.001873  0.486767 0.611137 1 0 1.000000
0  -0.350255 3.450531 -11.844448  -0.879340 -0.476195 -0.000232  0.476981 0.604454 1 0 1.000000
Material_0
0  -0.350255 3.450531 -11.844448  -0.879340 -0.476195 -0.000232  0.476981 0.604454 1 0 1.000000
0  -0.578944 3.872326 -10.816764  -0.962943 -0.269698 -0.001873  0.486767 0.611137 1 0 1.000000
0  -0.578480 3.871815 -11.389145  -0.926160 -0.377127 0.001885  0.480483 0.608167 1 0 1.000000
Material_0
0  -0.578944 3.872326 -10.816764  -0.962943 -0.269698 -0.001873  0.486767 0.611137 1 0 1.000000
0  -0.604422 4.401618 -10.818624  -0.997992 -0.063316 0.001887  0.486767 0.614850 1 0 1.000000
0  -0.578480 3.871815 -11.389145  -0.926160 -0.377127 0.001885  0.480483 0.608167 1 0 1.000000
Material_0
0  -1.022115 -0.372753 -11.734803  -0.999998 0.002205 0.000000  0.482029 0.573053 1 0 1.000000
0  -1.022115 1.355378 -12.920450  -0.999998 0.002074 0.000001  0.471316 0.588011 1 0 1.000000
0  -1.022115 0.838884 -13.398053  -0.999998 0.002205 0.000000  0.467092 0.583555 1 0 1.000000
Material_0
0  -1.022115 0.838884 -13.398053  -0.999998 0.002205 0.000000  0.467092 0.583555 1 0 1.000000
0  -1.022115 1.355378 -12.920450  -0.999998 0.002074 0.000001  0.471316 0.588011 1 0 1.000000
0  -1.022115 1.355378 -13.398054  -0.999997 0.002333 0.000000  0.467092 0.588329 1 0 1.000000
Material_0
0  -1.022115 1.355378 -13.398054  -0.999997 0.002333 0.000000  0.467092 0.588329 1 0 1.000000
0  -1.022115 1.355378 -12.920450  -0.999998 0.002074 0.000001  0.471316 0.588011 1 0 1.000000
0  -1.019491 1.918453 -13.399912  -0.999998 0.002203 0.000031  0.467092 0.593952 1 0 1.000000
Material_0
0  -1.022115 1.355378 -12.920450  -0.999998 0.002074 0.000001  0.471316 0.588011 1 0 1.000000
0  -1.019490 1.919989 -12.387095  -0.999998 0.002193 -0.000000  0.476981 0.593952 1 0 1.000000
0  -1.019491 1.918453 -13.399912  -0.999998 0.002203 0.000031  0.467092 0.593952 1 0 1.000000
Material_0
0  -1.019490 1.919989 -12.387095  -0.999998 0.002193 -0.000000  0.476981 0.593952 1 0 1.000000
0  -0.987218 2.959632 -13.669378  -0.968601 0.248590 -0.003762  0.464208 0.600741 1 0 1.000000
0  -1.019491 1.918453 -13.399912  -0.999998 0.002203 0.000031  0.467092 0.593952 1 0 1.000000
Material_0
0  -1.019491 1.918453 -13.399912  -0.999998 0.002203 0.000031  0.467092 0.593952 1 0 1.000000
0  -0.987218 2.959632 -13.669378  -0.968601 0.248590 -0.003762  0.464208 0.600741 1 0 1.000000
0  -0.987218 2.958096 -14.628302  -0.752618 0.658454 0.001843  0.454319 0.600741 1 0 1.000000
Material_0
0  -0.987218 2.959632 -13.669378  -0.968601 0.248590 -0.003762  0.464208 0.600741 1 0 1.000000
0  -0.349638 3.446948 -14.375563  -0.609508 0.792780 0.000024  0.457203 0.604454 1 0 1.000000
0  -0.987218 2.958096 -14.628302  -0.752618 0.658454 0.001843  0.454319 0.600741 1 0 1.000000
Material_0
0  -0.987218 2.958096 -14.628302  -0.752618 0.658454 0.001843  0.454319 0.600741 1 0 1.000000
0  -0.349638 3.446948 -14.375563  -0.609508 0.792780 0.000024  0.457203 0.604454 1 0 1.000000
0  -0.348557 3.445924 -15.302896  -0.609462 0.792816 -0.000026  0.447314 0.604454 1 0 1.000000
Material_0
0  -1.019490 1.939441 -9.976776  -0.999997 0.002214 -0.000000  0.486767 0.595967 1 0 1.000000
0  -0.987218 2.968334 -11.290651  -0.970739 0.240138 -0.000008  0.480483 0.601377 1 0 1.000000
0  -1.019490 1.922037 -10.920834  -0.999997 0.002192 0.000001  0.486767 0.593952 1 0 1.000000
Material_0
0  -1.019490 1.922037 -10.920834  -0.999997 0.002192 0.000001  0.486767 0.593952 1 0 1.000000
0  -0.987218 2.968334 -11.290651  -0.970739 0.240138 -0.000008  0.480483 0.601377 1 0 1.000000
0  -0.987218 2.961167 -12.238425  -0.746894 0.664935 -0.003413  0.474097 0.600741 1 0 1.000000
Material_0
0  -0.987218 2.968334 -11.290651  -0.970739 0.240138 -0.000008  0.480483 0.601377 1 0 1.000000
0  -0.350718 3.450020 -12.013561  -0.609483 0.792799 -0.000001  0.476981 0.604454 1 0 1.000000
0  -0.987218 2.961167 -12.238425  -0.746894 0.664935 -0.003413  0.474097 0.600741 1 0 1.000000
Material_0
0  -0.987218 2.961167 -12.238425  -0.746894 0.664935 -0.003413  0.474097 0.600741 1 0 1.000000
0  -0.350718 3.450020 -12.013561  -0.609483 0.792799 -0.000001  0.476981 0.604454 1 0 1.000000
0  -0.349637 3.448996 -12.963194  -0.609476 0.792805 -0.000015  0.467092 0.604454 1 0 1.000000
Material_0
0  -1.022115 0.840931 -12.123204  -0.999998 0.002205 0.000000  0.476981 0.583555 1 0 1.000000
0  -1.022115 1.355378 -11.641885  -0.999998 0.002210 0.000000  0.481307 0.588117 1 0 1.000000
0  -1.022115 1.355378 -12.123205  -0.999997 0.002325 -0.000002  0.476981 0.588117 1 0 1.000000
Material_0
0  -1.022115 1.355378 -11.641885  -0.999998 0.002210 0.000000  0.481307 0.588117 1 0 1.000000
0  -1.019490 1.921525 -11.160564  -0.999998 0.002209 -0.000001  0.486767 0.593952 1 0 1.000000
0  -1.022115 1.355378 -12.123205  -0.999997 0.002325 -0.000002  0.476981 0.588117 1 0 1.000000
Material_0
0  -1.022115 1.355378 -12.123205  -0.999997 0.002325 -0.000002  0.476981 0.588117 1 0 1.000000
0  -1.019490 1.921525 -11.160564  -0.999998 0.002209 -0.000001  0.486767 0.593952 1 0 1.000000
0  -1.019490 1.919989 -12.125064  -0.999998 0.002172 0.000028  0.476981 0.593952 1 0 1.000000
Material_0
0  -1.019490 1.921525 -11.160564  -0.999998 0.002209 -0.000001  0.486767 0.593952 1 0 1.000000
0  -0.987218 2.961167 -12.470722  -0.970741 0.240130 0.000000  0.474097 0.600741 1 0 1.000000
0  -1.019490 1.919989 -12.125064  -0.999998 0.002172 0.000028  0.476981 0.593952 1 0 1.000000
Material_0
0  -1.019490 1.919989 -12.125064  -0.999998 0.002172 0.000028  0.476981 0.593952 1 0 1.000000
0  -0.987218 2.961167 -12.470722  -0.970741 0.240130 0.000000  0.474097 0.600741 1 0 1.000000
0  -0.987218 2.959631 -13.414780  -0.746868 0.664962 -0.003687  0.464208 0.600741 1 0 1.000000
Material_0
0  -0.987218 2.961167 -12.470722  -0.970741 0.240130 0.000000  0.474097 0.600741 1 0 1.000000
0  -0.350101 3.448484 -13.189916  -0.609402 0.792861 -0.000108  0.467092 0.604454 1 0 1.000000
0  -0.987218 2.959631 -13.414780  -0.746868 0.664962 -0.003687  0.464208 0.600741 1 0 1.000000
Material_0
0  -0.987218 2.959631 -13.414780  -0.746868 0.664962 -0.003687  0.464208 0.600741 1 0 1.000000
0  -0.350101 3.448484 -13.189916  -0.609402 0.792861 -0.000108  0.467092 0.604454 1 0 1.000000
0  -0.349174 3.447460 -14.124681  -0.609468 0.792811 -0.000023  0.457203 0.604454 1 0 1.000000
Material_0
0  -0.980269 2.083281 -15.024137  -0.988584 -0.150089 -0.013191  0.529413 0.112971 1 0 1.000000
0  -0.980268 2.083282 -5.572415  -0.988625 -0.150106 0.009437  0.529413 0.112971 1 0 1.000000
0  -0.987836 2.906395 -15.024138  -0.992201 0.124136 -0.011308  0.550118 0.112971 1 0 1.000000
Material_0
0  -0.987836 2.906395 -15.024138  -0.992201 0.124136 -0.011308  0.550118 0.112971 1 0 1.000000
0  -0.980268 2.083282 -5.572415  -0.988625 -0.150106 0.009437  0.529413 0.112971 1 0 1.000000
0  -0.987834 2.906396 -5.572415  -0.992201 0.124135 0.011308  0.550118 0.112971 1 0 1.000000
Material_0
0  1.222775 2.083282 -5.572415  0.988624 -0.150112 0.009426  0.529413 0.112971 1 0 1.000000
0  1.222773 2.083281 -15.024137  0.988584 -0.150092 -0.013197  0.529413 0.112971 1 0 1.000000
0  1.231731 2.906397 -5.572415  0.992201 0.124131 0.011312  0.550118 0.112971 1 0 1.000000
Material_0
0  1.231731 2.906397 -5.572415  0.992201 0.124131 0.011312  0.550118 0.112971 1 0 1.000000
0  1.222773 2.083281 -15.024137  0.988584 -0.150092 -0.013197  0.529413 0.112971 1 0 1.000000
0  1.231729 2.906395 -15.024138  0.992201 0.124131 -0.011313  0.550118 0.112971 1 0 1.000000
Material_0
0  -0.740462 1.572418 -10.080846  -0.999998 0.002205 0.000000  0.899322 0.155404 1 0 1.000000
0  -0.740462 1.572418 -10.233232  -0.999998 0.002205 0.000000  0.885725 0.155404 1 0 1.000000
0  -0.740461 -0.729538 -9.527047  -0.999998 0.002205 -0.000000  0.896438 0.131430 1 0 1.000000
Material_0
0  -0.740461 -0.729538 -9.527047  -0.999998 0.002205 -0.000000  0.896438 0.131430 1 0 1.000000
0  -0.740462 1.572418 -10.233232  -0.999998 0.002205 0.000000  0.885725 0.155404 1 0 1.000000
0  -0.740461 -0.915865 -10.233232  -0.999998 0.002205 -0.000000  0.885004 0.131430 1 0 1.000000
Material_0
0  -0.740462 1.572418 -10.080846  -0.000000 1.000000 -0.000002  0.899322 0.155404 1 0 1.000000
0  0.121639 1.572418 -10.080846  -0.000000 1.000000 -0.000002  0.900043 0.144478 1 0 1.000000
0  -0.740462 1.572418 -10.233232  -0.000000 1.000000 -0.000002  0.885725 0.155404 1 0 1.000000
Material_0
0  -0.740462 1.572418 -10.233232  -0.000000 1.000000 0.000001  0.885725 0.155404 1 0 1.000000
0  0.121639 1.572418 -10.080846  -0.000000 1.000000 0.000001  0.900043 0.144478 1 0 1.000000
0  0.121639 1.572418 -10.233232  -0.000000 1.000000 0.000001  0.886240 0.148085 1 0 1.000000
Material_0
0  0.121639 1.572418 -10.233232  -0.000000 1.000000 0.000000  0.886240 0.148085 1 0 1.000000
0  0.121639 1.572418 -10.080846  -0.000000 1.000000 0.000000  0.900043 0.144478 1 0 1.000000
0  0.984048 1.572418 -10.233232  -0.000000 1.000000 0.000000  0.885725 0.155404 1 0 1.000000
Material_0
0  0.121639 1.572418 -10.080846  -0.000000 1.000000 0.000001  0.900043 0.144478 1 0 1.000000
0  0.984048 1.572418 -10.080846  -0.000000 1.000000 0.000001  0.899322 0.155404 1 0 1.000000
0  0.984048 1.572418 -10.233232  -0.000000 1.000000 0.000001  0.885725 0.155404 1 0 1.000000
Material_0
0  0.984048 -0.915864 -10.233232  0.999998 0.002205 -0.000000  0.885004 0.131430 1 0 1.000000
0  0.984048 1.572418 -10.233232  0.999998 0.002205 -0.000000  0.885725 0.155404 1 0 1.000000
0  0.984049 -0.729537 -9.527047  0.999998 0.002205 -0.000000  0.896438 0.131430 1 0 1.000000
Material_0
0  0.984048 1.572418 -10.233232  0.999998 0.002205 -0.000000  0.885725 0.155404 1 0 1.000000
0  0.984048 1.572418 -10.080846  0.999998 0.002206 -0.000000  0.899322 0.155404 1 0 1.000000
0  0.984049 -0.729537 -9.527047  0.999998 0.002205 -0.000000  0.896438 0.131430 1 0 1.000000
Material_0
0  -0.740461 -0.915865 -10.233232  0.000001 -0.966909 0.255120  0.876248 0.198368 1 0 1.000000
0  0.984048 -0.915864 -10.233232  0.000001 -0.966909 0.255120  0.876248 0.198368 1 0 1.000000
0  -0.740461 -0.729538 -9.527047  0.000001 -0.966909 0.255120  0.868007 0.198368 1 0 1.000000
Material_0
0  0.984048 -0.915864 -10.233232  0.000000 -0.966910 0.255119  0.876248 0.198368 1 0 1.000000
0  0.984049 -0.729537 -9.527047  0.000000 -0.966910 0.255119  0.868007 0.198368 1 0 1.000000
0  -0.740461 -0.729538 -9.527047  0.000000 -0.966910 0.255119  0.868007 0.198368 1 0 1.000000
Material_0
0  -0.763779 0.177525 -15.479440  -0.999998 0.002205 -0.000000  0.579785 0.082844 1 0 1.000000
0  -0.763779 0.180596 -14.795556  -0.999998 0.002205 0.000000  0.582772 0.085071 1 0 1.000000
0  -0.763779 1.571905 -15.479440  -0.999998 0.002205 0.000000  0.579785 0.092497 1 0 1.000000
Material_0
0  -0.763779 1.571905 -15.479440  -0.999998 0.002205 0.000000  0.579785 0.092497 1 0 1.000000
0  -0.763779 0.180596 -14.795556  -0.999998 0.002205 0.000000  0.582772 0.085071 1 0 1.000000
0  -0.763779 1.571906 -14.507507  -0.999998 0.002205 0.000000  0.584008 0.095786 1 0 1.000000
Material_0
0  -0.763779 0.180596 -14.795556  -0.999998 0.002205 0.000000  0.582772 0.085071 1 0 1.000000
0  -0.763779 -0.132167 -14.239900  -0.999998 0.002205 0.000000  0.585142 0.084859 1 0 1.000000
0  -0.763779 1.571906 -14.507507  -0.999998 0.002205 0.000000  0.584008 0.095786 1 0 1.000000
Material_0
0  -0.763779 1.571906 -14.507507  -0.999998 0.002205 0.000000  0.584008 0.095786 1 0 1.000000
0  -0.763779 -0.132167 -14.239900  -0.999998 0.002205 0.000000  0.585142 0.084859 1 0 1.000000
0  -0.763778 1.572418 -10.179339  -0.999998 0.002205 0.000000  0.602962 0.110213 1 0 1.000000
Material_0
0  -0.763778 1.572418 -10.179339  -0.999998 0.002205 0.000000  0.602962 0.110213 1 0 1.000000
0  -0.763779 -0.132167 -14.239900  -0.999998 0.002205 0.000000  0.585142 0.084859 1 0 1.000000
0  -0.763778 -1.149285 -10.179339  -0.999998 0.002205 0.000000  0.602962 0.091330 1 0 1.000000
Material_0
0  -0.763779 -0.132167 -14.239900  -0.999998 0.002205 0.000000  0.585142 0.084859 1 0 1.000000
0  -0.763778 -1.145191 -13.611767  -0.999998 0.002205 0.000000  0.587923 0.079873 1 0 1.000000
0  -0.763778 -1.149285 -10.179339  -0.999998 0.002205 0.000000  0.602962 0.091330 1 0 1.000000
Material_0
0  1.007210 -1.145190 -13.611767  0.000000 -1.000000 0.000053  0.599769 0.076054 1 0 1.000000
0  1.007211 -1.149285 -10.179339  0.000000 -1.000000 0.000006  0.614808 0.087511 1 0 1.000000
0  -0.763778 -1.145191 -13.611767  0.000000 -1.000000 0.000006  0.587923 0.079873 1 0 1.000000
Material_0
0  1.007211 -1.149285 -10.179339  0.000000 -1.000000 0.000006  0.614808 0.087511 1 0 1.000000
0  -0.763778 -1.149285 -10.179339  0.000001 -1.000000 0.000054  0.602962 0.091330 1 0 1.000000
0  -0.763778 -1.145191 -13.611767  0.000000 -1.000000 0.000006  0.587923 0.079873 1 0 1.000000
Material_0
0  -0.763779 1.571905 -15.479440  0.000000 0.002205 -0.999998  0.579785 0.092497 1 0 1.000000
0  1.007209 1.571906 -15.479440  0.000000 0.002205 -0.999998  0.591631 0.088572 1 0 1.000000
0  -0.763779 0.177525 -15.479440  0.000000 0.002205 -0.999998  0.579785 0.082844 1 0 1.000000
Material_0
0  1.007209 1.571906 -15.479440  0.000000 0.002205 -0.999998  0.591631 0.088572 1 0 1.000000
0  1.007210 0.177526 -15.479440  0.000000 0.002205 -0.999998  0.591631 0.078919 1 0 1.000000
0  -0.763779 0.177525 -15.479440  0.000000 0.002205 -0.999998  0.579785 0.082844 1 0 1.000000
Material_0
0  1.007210 -1.145190 -13.611767  -0.000000 -0.528726 -0.848793  0.599769 0.076054 1 0 1.000000
0  -0.763778 -1.145191 -13.611767  0.000001 -0.528725 -0.848793  0.587923 0.079873 1 0 1.000000
0  1.007210 -0.132166 -14.239900  0.000000 -0.721919 -0.691977  0.596988 0.080934 1 0 1.000000
Material_0
0  -0.763778 -1.145191 -13.611767  0.000001 -0.528725 -0.848793  0.587923 0.079873 1 0 1.000000
0  -0.763779 -0.132167 -14.239900  0.000000 -0.721925 -0.691971  0.585142 0.084859 1 0 1.000000
0  1.007210 -0.132166 -14.239900  0.000000 -0.721919 -0.691977  0.596988 0.080934 1 0 1.000000
Material_0
0  -0.763779 -0.132167 -14.239900  0.000000 -0.721925 -0.691971  0.585142 0.084859 1 0 1.000000
0  -0.763779 0.180596 -14.795556  0.000000 -0.968013 -0.250900  0.582772 0.085071 1 0 1.000000
0  1.007210 -0.132166 -14.239900  0.000000 -0.721919 -0.691977  0.596988 0.080934 1 0 1.000000
Material_0
0  1.007210 -0.132166 -14.239900  0.000000 -0.721919 -0.691977  0.596988 0.080934 1 0 1.000000
0  -0.763779 0.180596 -14.795556  0.000000 -0.968013 -0.250900  0.582772 0.085071 1 0 1.000000
0  1.007210 0.180597 -14.795556  0.000000 -0.968042 -0.250787  0.594618 0.081252 1 0 1.000000
Material_0
0  1.007210 0.180597 -14.795556  0.000000 -0.968042 -0.250787  0.594618 0.081252 1 0 1.000000
0  -0.763779 0.180596 -14.795556  0.000000 -0.968013 -0.250900  0.582772 0.085071 1 0 1.000000
0  1.007210 0.177526 -15.479440  0.003766 -0.999991 0.002196  0.591631 0.078919 1 0 1.000000
Material_0
0  -0.763779 0.180596 -14.795556  0.000000 -0.968013 -0.250900  0.582772 0.085071 1 0 1.000000
0  -0.763779 0.177525 -15.479440  0.003725 -0.999991 0.002221  0.579785 0.082844 1 0 1.000000
0  1.007210 0.177526 -15.479440  0.003766 -0.999991 0.002196  0.591631 0.078919 1 0 1.000000
Material_0
0  1.007210 0.177526 -15.479440  0.999998 0.002206 -0.000000  0.591631 0.078919 1 0 1.000000
0  1.007209 1.571906 -15.479440  0.999998 0.002205 -0.000000  0.591631 0.088572 1 0 1.000000
0  1.007210 0.180597 -14.795556  0.999998 0.002205 -0.000000  0.594618 0.081252 1 0 1.000000
Material_0
0  1.007209 1.571906 -15.479440  0.999998 0.002205 -0.000000  0.591631 0.088572 1 0 1.000000
0  1.007210 1.571906 -14.507507  0.979298 0.002170 -0.202414  0.595855 0.091861 1 0 1.000000
0  1.007210 0.180597 -14.795556  0.999998 0.002205 -0.000000  0.594618 0.081252 1 0 1.000000
Material_0
0  1.007210 0.180597 -14.795556  0.999998 0.002205 -0.000000  0.594618 0.081252 1 0 1.000000
0  1.007210 1.571906 -14.507507  0.979298 0.002170 -0.202414  0.595855 0.091861 1 0 1.000000
0  1.007210 -0.132166 -14.239900  0.999998 0.002205 -0.000000  0.596988 0.080934 1 0 1.000000
Material_0
0  1.007210 1.571906 -14.507507  0.979298 0.002170 -0.202414  0.595855 0.091861 1 0 1.000000
0  1.007210 1.572418 -10.179340  0.999998 0.002205 -0.000000  0.614808 0.106394 1 0 1.000000
0  1.007210 -0.132166 -14.239900  0.999998 0.002205 -0.000000  0.596988 0.080934 1 0 1.000000
Material_0
0  1.007210 1.572418 -10.179340  0.999998 0.002205 -0.000000  0.614808 0.106394 1 0 1.000000
0  1.007211 -1.149285 -10.179339  0.999998 0.002205 -0.000000  0.614808 0.087511 1 0 1.000000
0  1.007210 -0.132166 -14.239900  0.999998 0.002205 -0.000000  0.596988 0.080934 1 0 1.000000
Material_0
0  1.007210 -0.132166 -14.239900  0.999998 0.002205 -0.000000  0.596988 0.080934 1 0 1.000000
0  1.007211 -1.149285 -10.179339  0.999998 0.002205 -0.000000  0.614808 0.087511 1 0 1.000000
0  1.007210 -1.145190 -13.611767  0.999998 0.002205 -0.000000  0.599769 0.076054 1 0 1.000000
Material_0
0  1.007210 1.571906 -14.507507  0.979298 0.002170 -0.202414  0.595855 0.091861 1 0 1.000000
0  1.007209 1.571906 -15.479440  0.999998 0.002205 -0.000000  0.591631 0.088572 1 0 1.000000
0  1.007210 1.572418 -10.179340  0.999998 0.002205 -0.000000  0.614808 0.106394 1 0 1.000000
Material_0
0  1.007211 -1.149285 -10.179339  0.000001 0.002206 0.999998  0.614808 0.087511 1 0 1.000000
0  1.007210 1.572418 -10.179340  0.000001 0.002205 0.999998  0.614808 0.106394 1 0 1.000000
0  -0.763778 -1.149285 -10.179339  0.000001 0.002205 0.999998  0.602962 0.091330 1 0 1.000000
Material_0
0  1.007210 1.572418 -10.179340  0.000001 0.002205 0.999998  0.614808 0.106394 1 0 1.000000
0  -0.763778 1.572418 -10.179339  0.000001 0.002205 0.999998  0.602962 0.110213 1 0 1.000000
0  -0.763778 -1.149285 -10.179339  0.000001 0.002205 0.999998  0.602962 0.091330 1 0 1.000000
Material_0
0  1.007210 1.572418 -10.179340  -0.000000 1.000000 -0.000097  0.614808 0.106394 1 0 1.000000
0  1.007209 1.571906 -15.479440  -0.000000 1.000000 -0.000097  0.591631 0.088572 1 0 1.000000
0  -0.763778 1.572418 -10.179339  -0.000000 1.000000 -0.000097  0.602962 0.110213 1 0 1.000000
Material_0
0  -0.763778 1.572418 -10.179339  -0.000065 1.000000 -0.000118  0.602962 0.110213 1 0 1.000000
0  1.007209 1.571906 -15.479440  -0.000065 1.000000 -0.000118  0.591631 0.088572 1 0 1.000000
0  -0.763779 1.571906 -14.507507  -0.000065 1.000000 -0.000118  0.584008 0.095786 1 0 1.000000
Material_0
0  1.007209 1.571906 -15.479440  -0.000000 1.000000 -0.000000  0.591631 0.088572 1 0 1.000000
0  -0.763779 1.571905 -15.479440  -0.000000 1.000000 -0.000000  0.579785 0.092497 1 0 1.000000
0  -0.763779 1.571906 -14.507507  -0.000000 1.000000 -0.000000  0.584008 0.095786 1 0 1.000000
Material_0
0  -0.218384 -6.771342 -19.967426  -0.075417 -0.768288 -0.635646  0.867286 0.105121 1 0 1.000000
0  0.462433 -6.771342 -19.967426  0.075405 -0.768292 -0.635643  0.872127 0.103530 1 0 1.000000
0  -0.730271 -6.881910 -19.709112  -0.059983 -0.959940 -0.273710  0.864917 0.106500 1 0 1.000000
Material_0
0  0.462433 -6.771342 -19.967426  0.075405 -0.768292 -0.635643  0.872127 0.103530 1 0 1.000000
0  0.974165 -6.881910 -19.709112  0.059970 -0.959945 -0.273695  0.876969 0.102469 1 0 1.000000
0  -0.730271 -6.881910 -19.709112  -0.059983 -0.959940 -0.273710  0.864917 0.106500 1 0 1.000000
Material_0
0  0.974165 -6.881910 -19.709112  0.059970 -0.959945 -0.273695  0.876969 0.102469 1 0 1.000000
0  1.473853 -7.056463 -18.813374  0.044510 -0.990241 -0.132067  0.884798 0.103212 1 0 1.000000
0  -0.730271 -6.881910 -19.709112  -0.059983 -0.959940 -0.273710  0.864917 0.106500 1 0 1.000000
Material_0
0  -0.730271 -6.881910 -19.709112  -0.059983 -0.959940 -0.273710  0.864917 0.106500 1 0 1.000000
0  1.473853 -7.056463 -18.813374  0.044510 -0.990241 -0.132067  0.884798 0.103212 1 0 1.000000
0  -1.229649 -7.056463 -18.813374  -0.044506 -0.990241 -0.132070  0.865535 0.109577 1 0 1.000000
Material_0
0  -1.229649 -7.056463 -18.813374  -0.044506 -0.990241 -0.132070  0.865535 0.109577 1 0 1.000000
0  1.473853 -7.056463 -18.813374  0.044510 -0.990241 -0.132067  0.884798 0.103212 1 0 1.000000
0  -1.229649 -7.369226 -15.977485  -0.044051 -0.995385 -0.085249  0.878720 0.117321 1 0 1.000000
Material_0
0  1.473853 -7.056463 -18.813374  0.044510 -0.990241 -0.132067  0.884798 0.103212 1 0 1.000000
0  1.473854 -7.369226 -15.977485  0.044096 -0.995383 -0.085256  0.897983 0.111062 1 0 1.000000
0  -1.229649 -7.369226 -15.977485  -0.044051 -0.995385 -0.085249  0.878720 0.117321 1 0 1.000000
Material_0
0  1.473854 -7.369226 -15.977485  0.044096 -0.995383 -0.085256  0.897983 0.111062 1 0 1.000000
0  0.974166 -7.394307 -15.065019  0.061703 -0.996186 0.061700  0.898704 0.115305 1 0 1.000000
0  -1.229649 -7.369226 -15.977485  -0.044051 -0.995385 -0.085249  0.878720 0.117321 1 0 1.000000
Material_0
0  -1.229649 -7.369226 -15.977485  -0.044051 -0.995385 -0.085249  0.878720 0.117321 1 0 1.000000
0  0.974166 -7.394307 -15.065019  0.061703 -0.996186 0.061700  0.898704 0.115305 1 0 1.000000
0  -0.730270 -7.394307 -15.065019  -0.061692 -0.996186 0.061698  0.886549 0.119230 1 0 1.000000
Material_0
0  -0.730270 -7.394307 -15.065019  -0.061692 -0.996186 0.061698  0.886549 0.119230 1 0 1.000000
0  0.974166 -7.394307 -15.065019  0.061703 -0.996186 0.061700  0.898704 0.115305 1 0 1.000000
0  -0.218537 -7.343631 -14.788119  -0.078975 -0.888756 0.451525  0.891493 0.119442 1 0 1.000000
Material_0
0  0.974166 -7.394307 -15.065019  0.061703 -0.996186 0.061700  0.898704 0.115305 1 0 1.000000
0  0.462434 -7.343631 -14.788119  0.078973 -0.888759 0.451520  0.896335 0.117851 1 0 1.000000
0  -0.218537 -7.343631 -14.788119  -0.078975 -0.888756 0.451525  0.891493 0.119442 1 0 1.000000
Material_0
0  0.462434 -6.109471 -14.652459  0.075111 0.768291 0.635679  0.896953 0.127398 1 0 1.000000
0  0.974166 -5.998904 -14.910773  0.059728 0.959941 0.273763  0.899425 0.126126 1 0 1.000000
0  -0.218383 -6.109471 -14.652459  -0.075123 0.768292 0.635676  0.892111 0.128990 1 0 1.000000
Material_0
0  -0.218383 -6.109471 -14.652459  -0.075123 0.768292 0.635676  0.892111 0.128990 1 0 1.000000
0  0.974166 -5.998904 -14.910773  0.059728 0.959941 0.273763  0.899425 0.126126 1 0 1.000000
0  -0.730270 -5.998904 -14.910773  -0.059714 0.959946 0.273749  0.887270 0.130051 1 0 1.000000
Material_0
0  0.974166 -5.998904 -14.910773  0.059728 0.959941 0.273763  0.899425 0.126126 1 0 1.000000
0  1.473854 -5.824351 -15.806514  0.047670 0.990241 0.130960  0.898807 0.123049 1 0 1.000000
0  -0.730270 -5.998904 -14.910773  -0.059714 0.959946 0.273749  0.887270 0.130051 1 0 1.000000
Material_0
0  -0.730270 -5.998904 -14.910773  -0.059714 0.959946 0.273749  0.887270 0.130051 1 0 1.000000
0  1.473854 -5.824351 -15.806514  0.047670 0.990241 0.130960  0.898807 0.123049 1 0 1.000000
0  -1.229649 -5.824351 -15.806514  -0.047664 0.990240 0.130966  0.879544 0.129308 1 0 1.000000
Material_0
0  1.473854 -5.824351 -15.806514  0.047670 0.990241 0.130960  0.898807 0.123049 1 0 1.000000
0  1.473853 -5.512100 -18.642403  0.046334 0.995386 0.084026  0.885519 0.115199 1 0 1.000000
0  -1.229649 -5.824351 -15.806514  -0.047664 0.990240 0.130966  0.879544 0.129308 1 0 1.000000
Material_0
0  -1.229649 -5.824351 -15.806514  -0.047664 0.990240 0.130966  0.879544 0.129308 1 0 1.000000
0  1.473853 -5.512100 -18.642403  0.046334 0.995386 0.084026  0.885519 0.115199 1 0 1.000000
0  -1.229650 -5.512101 -18.642403  -0.046380 0.995383 0.084034  0.866256 0.121564 1 0 1.000000
Material_0
0  -1.229650 -5.512101 -18.642403  -0.046380 0.995383 0.084034  0.866256 0.121564 1 0 1.000000
0  1.473853 -5.512100 -18.642403  0.046334 0.995386 0.084026  0.885519 0.115199 1 0 1.000000
0  -0.730271 -5.487018 -19.554867  -0.065518 0.996184 -0.057655  0.865638 0.117321 1 0 1.000000
Material_0
0  1.473853 -5.512100 -18.642403  0.046334 0.995386 0.084026  0.885519 0.115199 1 0 1.000000
0  0.974165 -5.487018 -19.554867  0.065507 0.996185 -0.057651  0.877793 0.113289 1 0 1.000000
0  -0.730271 -5.487018 -19.554867  -0.065518 0.996184 -0.057655  0.865638 0.117321 1 0 1.000000
Material_0
0  0.974165 -5.487018 -19.554867  0.065507 0.996185 -0.057651  0.877793 0.113289 1 0 1.000000
0  0.462433 -5.537694 -19.831764  0.074847 0.888755 -0.452231  0.872848 0.113183 1 0 1.000000
0  -0.730271 -5.487018 -19.554867  -0.065518 0.996184 -0.057655  0.865638 0.117321 1 0 1.000000
Material_0
0  -0.730271 -5.487018 -19.554867  -0.065518 0.996184 -0.057655  0.865638 0.117321 1 0 1.000000
0  0.462433 -5.537694 -19.831764  0.074847 0.888755 -0.452231  0.872848 0.113183 1 0 1.000000
0  -0.218539 -5.537694 -19.831764  -0.074848 0.888756 -0.452228  0.867904 0.114775 1 0 1.000000
Material_0
0  -0.393950 4.059169 12.665728  -0.082913 0.023971 -0.996268  0.563509 0.187123 1 0 1.000000
0  -0.116003 4.493761 12.665727  -0.052794 0.037115 -0.997915  0.563818 0.187548 1 0 1.000000
0  -0.691508 3.495581 12.667587  -0.014231 0.999045 -0.041303  0.563200 0.186593 1 0 1.000000
Material_0
0  -0.691508 3.495581 12.667587  -0.014231 0.999045 -0.041303  0.563200 0.186593 1 0 1.000000
0  -0.116003 4.493761 12.665727  -0.052794 0.037115 -0.997915  0.563818 0.187548 1 0 1.000000
0  0.638007 4.058146 12.665728  0.082912 0.024017 -0.996267  0.564643 0.186805 1 0 1.000000
Material_0
0  0.638007 4.058146 12.665728  0.082912 0.024017 -0.996267  0.564643 0.186805 1 0 1.000000
0  -0.116003 4.493761 12.665727  -0.052794 0.037115 -0.997915  0.563818 0.187548 1 0 1.000000
0  0.360060 4.493761 12.665727  0.052781 0.037121 -0.997916  0.564333 0.187335 1 0 1.000000
Material_0
0  -0.116003 4.493761 12.665727  -0.052794 0.037115 -0.997915  0.563818 0.187548 1 0 1.000000
0  0.121951 4.618150 12.665727  -0.000030 0.405165 -0.914243  0.564128 0.187548 1 0 1.000000
0  0.360060 4.493761 12.665727  0.052781 0.037121 -0.997916  0.564333 0.187335 1 0 1.000000
Material_0
0  0.638007 4.058146 12.665728  0.082912 0.024017 -0.996267  0.564643 0.186805 1 0 1.000000
0  0.935566 3.495582 12.667587  0.014194 0.999046 -0.041291  0.564952 0.186062 1 0 1.000000
0  -0.691508 3.495581 12.667587  -0.014231 0.999045 -0.041303  0.563200 0.186593 1 0 1.000000
Material_0
0  0.935566 3.495582 12.667587  0.014194 0.999046 -0.041291  0.564952 0.186062 1 0 1.000000
0  0.935565 3.495581 8.898789  0.021858 0.999761 0.000001  0.560007 0.182243 1 0 1.000000
0  -0.691508 3.495581 12.667587  -0.014231 0.999045 -0.041303  0.563200 0.186593 1 0 1.000000
Material_0
0  -0.691508 3.495581 12.667587  -0.014231 0.999045 -0.041303  0.563200 0.186593 1 0 1.000000
0  0.935565 3.495581 8.898789  0.021858 0.999761 0.000001  0.560007 0.182243 1 0 1.000000
0  -0.691509 3.495581 8.898789  -0.021858 0.999761 -0.000001  0.558256 0.182774 1 0 1.000000
Material_0
0  -0.691509 3.495581 8.898789  -0.021858 0.999761 -0.000001  0.558256 0.182774 1 0 1.000000
0  0.935565 3.495581 8.898789  0.021858 0.999761 0.000001  0.560007 0.182243 1 0 1.000000
0  -0.691510 3.495580 1.299875  -0.021858 0.999761 -0.000001  0.555784 0.180970 1 0 1.000000
Material_0
0  0.935565 3.495581 8.898789  0.021858 0.999761 0.000001  0.560007 0.182243 1 0 1.000000
0  0.935564 3.495580 1.299875  0.021858 0.999761 0.000001  0.557535 0.180334 1 0 1.000000
0  -0.691510 3.495580 1.299875  -0.021858 0.999761 -0.000001  0.555784 0.180970 1 0 1.000000
Material_0
0  -0.691510 3.495580 1.299875  -0.021858 0.999761 -0.000001  0.555784 0.180970 1 0 1.000000
0  0.935564 3.495580 1.299875  0.021858 0.999761 0.000001  0.557535 0.180334 1 0 1.000000
0  -0.691510 3.495579 -0.837263  -0.013087 0.999914 -0.000001  0.553311 0.179061 1 0 1.000000
Material_0
0  0.935564 3.495580 1.299875  0.021858 0.999761 0.000001  0.557535 0.180334 1 0 1.000000
0  0.935563 3.495580 -0.837263  0.013086 0.999914 0.000001  0.555063 0.178531 1 0 1.000000
0  -0.691510 3.495579 -0.837263  -0.013087 0.999914 -0.000001  0.553311 0.179061 1 0 1.000000
Material_0
0  -0.691510 3.495579 -0.837263  -0.013087 0.999914 -0.000001  0.553311 0.179061 1 0 1.000000
0  0.935563 3.495580 -0.837263  0.013086 0.999914 0.000001  0.555063 0.178531 1 0 1.000000
0  -0.691511 3.495578 -4.782604  -0.020789 0.999761 -0.006755  0.550839 0.177151 1 0 1.000000
Material_0
0  0.935563 3.495580 -0.837263  0.013086 0.999914 0.000001  0.555063 0.178531 1 0 1.000000
0  0.935562 3.495579 -4.782604  0.020788 0.999761 -0.006755  0.552590 0.176621 1 0 1.000000
0  -0.691511 3.495578 -4.782604  -0.020789 0.999761 -0.006755  0.550839 0.177151 1 0 1.000000
Material_0
0  0.396503 0.274277 14.250928  0.000000 -1.000000 0.000000  0.565467 0.183198 1 0 1.000000
0  -0.152444 0.274277 14.250928  0.000000 -1.000000 0.000000  0.564952 0.183410 1 0 1.000000
0  0.396502 0.274276 13.329169  0.000000 -1.000000 0.000000  0.559801 0.178849 1 0 1.000000
Material_0
0  -0.152444 0.274277 14.250928  0.000000 -1.000000 0.000000  0.564952 0.183410 1 0 1.000000
0  -0.152444 0.274276 13.329169  0.000000 -1.000000 0.000000  0.559183 0.178955 1 0 1.000000
0  0.396502 0.274276 13.329169  0.000000 -1.000000 0.000000  0.559801 0.178849 1 0 1.000000
Material_0
0  0.396502 0.274276 13.329169  0.000000 -1.000000 -0.000000  0.559801 0.178849 1 0 1.000000
0  -0.152444 0.274276 13.329169  0.000000 -1.000000 -0.000000  0.559183 0.178955 1 0 1.000000
0  0.396502 0.274276 12.914750  0.000000 -1.000000 -0.000000  0.559492 0.178531 1 0 1.000000
Material_0
0  -0.152444 0.274276 13.329169  0.000000 -1.000000 -0.000000  0.559183 0.178955 1 0 1.000000
0  -0.152444 0.274276 12.914750  0.000000 -1.000000 -0.000000  0.558874 0.178743 1 0 1.000000
0  0.396502 0.274276 12.914750  0.000000 -1.000000 -0.000000  0.559492 0.178531 1 0 1.000000
Material_0
0  0.396502 0.274276 12.914750  0.000000 -1.000000 0.000000  0.559492 0.178531 1 0 1.000000
0  -0.152444 0.274276 12.914750  0.000000 -1.000000 0.000000  0.558874 0.178743 1 0 1.000000
0  0.396502 0.274276 9.279760  0.000000 -1.000000 0.000000  0.559183 0.178318 1 0 1.000000
Material_0
0  -0.152444 0.274276 12.914750  0.000000 -1.000000 0.000000  0.558874 0.178743 1 0 1.000000
0  -0.152445 0.274276 9.279760  0.000000 -1.000000 0.000000  0.558668 0.178531 1 0 1.000000
0  0.396502 0.274276 9.279760  0.000000 -1.000000 0.000000  0.559183 0.178318 1 0 1.000000
Material_0
0  0.396502 0.274276 9.279760  0.000000 -1.000000 0.000000  0.559183 0.178318 1 0 1.000000
0  -0.152445 0.274276 9.279760  0.000000 -1.000000 0.000000  0.558668 0.178531 1 0 1.000000
0  0.396502 0.274276 8.867199  0.000000 -1.000000 0.000000  0.558874 0.178106 1 0 1.000000
Material_0
0  -0.152445 0.274276 9.279760  0.000000 -1.000000 0.000000  0.558668 0.178531 1 0 1.000000
0  -0.152445 0.274276 8.867199  0.000000 -1.000000 0.000000  0.558359 0.178318 1 0 1.000000
0  0.396502 0.274276 8.867199  0.000000 -1.000000 0.000000  0.558874 0.178106 1 0 1.000000
Material_0
0  0.396502 0.274276 8.867199  0.000000 -1.000000 0.000000  0.558874 0.178106 1 0 1.000000
0  -0.152445 0.274276 8.867199  0.000000 -1.000000 0.000000  0.558359 0.178318 1 0 1.000000
0  0.396500 0.274275 1.695711  0.000000 -1.000000 0.000000  0.558668 0.177894 1 0 1.000000
Material_0
0  -0.152445 0.274276 8.867199  0.000000 -1.000000 0.000000  0.558359 0.178318 1 0 1.000000
0  -0.152446 0.274275 1.695711  0.000000 -1.000000 0.000000  0.558050 0.178106 1 0 1.000000
0  0.396500 0.274275 1.695711  0.000000 -1.000000 0.000000  0.558668 0.177894 1 0 1.000000
Material_0
0  0.396500 0.274275 1.695711  0.000000 -1.000000 0.000000  0.558668 0.177894 1 0 1.000000
0  -0.152446 0.274275 1.695711  0.000000 -1.000000 0.000000  0.558050 0.178106 1 0 1.000000
0  0.396500 0.274275 1.281292  0.000000 -1.000000 0.000000  0.558359 0.177682 1 0 1.000000
Material_0
0  -0.152446 0.274275 1.695711  0.000000 -1.000000 0.000001  0.558050 0.178106 1 0 1.000000
0  -0.152446 0.274275 1.281292  0.000000 -1.000000 0.000001  0.557741 0.177894 1 0 1.000000
0  0.396500 0.274275 1.281292  0.000000 -1.000000 0.000001  0.558359 0.177682 1 0 1.000000
Material_0
0  0.396500 0.274275 1.281292  0.000000 -1.000000 0.000000  0.558359 0.177682 1 0 1.000000
0  -0.152446 0.274275 1.281292  0.000000 -1.000000 0.000000  0.557741 0.177894 1 0 1.000000
0  0.396500 0.274274 -0.755494  0.000000 -1.000000 0.000000  0.558050 0.177470 1 0 1.000000
Material_0
0  -0.152446 0.274275 1.281292  0.000000 -1.000000 0.000000  0.557741 0.177894 1 0 1.000000
0  -0.152446 0.274274 -0.755494  0.000000 -1.000000 0.000000  0.557432 0.177682 1 0 1.000000
0  0.396500 0.274274 -0.755494  0.000000 -1.000000 0.000000  0.558050 0.177470 1 0 1.000000
Material_0
0  0.396500 0.274274 -0.755494  0.000000 -1.000000 0.000000  0.558050 0.177470 1 0 1.000000
0  -0.152446 0.274274 -0.755494  0.000000 -1.000000 0.000000  0.557432 0.177682 1 0 1.000000
0  0.396500 0.274274 -1.168054  0.000000 -1.000000 0.000000  0.557741 0.177258 1 0 1.000000
Material_0
0  -0.152446 0.274274 -0.755494  0.000000 -1.000000 0.000000  0.557432 0.177682 1 0 1.000000
0  -0.152446 0.274274 -1.168054  0.000000 -1.000000 0.000000  0.557123 0.177470 1 0 1.000000
0  0.396500 0.274274 -1.168054  0.000000 -1.000000 0.000000  0.557741 0.177258 1 0 1.000000
Material_0
0  0.396500 0.274274 -1.168054  0.000000 -1.000000 0.000000  0.557741 0.177258 1 0 1.000000
0  -0.152446 0.274274 -1.168054  0.000000 -1.000000 0.000000  0.557123 0.177470 1 0 1.000000
0  0.396499 0.274274 -4.782604  0.000000 -1.000000 0.000000  0.552075 0.172908 1 0 1.000000
Material_0
0  -0.152446 0.274274 -1.168054  0.000000 -1.000000 0.000000  0.557123 0.177470 1 0 1.000000
0  -0.152447 0.274274 -4.782604  0.000000 -1.000000 0.000000  0.551457 0.173120 1 0 1.000000
0  0.396499 0.274274 -4.782604  0.000000 -1.000000 0.000000  0.552075 0.172908 1 0 1.000000
Material_0
0  0.396503 0.010143 14.250928  0.000000 -1.000000 0.000000  0.565467 0.183198 1 0 1.000000
0  0.396502 0.010143 13.327313  0.000000 -1.000000 0.000000  0.559801 0.178849 1 0 1.000000
0  1.151439 0.010143 14.250928  0.065376 -0.997853 -0.003819  0.566291 0.182880 1 0 1.000000
Material_0
0  0.396502 0.010143 13.327313  0.000000 -1.000000 0.000000  0.559801 0.178849 1 0 1.000000
0  1.151439 0.010143 13.327313  0.065400 -0.997852 -0.003786  0.560625 0.178531 1 0 1.000000
0  1.151439 0.010143 14.250928  0.065376 -0.997853 -0.003819  0.566291 0.182880 1 0 1.000000
Material_0
0  1.151439 0.010143 14.250928  0.065376 -0.997853 -0.003819  0.566291 0.182880 1 0 1.000000
0  1.151439 0.010143 13.327313  0.065400 -0.997852 -0.003786  0.560625 0.178531 1 0 1.000000
0  1.813108 0.101259 14.234200  0.321867 -0.946783 0.001892  0.567012 0.182774 1 0 1.000000
Material_0
0  1.151439 0.010143 13.327313  0.065400 -0.997852 -0.003786  0.560625 0.178531 1 0 1.000000
0  1.813108 0.101259 13.319879  0.292786 -0.956176 0.001885  0.561346 0.178424 1 0 1.000000
0  1.813108 0.101259 14.234200  0.321867 -0.946783 0.001892  0.567012 0.182774 1 0 1.000000
Material_0
0  1.813108 0.101259 14.234200  0.321867 -0.946783 0.001892  0.567012 0.182774 1 0 1.000000
0  1.813108 0.101259 13.319879  0.292786 -0.956176 0.001885  0.561346 0.178424 1 0 1.000000
0  2.186175 0.373583 14.187743  0.824889 -0.565282 -0.003765  0.567424 0.182880 1 0 1.000000
Material_0
0  1.813108 0.101259 13.319879  0.292786 -0.956176 0.001885  0.561346 0.178424 1 0 1.000000
0  2.186175 0.373583 13.292005  0.853377 -0.521281 -0.003772  0.561758 0.178531 1 0 1.000000
0  2.186175 0.373583 14.187743  0.824889 -0.565282 -0.003765  0.567424 0.182880 1 0 1.000000
Material_0
0  2.186175 0.373583 14.187743  0.824889 -0.565282 -0.003765  0.567424 0.182880 1 0 1.000000
0  2.186175 0.373583 13.292005  0.853377 -0.521281 -0.003772  0.561758 0.178531 1 0 1.000000
0  2.270795 0.828139 14.111548  0.995989 0.089455 -0.001893  0.567424 0.183304 1 0 1.000000
Material_0
0  2.186175 0.373583 13.292005  0.853377 -0.521281 -0.003772  0.561758 0.178531 1 0 1.000000
0  2.270795 0.828139 13.247401  0.984382 0.176037 0.001886  0.561758 0.179061 1 0 1.000000
0  2.270795 0.828139 14.111548  0.995989 0.089455 -0.001893  0.567424 0.183304 1 0 1.000000
Material_0
0  2.270795 0.828139 14.111548  0.995989 0.089455 -0.001893  0.567424 0.183304 1 0 1.000000
0  2.270795 0.828139 13.247401  0.984382 0.176037 0.001886  0.561758 0.179061 1 0 1.000000
0  2.066658 1.463902 14.001904  0.914196 0.405268 -0.001887  0.567115 0.184047 1 0 1.000000
Material_0
0  2.270795 0.828139 13.247401  0.984382 0.176037 0.001886  0.561758 0.179061 1 0 1.000000
0  2.066658 1.463902 13.035545  0.910611 0.413247 -0.003770  0.564437 0.182031 1 0 1.000000
0  2.066658 1.463902 14.001904  0.914196 0.405268 -0.001887  0.567115 0.184047 1 0 1.000000
Material_0
0  2.066658 1.463902 13.035545  0.910611 0.413247 -0.003770  0.564437 0.182031 1 0 1.000000
0  1.114533 3.385526 12.753071  0.897540 0.440897 -0.005664  0.565261 0.185956 1 0 1.000000
0  2.066658 1.463902 14.001904  0.914196 0.405268 -0.001887  0.567115 0.184047 1 0 1.000000
Material_0
0  2.066658 1.463902 14.001904  0.914196 0.405268 -0.001887  0.567115 0.184047 1 0 1.000000
0  1.114533 3.385526 12.753071  0.897540 0.440897 -0.005664  0.565261 0.185956 1 0 1.000000
0  0.777136 4.133905 13.557748  0.893544 0.448722 -0.015094  0.565467 0.187229 1 0 1.000000
Material_0
0  1.114533 3.385526 12.753071  0.897540 0.440897 -0.005664  0.565261 0.185956 1 0 1.000000
0  0.775591 4.135440 12.767938  0.885687 0.464267 -0.003773  0.564849 0.186805 1 0 1.000000
0  0.777136 4.133905 13.557748  0.893544 0.448722 -0.015094  0.565467 0.187229 1 0 1.000000
Material_0
0  0.777136 4.133905 13.557748  0.893544 0.448722 -0.015094  0.565467 0.187229 1 0 1.000000
0  0.775591 4.135440 12.767938  0.885687 0.464267 -0.003773  0.564849 0.186805 1 0 1.000000
0  0.470312 4.614055 13.477839  0.729150 0.684353 -0.000001  0.565055 0.187866 1 0 1.000000
Material_0
0  0.775591 4.135440 12.767938  0.885687 0.464267 -0.003773  0.564849 0.186805 1 0 1.000000
0  0.470312 4.614055 12.767938  0.714025 0.700118 0.001885  0.564540 0.187441 1 0 1.000000
0  0.470312 4.614055 13.477839  0.729150 0.684353 -0.000001  0.565055 0.187866 1 0 1.000000
Material_0
0  0.470312 4.614055 13.477839  0.729150 0.684353 -0.000001  0.565055 0.187866 1 0 1.000000
0  0.470312 4.614055 12.767938  0.714025 0.700118 0.001885  0.564540 0.187441 1 0 1.000000
0  0.121951 4.795775 13.433238  -0.000097 1.000000 -0.000001  0.564643 0.188184 1 0 1.000000
Material_0
0  0.470312 4.614055 12.767938  0.714025 0.700118 0.001885  0.564540 0.187441 1 0 1.000000
0  0.121951 4.795774 12.767938  -0.000091 1.000000 -0.000001  0.564128 0.187866 1 0 1.000000
0  0.121951 4.795775 13.433238  -0.000097 1.000000 -0.000001  0.564643 0.188184 1 0 1.000000
Material_0
0  0.121951 4.795774 12.767938  -0.000091 1.000000 -0.000001  0.564128 0.187866 1 0 1.000000
0  -0.226255 4.614055 12.767938  -0.714001 0.700142 0.001883  0.563818 0.187760 1 0 1.000000
0  0.121951 4.795775 13.433238  -0.000097 1.000000 -0.000001  0.564643 0.188184 1 0 1.000000
Material_0
0  0.121951 4.795775 13.433238  -0.000097 1.000000 -0.000001  0.564643 0.188184 1 0 1.000000
0  -0.226255 4.614055 12.767938  -0.714001 0.700142 0.001883  0.563818 0.187760 1 0 1.000000
0  -0.226255 4.614055 13.477839  -0.729139 0.684365 0.000001  0.564333 0.188078 1 0 1.000000
Material_0
0  -0.226255 4.614055 12.767938  -0.714001 0.700142 0.001883  0.563818 0.187760 1 0 1.000000
0  -0.531534 4.136464 12.767938  -0.885677 0.464287 -0.003767  0.563406 0.187335 1 0 1.000000
0  -0.226255 4.614055 13.477839  -0.729139 0.684365 0.000001  0.564333 0.188078 1 0 1.000000
Material_0
0  -0.226255 4.614055 13.477839  -0.729139 0.684365 0.000001  0.564333 0.188078 1 0 1.000000
0  -0.531534 4.136464 12.767938  -0.885677 0.464287 -0.003767  0.563406 0.187335 1 0 1.000000
0  -0.533078 4.133393 13.557748  -0.893533 0.448744 -0.015087  0.564025 0.187760 1 0 1.000000
Material_0
0  -0.531534 4.136464 12.767938  -0.885677 0.464287 -0.003767  0.563406 0.187335 1 0 1.000000
0  -0.870475 3.385526 12.753071  -0.897539 0.440898 -0.005662  0.563097 0.186699 1 0 1.000000
0  -0.533078 4.133393 13.557748  -0.893533 0.448744 -0.015087  0.564025 0.187760 1 0 1.000000
Material_0
0  -0.533078 4.133393 13.557748  -0.893533 0.448744 -0.015087  0.564025 0.187760 1 0 1.000000
0  -0.870475 3.385526 12.753071  -0.897539 0.440898 -0.005662  0.563097 0.186699 1 0 1.000000
0  -1.822754 1.463902 14.001904  -0.914208 0.405241 -0.001890  0.562891 0.185426 1 0 1.000000
Material_0
0  -0.870475 3.385526 12.753071  -0.897539 0.440898 -0.005662  0.563097 0.186699 1 0 1.000000
0  -1.822754 1.463901 13.035545  -0.910614 0.413241 -0.003768  0.560316 0.183410 1 0 1.000000
0  -1.822754 1.463902 14.001904  -0.914208 0.405241 -0.001890  0.562891 0.185426 1 0 1.000000
Material_0
0  -1.822754 1.463901 13.035545  -0.910614 0.413241 -0.003768  0.560316 0.183410 1 0 1.000000
0  -2.026737 0.828138 13.247401  -0.984381 0.176039 0.001889  0.557123 0.180546 1 0 1.000000
0  -1.822754 1.463902 14.001904  -0.914208 0.405241 -0.001890  0.562891 0.185426 1 0 1.000000
Material_0
0  -1.822754 1.463902 14.001904  -0.914208 0.405241 -0.001890  0.562891 0.185426 1 0 1.000000
0  -2.026737 0.828138 13.247401  -0.984381 0.176039 0.001889  0.557123 0.180546 1 0 1.000000
0  -2.026736 0.828138 14.111548  -0.995989 0.089459 -0.001890  0.562788 0.184896 1 0 1.000000
Material_0
0  -2.026737 0.828138 13.247401  -0.984381 0.176039 0.001889  0.557123 0.180546 1 0 1.000000
0  -1.942117 0.373582 13.292005  -0.853377 -0.521281 -0.003771  0.557226 0.180016 1 0 1.000000
0  -2.026736 0.828138 14.111548  -0.995989 0.089459 -0.001890  0.562788 0.184896 1 0 1.000000
Material_0
0  -2.026736 0.828138 14.111548  -0.995989 0.089459 -0.001890  0.562788 0.184896 1 0 1.000000
0  -1.942117 0.373582 13.292005  -0.853377 -0.521281 -0.003771  0.557226 0.180016 1 0 1.000000
0  -1.942117 0.373582 14.187743  -0.824889 -0.565282 -0.003765  0.562891 0.184365 1 0 1.000000
Material_0
0  -1.942117 0.373582 13.292005  -0.853377 -0.521281 -0.003771  0.557226 0.180016 1 0 1.000000
0  -1.569049 0.101258 13.319879  -0.292737 -0.956191 0.001899  0.557638 0.179591 1 0 1.000000
0  -1.942117 0.373582 14.187743  -0.824889 -0.565282 -0.003765  0.562891 0.184365 1 0 1.000000
Material_0
0  -1.942117 0.373582 14.187743  -0.824889 -0.565282 -0.003765  0.562891 0.184365 1 0 1.000000
0  -1.569049 0.101258 13.319879  -0.292737 -0.956191 0.001899  0.557638 0.179591 1 0 1.000000
0  -1.569049 0.101258 14.234200  -0.321867 -0.946783 0.001893  0.563406 0.183941 1 0 1.000000
Material_0
0  -1.569049 0.101258 13.319879  -0.292737 -0.956191 0.001899  0.557638 0.179591 1 0 1.000000
0  -0.907380 0.010142 13.327313  -0.065374 -0.997853 -0.003819  0.558359 0.179273 1 0 1.000000
0  -1.569049 0.101258 14.234200  -0.321867 -0.946783 0.001893  0.563406 0.183941 1 0 1.000000
Material_0
0  -1.569049 0.101258 14.234200  -0.321867 -0.946783 0.001893  0.563406 0.183941 1 0 1.000000
0  -0.907380 0.010142 13.327313  -0.065374 -0.997853 -0.003819  0.558359 0.179273 1 0 1.000000
0  -0.907380 0.010143 14.250928  -0.065375 -0.997853 -0.003819  0.564128 0.183622 1 0 1.000000
Material_0
0  -0.907380 0.010143 14.250928  -0.065375 -0.997853 -0.003819  0.564128 0.183622 1 0 1.000000
0  -0.907380 0.010142 13.327313  -0.065374 -0.997853 -0.003819  0.558359 0.179273 1 0 1.000000
0  -0.152444 0.010143 14.250928  0.000000 -1.000000 0.000000  0.564952 0.183410 1 0 1.000000
Material_0
0  -0.152444 0.010143 14.250928  0.000000 -1.000000 0.000000  0.564952 0.183410 1 0 1.000000
0  -0.907380 0.010142 13.327313  -0.065374 -0.997853 -0.003819  0.558359 0.179273 1 0 1.000000
0  -0.152444 0.010143 13.327313  0.000000 -1.000000 0.000000  0.559183 0.178955 1 0 1.000000
Material_0
0  -0.907380 0.010142 13.327313  -0.065374 -0.997853 -0.003819  0.558359 0.179273 1 0 1.000000
0  -0.907380 0.010143 12.914750  -0.065372 -0.997854 -0.003823  0.558153 0.179061 1 0 1.000000
0  -0.152444 0.010143 13.327313  0.000000 -1.000000 0.000000  0.559183 0.178955 1 0 1.000000
Material_0
0  -0.152444 0.010143 13.327313  0.000000 -1.000000 0.000000  0.559183 0.178955 1 0 1.000000
0  -0.907380 0.010143 12.914750  -0.065372 -0.997854 -0.003823  0.558153 0.179061 1 0 1.000000
0  -0.152444 0.010143 12.914750  0.000000 -1.000000 -0.000000  0.558874 0.178743 1 0 1.000000
Material_0
0  -0.152444 0.010143 12.914750  0.000000 -1.000000 -0.000000  0.558874 0.178743 1 0 1.000000
0  -0.907380 0.010143 12.914750  -0.065372 -0.997854 -0.003823  0.558153 0.179061 1 0 1.000000
0  -0.907381 0.010142 9.279761  -0.065387 -0.997853 -0.003803  0.557844 0.178849 1 0 1.000000
Material_0
0  -0.907381 0.010142 9.279761  -0.065387 -0.997853 -0.003803  0.557844 0.178849 1 0 1.000000
0  -0.907380 0.010143 12.914750  -0.065372 -0.997854 -0.003823  0.558153 0.179061 1 0 1.000000
0  -1.569050 0.101258 9.272326  -0.321856 -0.946787 0.001891  0.557123 0.179167 1 0 1.000000
Material_0
0  -0.907380 0.010143 12.914750  -0.065372 -0.997854 -0.003823  0.558153 0.179061 1 0 1.000000
0  -1.569049 0.101258 12.905459  -0.313598 -0.949556 -0.000000  0.557329 0.179379 1 0 1.000000
0  -1.569050 0.101258 9.272326  -0.321856 -0.946787 0.001891  0.557123 0.179167 1 0 1.000000
Material_0
0  -1.569049 0.101258 12.905459  -0.313598 -0.949556 -0.000000  0.557329 0.179379 1 0 1.000000
0  -1.942117 0.373582 12.879441  -0.834646 -0.550774 -0.003739  0.556917 0.179803 1 0 1.000000
0  -1.569050 0.101258 9.272326  -0.321856 -0.946787 0.001891  0.557123 0.179167 1 0 1.000000
Material_0
0  -1.569050 0.101258 9.272326  -0.321856 -0.946787 0.001891  0.557123 0.179167 1 0 1.000000
0  -1.942117 0.373582 12.879441  -0.834646 -0.550774 -0.003739  0.556917 0.179803 1 0 1.000000
0  -1.942118 0.373582 9.246307  -0.855607 -0.517627 0.000000  0.556711 0.179591 1 0 1.000000
Material_0
0  -1.942117 0.373582 12.879441  -0.834646 -0.550774 -0.003739  0.556917 0.179803 1 0 1.000000
0  -2.026737 0.828138 12.836701  -0.992247 0.124224 -0.003771  0.556814 0.180334 1 0 1.000000
0  -1.942118 0.373582 9.246307  -0.855607 -0.517627 0.000000  0.556711 0.179591 1 0 1.000000
Material_0
0  -1.942118 0.373582 9.246307  -0.855607 -0.517627 0.000000  0.556711 0.179591 1 0 1.000000
0  -2.026737 0.828138 12.836701  -0.992247 0.124224 -0.003771  0.556814 0.180334 1 0 1.000000
0  -2.026737 0.828137 9.205425  -0.987988 0.154487 -0.003763  0.556505 0.180122 1 0 1.000000
Material_0
0  -2.026737 0.828138 12.836701  -0.992247 0.124224 -0.003771  0.556814 0.180334 1 0 1.000000
0  -1.822754 1.463901 13.035545  -0.910614 0.413241 -0.003768  0.560316 0.183410 1 0 1.000000
0  -2.026737 0.828137 9.205425  -0.987988 0.154487 -0.003763  0.556505 0.180122 1 0 1.000000
Material_0
0  -2.026737 0.828137 9.205425  -0.987988 0.154487 -0.003763  0.556505 0.180122 1 0 1.000000
0  -1.822754 1.463901 13.035545  -0.910614 0.413241 -0.003768  0.560316 0.183410 1 0 1.000000
0  -1.822755 1.463901 9.014011  -0.912422 0.409250 0.000003  0.557638 0.181395 1 0 1.000000
Material_0
0  -1.822754 1.463901 13.035545  -0.910614 0.413241 -0.003768  0.560316 0.183410 1 0 1.000000
0  -0.870475 3.385526 12.753071  -0.897539 0.440898 -0.005662  0.563097 0.186699 1 0 1.000000
0  -1.822755 1.463901 9.014011  -0.912422 0.409250 0.000003  0.557638 0.181395 1 0 1.000000
Material_0
0  -0.870475 3.385526 12.753071  -0.897539 0.440898 -0.005662  0.563097 0.186699 1 0 1.000000
0  -0.903212 3.382966 8.941533  -0.901376 0.433033 0.001900  0.558050 0.182774 1 0 1.000000
0  -1.822755 1.463901 9.014011  -0.912422 0.409250 0.000003  0.557638 0.181395 1 0 1.000000
Material_0
0  -1.822755 1.463901 9.014011  -0.912422 0.409250 0.000003  0.557638 0.181395 1 0 1.000000
0  -0.903212 3.382966 8.941533  -0.901376 0.433033 0.001900  0.558050 0.182774 1 0 1.000000
0  -1.822756 1.463900 1.377927  -0.914208 0.405241 -0.001884  0.554960 0.179379 1 0 1.000000
Material_0
0  -0.903212 3.382966 8.941533  -0.901376 0.433033 0.001900  0.558050 0.182774 1 0 1.000000
0  -0.911089 3.366584 1.327750  -0.901369 0.433047 0.001901  0.555578 0.180864 1 0 1.000000
0  -1.822756 1.463900 1.377927  -0.914208 0.405241 -0.001884  0.554960 0.179379 1 0 1.000000
Material_0
0  -0.911089 3.366584 1.327750  -0.901369 0.433047 0.001901  0.555578 0.180864 1 0 1.000000
0  -0.913096 3.361977 -0.822396  -0.901384 0.433017 0.001836  0.553105 0.178955 1 0 1.000000
0  -1.822756 1.463900 1.377927  -0.914208 0.405241 -0.001884  0.554960 0.179379 1 0 1.000000
Material_0
0  -1.822756 1.463900 1.377927  -0.914208 0.405241 -0.001884  0.554960 0.179379 1 0 1.000000
0  -0.913096 3.361977 -0.822396  -0.901384 0.433017 0.001836  0.553105 0.178955 1 0 1.000000
0  -1.822756 1.463899 -1.024958  -0.914189 0.405284 -0.001888  0.552281 0.177364 1 0 1.000000
Material_0
0  -0.913096 3.361977 -0.822396  -0.901384 0.433017 0.001836  0.553105 0.178955 1 0 1.000000
0  -0.917266 3.353786 -4.782604  -0.901387 0.433011 0.001826  0.550633 0.177045 1 0 1.000000
0  -1.822756 1.463899 -1.024958  -0.914189 0.405284 -0.001888  0.552281 0.177364 1 0 1.000000
Material_0
0  -0.917266 3.353786 -4.782604  -0.901387 0.433011 0.001826  0.550633 0.177045 1 0 1.000000
0  -1.822757 1.463899 -4.782603  -0.915963 0.401258 0.001883  0.549603 0.175242 1 0 1.000000
0  -1.822756 1.463899 -1.024958  -0.914189 0.405284 -0.001888  0.552281 0.177364 1 0 1.000000
Material_0
0  -1.822756 1.463899 -1.024958  -0.914189 0.405284 -0.001888  0.552281 0.177364 1 0 1.000000
0  -1.822757 1.463899 -4.782603  -0.915963 0.401258 0.001883  0.549603 0.175242 1 0 1.000000
0  -2.026739 0.828135 -1.227522  -0.989881 0.141897 0.000000  0.555063 0.178955 1 0 1.000000
Material_0
0  -1.822757 1.463899 -4.782603  -0.915963 0.401258 0.001883  0.549603 0.175242 1 0 1.000000
0  -2.026740 0.828135 -4.782603  -0.994279 0.106810 -0.000017  0.549397 0.174605 1 0 1.000000
0  -2.026739 0.828135 -1.227522  -0.989881 0.141897 0.000000  0.555063 0.178955 1 0 1.000000
Material_0
0  -2.026740 0.828135 -4.782603  -0.994279 0.106810 -0.000017  0.549397 0.174605 1 0 1.000000
0  -1.942120 0.373579 -4.782603  -0.846429 -0.532502 0.000000  0.549500 0.174075 1 0 1.000000
0  -2.026739 0.828135 -1.227522  -0.989881 0.141897 0.000000  0.555063 0.178955 1 0 1.000000
Material_0
0  -2.026739 0.828135 -1.227522  -0.989881 0.141897 0.000000  0.555063 0.178955 1 0 1.000000
0  -1.942120 0.373579 -4.782603  -0.846429 -0.532502 0.000000  0.549500 0.174075 1 0 1.000000
0  -1.942119 0.373580 -1.195929  -0.837093 -0.547061 0.000000  0.555166 0.178424 1 0 1.000000
Material_0
0  -1.942120 0.373579 -4.782603  -0.846429 -0.532502 0.000000  0.549500 0.174075 1 0 1.000000
0  -1.569053 0.101255 -4.782603  -0.330112 -0.943934 -0.003782  0.549912 0.173651 1 0 1.000000
0  -1.942119 0.373580 -1.195929  -0.837093 -0.547061 0.000000  0.555166 0.178424 1 0 1.000000
Material_0
0  -1.942119 0.373580 -1.195929  -0.837093 -0.547061 0.000000  0.555166 0.178424 1 0 1.000000
0  -1.569053 0.101255 -4.782603  -0.330112 -0.943934 -0.003782  0.549912 0.173651 1 0 1.000000
0  -1.569052 0.101256 -1.175487  -0.317722 -0.948184 -0.000000  0.555578 0.178000 1 0 1.000000
Material_0
0  -1.569053 0.101255 -4.782603  -0.330112 -0.943934 -0.003782  0.549912 0.173651 1 0 1.000000
0  -0.907383 0.010140 -4.782603  -0.065383 -0.997853 -0.003809  0.550633 0.173332 1 0 1.000000
0  -1.569052 0.101256 -1.175487  -0.317722 -0.948184 -0.000000  0.555578 0.178000 1 0 1.000000
Material_0
0  -1.569052 0.101256 -1.175487  -0.317722 -0.948184 -0.000000  0.555578 0.178000 1 0 1.000000
0  -0.907383 0.010140 -4.782603  -0.065383 -0.997853 -0.003809  0.550633 0.173332 1 0 1.000000
0  -0.907383 0.010140 -1.169912  -0.065424 -0.997850 -0.003755  0.556299 0.177682 1 0 1.000000
Material_0
0  -0.907383 0.010140 -1.169912  -0.065424 -0.997850 -0.003755  0.556299 0.177682 1 0 1.000000
0  -0.907383 0.010140 -4.782603  -0.065383 -0.997853 -0.003809  0.550633 0.173332 1 0 1.000000
0  -0.152446 0.010140 -1.169912  0.000000 -1.000000 0.000000  0.557123 0.177470 1 0 1.000000
Material_0
0  -0.907383 0.010140 -4.782603  -0.065383 -0.997853 -0.003809  0.550633 0.173332 1 0 1.000000
0  -0.152447 0.010140 -4.782603  0.000000 -1.000000 0.000000  0.551457 0.173120 1 0 1.000000
0  -0.152446 0.010140 -1.169912  0.000000 -1.000000 0.000000  0.557123 0.177470 1 0 1.000000
Material_0
0  0.396502 0.010143 13.327313  0.000000 -1.000000 0.000000  0.559801 0.178849 1 0 1.000000
0  0.396502 0.010143 12.914750  0.000000 -1.000000 -0.000000  0.559492 0.178531 1 0 1.000000
0  1.151439 0.010143 13.327313  0.065400 -0.997852 -0.003786  0.560625 0.178531 1 0 1.000000
Material_0
0  2.270795 0.828139 13.247401  0.984382 0.176037 0.001886  0.561758 0.179061 1 0 1.000000
0  2.270795 0.828139 12.836701  0.989928 0.141570 -0.000000  0.561449 0.178849 1 0 1.000000
0  2.066658 1.463902 13.035545  0.910611 0.413247 -0.003770  0.564437 0.182031 1 0 1.000000
Material_0
0  -0.907380 0.010142 13.327313  -0.065374 -0.997853 -0.003819  0.558359 0.179273 1 0 1.000000
0  -1.569049 0.101258 13.319879  -0.292737 -0.956191 0.001899  0.557638 0.179591 1 0 1.000000
0  -0.907380 0.010143 12.914750  -0.065372 -0.997854 -0.003823  0.558153 0.179061 1 0 1.000000
Material_0
0  -1.569049 0.101258 13.319879  -0.292737 -0.956191 0.001899  0.557638 0.179591 1 0 1.000000
0  -1.569049 0.101258 12.905459  -0.313598 -0.949556 -0.000000  0.557329 0.179379 1 0 1.000000
0  -0.907380 0.010143 12.914750  -0.065372 -0.997854 -0.003823  0.558153 0.179061 1 0 1.000000
Material_0
0  -2.026737 0.828138 13.247401  -0.984381 0.176039 0.001889  0.557123 0.180546 1 0 1.000000
0  -1.822754 1.463901 13.035545  -0.910614 0.413241 -0.003768  0.560316 0.183410 1 0 1.000000
0  -2.026737 0.828138 12.836701  -0.992247 0.124224 -0.003771  0.556814 0.180334 1 0 1.000000
Material_0
0  -1.569052 0.101256 -1.175487  -0.317722 -0.948184 -0.000000  0.555578 0.178000 1 0 1.000000
0  -0.907383 0.010140 -1.169912  -0.065424 -0.997850 -0.003755  0.556299 0.177682 1 0 1.000000
0  -1.569052 0.101256 -0.762927  -0.313592 -0.949558 -0.000000  0.555887 0.178212 1 0 1.000000
Material_0
0  -1.569052 0.101256 -0.762927  -0.313592 -0.949558 -0.000000  0.555887 0.178212 1 0 1.000000
0  -0.907383 0.010140 -1.169912  -0.065424 -0.997850 -0.003755  0.556299 0.177682 1 0 1.000000
0  -0.907382 0.010140 -0.755494  -0.065417 -0.997851 -0.003765  0.556608 0.177894 1 0 1.000000
Material_0
0  -0.907383 0.010140 -1.169912  -0.065424 -0.997850 -0.003755  0.556299 0.177682 1 0 1.000000
0  -0.152446 0.010140 -0.755494  0.000000 -1.000000 0.000000  0.557432 0.177682 1 0 1.000000
0  -0.907382 0.010140 -0.755494  -0.065417 -0.997851 -0.003765  0.556608 0.177894 1 0 1.000000
Material_0
0  -0.152446 0.010140 -0.755494  0.000000 -1.000000 0.000000  0.557432 0.177682 1 0 1.000000
0  -0.152446 0.010141 1.281292  0.000000 -1.000000 0.000000  0.557741 0.177894 1 0 1.000000
0  -0.907382 0.010140 -0.755494  -0.065417 -0.997851 -0.003765  0.556608 0.177894 1 0 1.000000
Material_0
0  -0.907382 0.010140 -0.755494  -0.065417 -0.997851 -0.003765  0.556608 0.177894 1 0 1.000000
0  -0.152446 0.010141 1.281292  0.000000 -1.000000 0.000000  0.557741 0.177894 1 0 1.000000
0  -0.907382 0.010141 1.281292  -0.065394 -0.997852 -0.003793  0.556917 0.178106 1 0 1.000000
Material_0
0  -0.152446 0.010141 1.281292  0.000000 -1.000000 0.000000  0.557741 0.177894 1 0 1.000000
0  -0.152446 0.010141 1.695711  0.000000 -1.000000 0.000000  0.558050 0.178106 1 0 1.000000
0  -0.907382 0.010141 1.281292  -0.065394 -0.997852 -0.003793  0.556917 0.178106 1 0 1.000000
Material_0
0  -0.907382 0.010141 1.281292  -0.065394 -0.997852 -0.003793  0.556917 0.178106 1 0 1.000000
0  -0.152446 0.010141 1.695711  0.000000 -1.000000 0.000000  0.558050 0.178106 1 0 1.000000
0  -0.907382 0.010141 1.695711  -0.065389 -0.997853 -0.003800  0.557226 0.178318 1 0 1.000000
Material_0
0  -0.152446 0.010141 1.695711  0.000000 -1.000000 0.000000  0.558050 0.178106 1 0 1.000000
0  -0.152445 0.010142 8.865342  0.000000 -1.000000 0.000000  0.558359 0.178318 1 0 1.000000
0  -0.907382 0.010141 1.695711  -0.065389 -0.997853 -0.003800  0.557226 0.178318 1 0 1.000000
Material_0
0  -0.907382 0.010141 1.695711  -0.065389 -0.997853 -0.003800  0.557226 0.178318 1 0 1.000000
0  -0.152445 0.010142 8.865342  0.000000 -1.000000 0.000000  0.558359 0.178318 1 0 1.000000
0  -0.907381 0.010142 8.865342  -0.065404 -0.997852 -0.003781  0.557535 0.178637 1 0 1.000000
Material_0
0  -0.152445 0.010142 8.865342  0.000000 -1.000000 0.000000  0.558359 0.178318 1 0 1.000000
0  -0.152445 0.010142 9.279761  0.000000 -1.000000 0.000000  0.558668 0.178531 1 0 1.000000
0  -0.907381 0.010142 8.865342  -0.065404 -0.997852 -0.003781  0.557535 0.178637 1 0 1.000000
Material_0
0  -0.907381 0.010142 8.865342  -0.065404 -0.997852 -0.003781  0.557535 0.178637 1 0 1.000000
0  -0.152445 0.010142 9.279761  0.000000 -1.000000 0.000000  0.558668 0.178531 1 0 1.000000
0  -0.907381 0.010142 9.279761  -0.065387 -0.997853 -0.003803  0.557844 0.178849 1 0 1.000000
Material_0
0  -0.152445 0.010142 9.279761  0.000000 -1.000000 0.000000  0.558668 0.178531 1 0 1.000000
0  -0.152444 0.010143 12.914750  0.000000 -1.000000 -0.000000  0.558874 0.178743 1 0 1.000000
0  -0.907381 0.010142 9.279761  -0.065387 -0.997853 -0.003803  0.557844 0.178849 1 0 1.000000
Material_0
0  -0.152446 0.010140 -1.169912  0.000000 -1.000000 0.000000  0.557123 0.177470 1 0 1.000000
0  -0.152446 0.010140 -0.755494  0.000000 -1.000000 0.000000  0.557432 0.177682 1 0 1.000000
0  -0.907383 0.010140 -1.169912  -0.065424 -0.997850 -0.003755  0.556299 0.177682 1 0 1.000000
Material_0
0  -0.907381 0.010142 9.279761  -0.065387 -0.997853 -0.003803  0.557844 0.178849 1 0 1.000000
0  -1.569050 0.101258 9.272326  -0.321856 -0.946787 0.001891  0.557123 0.179167 1 0 1.000000
0  -0.907381 0.010142 8.865342  -0.065404 -0.997852 -0.003781  0.557535 0.178637 1 0 1.000000
Material_0
0  -1.569050 0.101258 9.272326  -0.321856 -0.946787 0.001891  0.557123 0.179167 1 0 1.000000
0  -1.569050 0.101257 8.857909  -0.317700 -0.948191 -0.000001  0.556814 0.178955 1 0 1.000000
0  -0.907381 0.010142 8.865342  -0.065404 -0.997852 -0.003781  0.557535 0.178637 1 0 1.000000
Material_0
0  -1.569050 0.101257 8.857909  -0.317700 -0.948191 -0.000001  0.556814 0.178955 1 0 1.000000
0  -1.569052 0.101256 1.688277  -0.330091 -0.943941 -0.003780  0.556505 0.178743 1 0 1.000000
0  -0.907381 0.010142 8.865342  -0.065404 -0.997852 -0.003781  0.557535 0.178637 1 0 1.000000
Material_0
0  -0.907381 0.010142 8.865342  -0.065404 -0.997852 -0.003781  0.557535 0.178637 1 0 1.000000
0  -1.569052 0.101256 1.688277  -0.330091 -0.943941 -0.003780  0.556505 0.178743 1 0 1.000000
0  -0.907382 0.010141 1.695711  -0.065389 -0.997853 -0.003800  0.557226 0.178318 1 0 1.000000
Material_0
0  -0.907382 0.010141 1.695711  -0.065389 -0.997853 -0.003800  0.557226 0.178318 1 0 1.000000
0  -1.569052 0.101256 1.688277  -0.330091 -0.943941 -0.003780  0.556505 0.178743 1 0 1.000000
0  -0.907382 0.010141 1.281292  -0.065394 -0.997852 -0.003793  0.556917 0.178106 1 0 1.000000
Material_0
0  -1.569052 0.101256 1.688277  -0.330091 -0.943941 -0.003780  0.556505 0.178743 1 0 1.000000
0  -1.569052 0.101256 1.273859  -0.305261 -0.952261 -0.003777  0.556196 0.178531 1 0 1.000000
0  -0.907382 0.010141 1.281292  -0.065394 -0.997852 -0.003793  0.556917 0.178106 1 0 1.000000
Material_0
0  -0.907382 0.010141 1.281292  -0.065394 -0.997852 -0.003793  0.556917 0.178106 1 0 1.000000
0  -1.569052 0.101256 1.273859  -0.305261 -0.952261 -0.003777  0.556196 0.178531 1 0 1.000000
0  -0.907382 0.010140 -0.755494  -0.065417 -0.997851 -0.003765  0.556608 0.177894 1 0 1.000000
Material_0
0  -0.907382 0.010140 -0.755494  -0.065417 -0.997851 -0.003765  0.556608 0.177894 1 0 1.000000
0  -1.569052 0.101256 1.273859  -0.305261 -0.952261 -0.003777  0.556196 0.178531 1 0 1.000000
0  -1.569052 0.101256 -0.762927  -0.313592 -0.949558 -0.000000  0.555887 0.178212 1 0 1.000000
Material_0
0  -1.569052 0.101256 1.273859  -0.305261 -0.952261 -0.003777  0.556196 0.178531 1 0 1.000000
0  -1.942119 0.373580 1.253416  -0.837052 -0.547123 0.000000  0.555784 0.178955 1 0 1.000000
0  -1.569052 0.101256 -0.762927  -0.313592 -0.949558 -0.000000  0.555887 0.178212 1 0 1.000000
Material_0
0  -1.569052 0.101256 -0.762927  -0.313592 -0.949558 -0.000000  0.555887 0.178212 1 0 1.000000
0  -1.942119 0.373580 1.253416  -0.837052 -0.547123 0.000000  0.555784 0.178955 1 0 1.000000
0  -1.942119 0.373580 -0.783369  -0.853373 -0.521287 -0.003772  0.555475 0.178637 1 0 1.000000
Material_0
0  -1.942119 0.373580 1.253416  -0.837052 -0.547123 0.000000  0.555784 0.178955 1 0 1.000000
0  -2.026739 0.828136 1.216248  -0.989925 0.141595 0.000000  0.555681 0.179379 1 0 1.000000
0  -1.942119 0.373580 -0.783369  -0.853373 -0.521287 -0.003772  0.555475 0.178637 1 0 1.000000
Material_0
0  -1.942119 0.373580 -0.783369  -0.853373 -0.521287 -0.003772  0.555475 0.178637 1 0 1.000000
0  -2.026739 0.828136 1.216248  -0.989925 0.141595 0.000000  0.555681 0.179379 1 0 1.000000
0  -2.026739 0.828136 -0.816820  -0.986603 0.163131 -0.001888  0.555372 0.179167 1 0 1.000000
Material_0
0  -2.026739 0.828136 1.216248  -0.989925 0.141595 0.000000  0.555681 0.179379 1 0 1.000000
0  -1.822756 1.463900 1.377927  -0.914208 0.405241 -0.001884  0.554960 0.179379 1 0 1.000000
0  -2.026739 0.828136 -0.816820  -0.986603 0.163131 -0.001888  0.555372 0.179167 1 0 1.000000
Material_0
0  -1.822756 1.463900 1.377927  -0.914208 0.405241 -0.001884  0.554960 0.179379 1 0 1.000000
0  -1.822756 1.463899 -1.024958  -0.914189 0.405284 -0.001888  0.552281 0.177364 1 0 1.000000
0  -2.026739 0.828136 -0.816820  -0.986603 0.163131 -0.001888  0.555372 0.179167 1 0 1.000000
Material_0
0  -2.026739 0.828136 -0.816820  -0.986603 0.163131 -0.001888  0.555372 0.179167 1 0 1.000000
0  -1.822756 1.463899 -1.024958  -0.914189 0.405284 -0.001888  0.552281 0.177364 1 0 1.000000
0  -2.026739 0.828135 -1.227522  -0.989881 0.141897 0.000000  0.555063 0.178955 1 0 1.000000
Material_0
0  -2.026739 0.828136 1.216248  -0.989925 0.141595 0.000000  0.555681 0.179379 1 0 1.000000
0  -2.026739 0.828136 1.626950  -0.987989 0.154478 -0.003752  0.555990 0.179697 1 0 1.000000
0  -1.822756 1.463900 1.377927  -0.914208 0.405241 -0.001884  0.554960 0.179379 1 0 1.000000
Material_0
0  -1.822756 1.463900 1.377927  -0.914208 0.405241 -0.001884  0.554960 0.179379 1 0 1.000000
0  -2.026739 0.828136 1.626950  -0.987989 0.154478 -0.003752  0.555990 0.179697 1 0 1.000000
0  -1.822755 1.463901 9.014011  -0.912422 0.409250 0.000003  0.557638 0.181395 1 0 1.000000
Material_0
0  -2.026739 0.828136 1.626950  -0.987989 0.154478 -0.003752  0.555990 0.179697 1 0 1.000000
0  -2.026737 0.828137 8.794722  -0.992251 0.124190 -0.003778  0.556299 0.179910 1 0 1.000000
0  -1.822755 1.463901 9.014011  -0.912422 0.409250 0.000003  0.557638 0.181395 1 0 1.000000
Material_0
0  -1.822755 1.463901 9.014011  -0.912422 0.409250 0.000003  0.557638 0.181395 1 0 1.000000
0  -2.026737 0.828137 8.794722  -0.992251 0.124190 -0.003778  0.556299 0.179910 1 0 1.000000
0  -2.026737 0.828137 9.205425  -0.987988 0.154487 -0.003763  0.556505 0.180122 1 0 1.000000
Material_0
0  -2.026739 0.828136 1.626950  -0.987989 0.154478 -0.003752  0.555990 0.179697 1 0 1.000000
0  -1.942119 0.373580 1.664117  -0.855647 -0.517560 0.000000  0.556093 0.179167 1 0 1.000000
0  -2.026737 0.828137 8.794722  -0.992251 0.124190 -0.003778  0.556299 0.179910 1 0 1.000000
Material_0
0  -2.026737 0.828137 8.794722  -0.992251 0.124190 -0.003778  0.556299 0.179910 1 0 1.000000
0  -1.942119 0.373580 1.664117  -0.855647 -0.517560 0.000000  0.556093 0.179167 1 0 1.000000
0  -1.942118 0.373581 8.833748  -0.834649 -0.550769 -0.003748  0.556402 0.179379 1 0 1.000000
Material_0
0  -1.942119 0.373580 1.664117  -0.855647 -0.517560 0.000000  0.556093 0.179167 1 0 1.000000
0  -1.569052 0.101256 1.688277  -0.330091 -0.943941 -0.003780  0.556505 0.178743 1 0 1.000000
0  -1.942118 0.373581 8.833748  -0.834649 -0.550769 -0.003748  0.556402 0.179379 1 0 1.000000
Material_0
0  -1.942118 0.373581 8.833748  -0.834649 -0.550769 -0.003748  0.556402 0.179379 1 0 1.000000
0  -1.569052 0.101256 1.688277  -0.330091 -0.943941 -0.003780  0.556505 0.178743 1 0 1.000000
0  -1.569050 0.101257 8.857909  -0.317700 -0.948191 -0.000001  0.556814 0.178955 1 0 1.000000
Material_0
0  0.396502 0.010143 12.914750  0.000000 -1.000000 -0.000000  0.559492 0.178531 1 0 1.000000
0  1.151439 0.010143 12.914750  0.065384 -0.997853 -0.003807  0.560316 0.178318 1 0 1.000000
0  1.151439 0.010143 13.327313  0.065400 -0.997852 -0.003786  0.560625 0.178531 1 0 1.000000
Material_0
0  1.151439 0.010143 13.327313  0.065400 -0.997852 -0.003786  0.560625 0.178531 1 0 1.000000
0  1.151439 0.010143 12.914750  0.065384 -0.997853 -0.003807  0.560316 0.178318 1 0 1.000000
0  1.813108 0.101259 13.319879  0.292786 -0.956176 0.001885  0.561346 0.178424 1 0 1.000000
Material_0
0  1.813108 0.101259 13.319879  0.292786 -0.956176 0.001885  0.561346 0.178424 1 0 1.000000
0  1.151439 0.010143 12.914750  0.065384 -0.997853 -0.003807  0.560316 0.178318 1 0 1.000000
0  1.813108 0.101259 12.905459  0.313599 -0.949556 -0.000000  0.561037 0.178212 1 0 1.000000
Material_0
0  1.151439 0.010143 12.914750  0.065384 -0.997853 -0.003807  0.560316 0.178318 1 0 1.000000
0  1.813107 0.101259 9.272326  0.321857 -0.946787 0.001894  0.560728 0.178000 1 0 1.000000
0  1.813108 0.101259 12.905459  0.313599 -0.949556 -0.000000  0.561037 0.178212 1 0 1.000000
Material_0
0  1.813108 0.101259 12.905459  0.313599 -0.949556 -0.000000  0.561037 0.178212 1 0 1.000000
0  1.813107 0.101259 9.272326  0.321857 -0.946787 0.001894  0.560728 0.178000 1 0 1.000000
0  2.186175 0.373583 12.879441  0.834631 -0.550796 -0.003786  0.561449 0.178318 1 0 1.000000
Material_0
0  1.813107 0.101259 9.272326  0.321857 -0.946787 0.001894  0.560728 0.178000 1 0 1.000000
0  2.186175 0.373582 9.246307  0.855607 -0.517626 -0.000000  0.561140 0.178106 1 0 1.000000
0  2.186175 0.373583 12.879441  0.834631 -0.550796 -0.003786  0.561449 0.178318 1 0 1.000000
Material_0
0  2.186175 0.373583 12.879441  0.834631 -0.550796 -0.003786  0.561449 0.178318 1 0 1.000000
0  2.186175 0.373582 9.246307  0.855607 -0.517626 -0.000000  0.561140 0.178106 1 0 1.000000
0  2.270795 0.828139 12.836701  0.989928 0.141570 -0.000000  0.561449 0.178849 1 0 1.000000
Material_0
0  2.186175 0.373582 9.246307  0.855607 -0.517626 -0.000000  0.561140 0.178106 1 0 1.000000
0  2.270794 0.828138 9.205425  0.989935 0.141522 -0.000000  0.561243 0.178531 1 0 1.000000
0  2.270795 0.828139 12.836701  0.989928 0.141570 -0.000000  0.561449 0.178849 1 0 1.000000
Material_0
0  2.270794 0.828138 9.205425  0.989935 0.141522 -0.000000  0.561243 0.178531 1 0 1.000000
0  2.066657 1.463902 9.014011  0.912427 0.409240 0.000003  0.561861 0.180016 1 0 1.000000
0  2.270795 0.828139 12.836701  0.989928 0.141570 -0.000000  0.561449 0.178849 1 0 1.000000
Material_0
0  2.270795 0.828139 12.836701  0.989928 0.141570 -0.000000  0.561449 0.178849 1 0 1.000000
0  2.066657 1.463902 9.014011  0.912427 0.409240 0.000003  0.561861 0.180016 1 0 1.000000
0  2.066658 1.463902 13.035545  0.910611 0.413247 -0.003770  0.564437 0.182031 1 0 1.000000
Material_0
0  2.066658 1.463902 13.035545  0.910611 0.413247 -0.003770  0.564437 0.182031 1 0 1.000000
0  2.066657 1.463902 9.014011  0.912427 0.409240 0.000003  0.561861 0.180016 1 0 1.000000
0  1.114533 3.385526 12.753071  0.897540 0.440897 -0.005664  0.565261 0.185956 1 0 1.000000
Material_0
0  1.114533 3.385526 12.753071  0.897540 0.440897 -0.005664  0.565261 0.185956 1 0 1.000000
0  2.066657 1.463902 9.014011  0.912427 0.409240 0.000003  0.561861 0.180016 1 0 1.000000
0  1.147268 3.382966 8.941533  0.901391 0.433001 0.001965  0.560316 0.182031 1 0 1.000000
Material_0
0  2.066657 1.463902 9.014011  0.912427 0.409240 0.000003  0.561861 0.180016 1 0 1.000000
0  2.066656 1.463901 1.377927  0.912430 0.409233 -0.000000  0.559183 0.178000 1 0 1.000000
0  1.147268 3.382966 8.941533  0.901391 0.433001 0.001965  0.560316 0.182031 1 0 1.000000
Material_0
0  1.147268 3.382966 8.941533  0.901391 0.433001 0.001965  0.560316 0.182031 1 0 1.000000
0  2.066656 1.463901 1.377927  0.912430 0.409233 -0.000000  0.559183 0.178000 1 0 1.000000
0  1.154988 3.366585 1.327750  0.901365 0.433057 0.001919  0.557844 0.180122 1 0 1.000000
Material_0
0  1.154988 3.366585 1.327750  0.901365 0.433057 0.001919  0.557844 0.180122 1 0 1.000000
0  2.066656 1.463901 1.377927  0.912430 0.409233 -0.000000  0.559183 0.178000 1 0 1.000000
0  1.157149 3.361977 -0.822396  0.901389 0.433006 0.001816  0.555372 0.178212 1 0 1.000000
Material_0
0  2.066656 1.463901 1.377927  0.912430 0.409233 -0.000000  0.559183 0.178000 1 0 1.000000
0  2.066655 1.463900 -1.024958  0.914196 0.405269 -0.001884  0.556505 0.175985 1 0 1.000000
0  1.157149 3.361977 -0.822396  0.901389 0.433006 0.001816  0.555372 0.178212 1 0 1.000000
Material_0
0  1.157149 3.361977 -0.822396  0.901389 0.433006 0.001816  0.555372 0.178212 1 0 1.000000
0  2.066655 1.463900 -1.024958  0.914196 0.405269 -0.001884  0.556505 0.175985 1 0 1.000000
0  1.161163 3.353786 -4.782604  0.901381 0.433023 0.001850  0.552899 0.176303 1 0 1.000000
Material_0
0  1.161163 3.353786 -4.782604  0.901381 0.433023 0.001850  0.552899 0.176303 1 0 1.000000
0  2.066655 1.463900 -1.024958  0.914196 0.405269 -0.001884  0.556505 0.175985 1 0 1.000000
0  2.066654 1.463900 -4.782604  0.915959 0.401268 0.001884  0.553827 0.173863 1 0 1.000000
Material_0
0  2.066655 1.463900 -1.024958  0.914196 0.405269 -0.001884  0.556505 0.175985 1 0 1.000000
0  2.270792 0.828136 -1.227522  0.989933 0.141540 -0.000000  0.559698 0.177470 1 0 1.000000
0  2.066654 1.463900 -4.782604  0.915959 0.401268 0.001884  0.553827 0.173863 1 0 1.000000
Material_0
0  2.066654 1.463900 -4.782604  0.915959 0.401268 0.001884  0.553827 0.173863 1 0 1.000000
0  2.270792 0.828136 -1.227522  0.989933 0.141540 -0.000000  0.559698 0.177470 1 0 1.000000
0  2.270792 0.828136 -4.782604  0.994279 0.106817 -0.000000  0.554033 0.173120 1 0 1.000000
Material_0
0  2.270792 0.828136 -4.782604  0.994279 0.106817 -0.000000  0.554033 0.173120 1 0 1.000000
0  2.270792 0.828136 -1.227522  0.989933 0.141540 -0.000000  0.559698 0.177470 1 0 1.000000
0  2.186172 0.373580 -4.782604  0.846371 -0.532593 -0.000000  0.554033 0.172696 1 0 1.000000
Material_0
0  2.270792 0.828136 -1.227522  0.989933 0.141540 -0.000000  0.559698 0.177470 1 0 1.000000
0  2.186173 0.373581 -1.195929  0.837093 -0.547061 -0.000000  0.559698 0.177045 1 0 1.000000
0  2.186172 0.373580 -4.782604  0.846371 -0.532593 -0.000000  0.554033 0.172696 1 0 1.000000
Material_0
0  2.186172 0.373580 -4.782604  0.846371 -0.532593 -0.000000  0.554033 0.172696 1 0 1.000000
0  2.186173 0.373581 -1.195929  0.837093 -0.547061 -0.000000  0.559698 0.177045 1 0 1.000000
0  1.813105 0.101256 -4.782603  0.330135 -0.943926 -0.003780  0.553620 0.172484 1 0 1.000000
Material_0
0  2.186173 0.373581 -1.195929  0.837093 -0.547061 -0.000000  0.559698 0.177045 1 0 1.000000
0  1.813105 0.101257 -1.175487  0.317712 -0.948187 -0.000000  0.559286 0.176833 1 0 1.000000
0  1.813105 0.101256 -4.782603  0.330135 -0.943926 -0.003780  0.553620 0.172484 1 0 1.000000
Material_0
0  1.813105 0.101256 -4.782603  0.330135 -0.943926 -0.003780  0.553620 0.172484 1 0 1.000000
0  1.813105 0.101257 -1.175487  0.317712 -0.948187 -0.000000  0.559286 0.176833 1 0 1.000000
0  1.151436 0.010141 -1.169912  0.065384 -0.997853 -0.003806  0.558565 0.176939 1 0 1.000000
Material_0
0  1.813105 0.101257 -1.175487  0.317712 -0.948187 -0.000000  0.559286 0.176833 1 0 1.000000
0  1.813106 0.101257 -0.762927  0.313592 -0.949558 0.000001  0.559595 0.177045 1 0 1.000000
0  1.151436 0.010141 -1.169912  0.065384 -0.997853 -0.003806  0.558565 0.176939 1 0 1.000000
Material_0
0  1.151436 0.010141 -1.169912  0.065384 -0.997853 -0.003806  0.558565 0.176939 1 0 1.000000
0  1.813106 0.101257 -0.762927  0.313592 -0.949558 0.000001  0.559595 0.177045 1 0 1.000000
0  1.151436 0.010141 -0.755494  0.065376 -0.997853 -0.003818  0.558874 0.177151 1 0 1.000000
Material_0
0  1.151436 0.010141 -0.755494  0.065376 -0.997853 -0.003818  0.558874 0.177151 1 0 1.000000
0  1.813106 0.101257 -0.762927  0.313592 -0.949558 0.000001  0.559595 0.177045 1 0 1.000000
0  1.813106 0.101257 1.273859  0.305261 -0.952261 -0.003778  0.559904 0.177258 1 0 1.000000
Material_0
0  1.813106 0.101257 1.273859  0.305261 -0.952261 -0.003778  0.559904 0.177258 1 0 1.000000
0  1.813106 0.101257 -0.762927  0.313592 -0.949558 0.000001  0.559595 0.177045 1 0 1.000000
0  2.186173 0.373581 1.253416  0.837053 -0.547122 -0.000000  0.560213 0.177470 1 0 1.000000
Material_0
0  1.813106 0.101257 -0.762927  0.313592 -0.949558 0.000001  0.559595 0.177045 1 0 1.000000
0  2.186173 0.373581 -0.783369  0.853374 -0.521286 -0.003772  0.559904 0.177258 1 0 1.000000
0  2.186173 0.373581 1.253416  0.837053 -0.547122 -0.000000  0.560213 0.177470 1 0 1.000000
Material_0
0  2.186173 0.373581 1.253416  0.837053 -0.547122 -0.000000  0.560213 0.177470 1 0 1.000000
0  2.186173 0.373581 -0.783369  0.853374 -0.521286 -0.003772  0.559904 0.177258 1 0 1.000000
0  2.270792 0.828137 1.216248  0.989977 0.141231 -0.000000  0.560316 0.177894 1 0 1.000000
Material_0
0  2.186173 0.373581 -0.783369  0.853374 -0.521286 -0.003772  0.559904 0.177258 1 0 1.000000
0  2.270792 0.828137 -0.816820  0.986603 0.163127 -0.001889  0.560007 0.177682 1 0 1.000000
0  2.270792 0.828137 1.216248  0.989977 0.141231 -0.000000  0.560316 0.177894 1 0 1.000000
Material_0
0  2.270792 0.828137 1.216248  0.989977 0.141231 -0.000000  0.560316 0.177894 1 0 1.000000
0  2.270792 0.828137 -0.816820  0.986603 0.163127 -0.001889  0.560007 0.177682 1 0 1.000000
0  2.066656 1.463901 1.377927  0.912430 0.409233 -0.000000  0.559183 0.178000 1 0 1.000000
Material_0
0  2.066656 1.463901 1.377927  0.912430 0.409233 -0.000000  0.559183 0.178000 1 0 1.000000
0  2.270792 0.828137 -0.816820  0.986603 0.163127 -0.001889  0.560007 0.177682 1 0 1.000000
0  2.066655 1.463900 -1.024958  0.914196 0.405269 -0.001884  0.556505 0.175985 1 0 1.000000
Material_0
0  2.270792 0.828137 -0.816820  0.986603 0.163127 -0.001889  0.560007 0.177682 1 0 1.000000
0  2.270792 0.828136 -1.227522  0.989933 0.141540 -0.000000  0.559698 0.177470 1 0 1.000000
0  2.066655 1.463900 -1.024958  0.914196 0.405269 -0.001884  0.556505 0.175985 1 0 1.000000
Material_0
0  1.813105 0.101256 -4.782603  0.330135 -0.943926 -0.003780  0.553620 0.172484 1 0 1.000000
0  1.151436 0.010141 -1.169912  0.065384 -0.997853 -0.003806  0.558565 0.176939 1 0 1.000000
0  1.151435 0.010140 -4.782603  0.065390 -0.997853 -0.003802  0.552899 0.172590 1 0 1.000000
Material_0
0  1.151435 0.010140 -4.782603  0.065390 -0.997853 -0.003802  0.552899 0.172590 1 0 1.000000
0  1.151436 0.010141 -1.169912  0.065384 -0.997853 -0.003806  0.558565 0.176939 1 0 1.000000
0  0.396499 0.010140 -4.782603  0.000000 -1.000000 0.000000  0.552075 0.172908 1 0 1.000000
Material_0
0  0.396499 0.010140 -4.782603  0.000000 -1.000000 0.000000  0.552075 0.172908 1 0 1.000000
0  1.151436 0.010141 -1.169912  0.065384 -0.997853 -0.003806  0.558565 0.176939 1 0 1.000000
0  0.396500 0.010140 -1.169912  0.000000 -1.000000 0.000000  0.557741 0.177258 1 0 1.000000
Material_0
0  1.151436 0.010141 -1.169912  0.065384 -0.997853 -0.003806  0.558565 0.176939 1 0 1.000000
0  1.151436 0.010141 -0.755494  0.065376 -0.997853 -0.003818  0.558874 0.177151 1 0 1.000000
0  0.396500 0.010140 -1.169912  0.000000 -1.000000 0.000000  0.557741 0.177258 1 0 1.000000
Material_0
0  0.396500 0.010140 -1.169912  0.000000 -1.000000 0.000000  0.557741 0.177258 1 0 1.000000
0  1.151436 0.010141 -0.755494  0.065376 -0.997853 -0.003818  0.558874 0.177151 1 0 1.000000
0  0.396500 0.010140 -0.755494  0.000000 -1.000000 0.000000  0.558050 0.177470 1 0 1.000000
Material_0
0  1.151436 0.010141 -0.755494  0.065376 -0.997853 -0.003818  0.558874 0.177151 1 0 1.000000
0  1.151437 0.010141 1.281292  0.065376 -0.997853 -0.003818  0.559183 0.177470 1 0 1.000000
0  0.396500 0.010140 -0.755494  0.000000 -1.000000 0.000000  0.558050 0.177470 1 0 1.000000
Material_0
0  0.396500 0.010140 -0.755494  0.000000 -1.000000 0.000000  0.558050 0.177470 1 0 1.000000
0  1.151437 0.010141 1.281292  0.065376 -0.997853 -0.003818  0.559183 0.177470 1 0 1.000000
0  0.396500 0.010141 1.281292  0.000000 -1.000000 0.000000  0.558359 0.177682 1 0 1.000000
Material_0
0  1.151437 0.010141 1.281292  0.065376 -0.997853 -0.003818  0.559183 0.177470 1 0 1.000000
0  1.151437 0.010141 1.695711  0.065370 -0.997854 -0.003825  0.559389 0.177682 1 0 1.000000
0  0.396500 0.010141 1.281292  0.000000 -1.000000 0.000000  0.558359 0.177682 1 0 1.000000
Material_0
0  0.396500 0.010141 1.281292  0.000000 -1.000000 0.000000  0.558359 0.177682 1 0 1.000000
0  1.151437 0.010141 1.695711  0.065370 -0.997854 -0.003825  0.559389 0.177682 1 0 1.000000
0  0.396500 0.010141 1.695711  0.000000 -1.000000 0.000000  0.558668 0.177894 1 0 1.000000
Material_0
0  1.151437 0.010141 1.695711  0.065370 -0.997854 -0.003825  0.559389 0.177682 1 0 1.000000
0  1.151438 0.010142 8.865342  0.065418 -0.997851 -0.003764  0.559698 0.177894 1 0 1.000000
0  0.396500 0.010141 1.695711  0.000000 -1.000000 0.000000  0.558668 0.177894 1 0 1.000000
Material_0
0  0.396500 0.010141 1.695711  0.000000 -1.000000 0.000000  0.558668 0.177894 1 0 1.000000
0  1.151438 0.010142 8.865342  0.065418 -0.997851 -0.003764  0.559698 0.177894 1 0 1.000000
0  0.396502 0.010142 8.865342  0.000000 -1.000000 0.000000  0.558874 0.178106 1 0 1.000000
Material_0
0  1.151438 0.010142 8.865342  0.065418 -0.997851 -0.003764  0.559698 0.177894 1 0 1.000000
0  1.151438 0.010142 9.279761  0.065370 -0.997854 -0.003824  0.560007 0.178106 1 0 1.000000
0  0.396502 0.010142 8.865342  0.000000 -1.000000 0.000000  0.558874 0.178106 1 0 1.000000
Material_0
0  0.396502 0.010142 8.865342  0.000000 -1.000000 0.000000  0.558874 0.178106 1 0 1.000000
0  1.151438 0.010142 9.279761  0.065370 -0.997854 -0.003824  0.560007 0.178106 1 0 1.000000
0  0.396502 0.010142 9.279761  0.000000 -1.000000 0.000000  0.559183 0.178318 1 0 1.000000
Material_0
0  1.151438 0.010142 9.279761  0.065370 -0.997854 -0.003824  0.560007 0.178106 1 0 1.000000
0  1.151439 0.010143 12.914750  0.065384 -0.997853 -0.003807  0.560316 0.178318 1 0 1.000000
0  0.396502 0.010142 9.279761  0.000000 -1.000000 0.000000  0.559183 0.178318 1 0 1.000000
Material_0
0  0.396502 0.010142 9.279761  0.000000 -1.000000 0.000000  0.559183 0.178318 1 0 1.000000
0  1.151439 0.010143 12.914750  0.065384 -0.997853 -0.003807  0.560316 0.178318 1 0 1.000000
0  0.396502 0.010143 12.914750  0.000000 -1.000000 -0.000000  0.559492 0.178531 1 0 1.000000
Material_0
0  1.151436 0.010141 -0.755494  0.065376 -0.997853 -0.003818  0.558874 0.177151 1 0 1.000000
0  1.813106 0.101257 1.273859  0.305261 -0.952261 -0.003778  0.559904 0.177258 1 0 1.000000
0  1.151437 0.010141 1.281292  0.065376 -0.997853 -0.003818  0.559183 0.177470 1 0 1.000000
Material_0
0  1.813106 0.101257 1.273859  0.305261 -0.952261 -0.003778  0.559904 0.177258 1 0 1.000000
0  1.813106 0.101257 1.688277  0.330092 -0.943941 -0.003782  0.560110 0.177470 1 0 1.000000
0  1.151437 0.010141 1.281292  0.065376 -0.997853 -0.003818  0.559183 0.177470 1 0 1.000000
Material_0
0  1.151437 0.010141 1.281292  0.065376 -0.997853 -0.003818  0.559183 0.177470 1 0 1.000000
0  1.813106 0.101257 1.688277  0.330092 -0.943941 -0.003782  0.560110 0.177470 1 0 1.000000
0  1.151437 0.010141 1.695711  0.065370 -0.997854 -0.003825  0.559389 0.177682 1 0 1.000000
Material_0
0  1.151437 0.010141 1.695711  0.065370 -0.997854 -0.003825  0.559389 0.177682 1 0 1.000000
0  1.813106 0.101257 1.688277  0.330092 -0.943941 -0.003782  0.560110 0.177470 1 0 1.000000
0  1.151438 0.010142 8.865342  0.065418 -0.997851 -0.003764  0.559698 0.177894 1 0 1.000000
Material_0
0  1.813106 0.101257 1.688277  0.330092 -0.943941 -0.003782  0.560110 0.177470 1 0 1.000000
0  1.813107 0.101258 8.857909  0.317701 -0.948191 0.000000  0.560419 0.177682 1 0 1.000000
0  1.151438 0.010142 8.865342  0.065418 -0.997851 -0.003764  0.559698 0.177894 1 0 1.000000
Material_0
0  1.813107 0.101258 8.857909  0.317701 -0.948191 0.000000  0.560419 0.177682 1 0 1.000000
0  1.813107 0.101259 9.272326  0.321857 -0.946787 0.001894  0.560728 0.178000 1 0 1.000000
0  1.151438 0.010142 8.865342  0.065418 -0.997851 -0.003764  0.559698 0.177894 1 0 1.000000
Material_0
0  1.151438 0.010142 8.865342  0.065418 -0.997851 -0.003764  0.559698 0.177894 1 0 1.000000
0  1.813107 0.101259 9.272326  0.321857 -0.946787 0.001894  0.560728 0.178000 1 0 1.000000
0  1.151438 0.010142 9.279761  0.065370 -0.997854 -0.003824  0.560007 0.178106 1 0 1.000000
Material_0
0  1.813107 0.101259 9.272326  0.321857 -0.946787 0.001894  0.560728 0.178000 1 0 1.000000
0  1.151439 0.010143 12.914750  0.065384 -0.997853 -0.003807  0.560316 0.178318 1 0 1.000000
0  1.151438 0.010142 9.279761  0.065370 -0.997854 -0.003824  0.560007 0.178106 1 0 1.000000
Material_0
0  1.813107 0.101258 8.857909  0.317701 -0.948191 0.000000  0.560419 0.177682 1 0 1.000000
0  1.813106 0.101257 1.688277  0.330092 -0.943941 -0.003782  0.560110 0.177470 1 0 1.000000
0  2.186174 0.373582 8.833748  0.834650 -0.550768 -0.003749  0.560831 0.177894 1 0 1.000000
Material_0
0  1.813106 0.101257 1.688277  0.330092 -0.943941 -0.003782  0.560110 0.177470 1 0 1.000000
0  2.186173 0.373581 1.664117  0.855647 -0.517559 -0.000000  0.560522 0.177682 1 0 1.000000
0  2.186174 0.373582 8.833748  0.834650 -0.550768 -0.003749  0.560831 0.177894 1 0 1.000000
Material_0
0  2.186174 0.373582 8.833748  0.834650 -0.550768 -0.003749  0.560831 0.177894 1 0 1.000000
0  2.186173 0.373581 1.664117  0.855647 -0.517559 -0.000000  0.560522 0.177682 1 0 1.000000
0  2.270794 0.828138 8.794722  0.989930 0.141561 -0.000000  0.560934 0.178318 1 0 1.000000
Material_0
0  2.186173 0.373581 1.664117  0.855647 -0.517559 -0.000000  0.560522 0.177682 1 0 1.000000
0  2.270793 0.828137 1.626950  0.989930 0.141561 -0.000000  0.560625 0.178106 1 0 1.000000
0  2.270794 0.828138 8.794722  0.989930 0.141561 -0.000000  0.560934 0.178318 1 0 1.000000
Material_0
0  2.270794 0.828138 8.794722  0.989930 0.141561 -0.000000  0.560934 0.178318 1 0 1.000000
0  2.270793 0.828137 1.626950  0.989930 0.141561 -0.000000  0.560625 0.178106 1 0 1.000000
0  2.066656 1.463901 1.377927  0.912430 0.409233 -0.000000  0.559183 0.178000 1 0 1.000000
Material_0
0  2.270793 0.828137 1.626950  0.989930 0.141561 -0.000000  0.560625 0.178106 1 0 1.000000
0  2.270792 0.828137 1.216248  0.989977 0.141231 -0.000000  0.560316 0.177894 1 0 1.000000
0  2.066656 1.463901 1.377927  0.912430 0.409233 -0.000000  0.559183 0.178000 1 0 1.000000
Material_0
0  2.066656 1.463901 1.377927  0.912430 0.409233 -0.000000  0.559183 0.178000 1 0 1.000000
0  2.066657 1.463902 9.014011  0.912427 0.409240 0.000003  0.561861 0.180016 1 0 1.000000
0  2.270794 0.828138 8.794722  0.989930 0.141561 -0.000000  0.560934 0.178318 1 0 1.000000
Material_0
0  2.066657 1.463902 9.014011  0.912427 0.409240 0.000003  0.561861 0.180016 1 0 1.000000
0  2.270794 0.828138 9.205425  0.989935 0.141522 -0.000000  0.561243 0.178531 1 0 1.000000
0  2.270794 0.828138 8.794722  0.989930 0.141561 -0.000000  0.560934 0.178318 1 0 1.000000
Material_0
0  0.396499 0.010140 -4.782603  -0.999997 0.002205 0.000000  0.552075 0.172908 1 0 1.000000
0  0.396500 0.010140 -1.169912  -0.999998 0.002205 0.000000  0.557741 0.177258 1 0 1.000000
0  0.396499 0.274274 -4.782604  -0.999998 0.002205 0.000000  0.552075 0.172908 1 0 1.000000
Material_0
0  0.396499 0.274274 -4.782604  -0.999998 0.002205 0.000000  0.552075 0.172908 1 0 1.000000
0  0.396500 0.010140 -1.169912  -0.999998 0.002205 0.000000  0.557741 0.177258 1 0 1.000000
0  0.396500 0.274274 -1.168054  -0.999998 0.002205 0.000000  0.557741 0.177258 1 0 1.000000
Material_0
0  0.396500 0.010140 -1.169912  -0.999998 0.002205 0.000000  0.557741 0.177258 1 0 1.000000
0  0.396500 0.010140 -0.755494  -0.999998 0.002205 0.000000  0.558050 0.177470 1 0 1.000000
0  0.396500 0.274274 -1.168054  -0.999998 0.002205 0.000000  0.557741 0.177258 1 0 1.000000
Material_0
0  0.396500 0.274274 -1.168054  -0.999998 0.002205 0.000000  0.557741 0.177258 1 0 1.000000
0  0.396500 0.010140 -0.755494  -0.999998 0.002205 0.000000  0.558050 0.177470 1 0 1.000000
0  0.396500 0.274274 -0.755494  -0.999998 0.002205 0.000000  0.558050 0.177470 1 0 1.000000
Material_0
0  0.396500 0.010140 -0.755494  -0.999998 0.002205 0.000000  0.558050 0.177470 1 0 1.000000
0  0.396500 0.010141 1.281292  -0.999998 0.002205 0.000000  0.558359 0.177682 1 0 1.000000
0  0.396500 0.274274 -0.755494  -0.999998 0.002205 0.000000  0.558050 0.177470 1 0 1.000000
Material_0
0  0.396500 0.274274 -0.755494  -0.999998 0.002205 0.000000  0.558050 0.177470 1 0 1.000000
0  0.396500 0.010141 1.281292  -0.999998 0.002205 0.000000  0.558359 0.177682 1 0 1.000000
0  0.396500 0.274275 1.281292  -0.999998 0.002205 0.000000  0.558359 0.177682 1 0 1.000000
Material_0
0  0.396500 0.010141 1.281292  -0.999998 0.002205 0.000000  0.558359 0.177682 1 0 1.000000
0  0.396500 0.010141 1.695711  -0.999998 0.002205 0.000000  0.558668 0.177894 1 0 1.000000
0  0.396500 0.274275 1.281292  -0.999998 0.002205 0.000000  0.558359 0.177682 1 0 1.000000
Material_0
0  0.396500 0.274275 1.281292  -0.999998 0.002205 0.000000  0.558359 0.177682 1 0 1.000000
0  0.396500 0.010141 1.695711  -0.999998 0.002205 0.000000  0.558668 0.177894 1 0 1.000000
0  0.396500 0.274275 1.695711  -0.999998 0.002205 0.000000  0.558668 0.177894 1 0 1.000000
Material_0
0  0.396500 0.010141 1.695711  -0.999998 0.002205 0.000000  0.558668 0.177894 1 0 1.000000
0  0.396502 0.010142 8.865342  -0.999998 0.002205 0.000000  0.558874 0.178106 1 0 1.000000
0  0.396500 0.274275 1.695711  -0.999998 0.002205 0.000000  0.558668 0.177894 1 0 1.000000
Material_0
0  0.396500 0.274275 1.695711  -0.999998 0.002205 0.000000  0.558668 0.177894 1 0 1.000000
0  0.396502 0.010142 8.865342  -0.999998 0.002205 0.000000  0.558874 0.178106 1 0 1.000000
0  0.396502 0.274276 8.867199  -0.999998 0.002205 0.000000  0.558874 0.178106 1 0 1.000000
Material_0
0  0.396502 0.010142 8.865342  -0.999998 0.002205 0.000000  0.558874 0.178106 1 0 1.000000
0  0.396502 0.010142 9.279761  -0.999998 0.002205 0.000000  0.559183 0.178318 1 0 1.000000
0  0.396502 0.274276 8.867199  -0.999998 0.002205 0.000000  0.558874 0.178106 1 0 1.000000
Material_0
0  0.396502 0.274276 8.867199  -0.999998 0.002205 0.000000  0.558874 0.178106 1 0 1.000000
0  0.396502 0.010142 9.279761  -0.999998 0.002205 0.000000  0.559183 0.178318 1 0 1.000000
0  0.396502 0.274276 9.279760  -0.999998 0.002205 0.000000  0.559183 0.178318 1 0 1.000000
Material_0
0  0.396502 0.010142 9.279761  -0.999998 0.002205 0.000000  0.559183 0.178318 1 0 1.000000
0  0.396502 0.010143 12.914750  -0.999998 0.002205 0.000000  0.559492 0.178531 1 0 1.000000
0  0.396502 0.274276 9.279760  -0.999998 0.002205 0.000000  0.559183 0.178318 1 0 1.000000
Material_0
0  0.396502 0.274276 9.279760  -0.999998 0.002205 0.000000  0.559183 0.178318 1 0 1.000000
0  0.396502 0.010143 12.914750  -0.999998 0.002205 0.000000  0.559492 0.178531 1 0 1.000000
0  0.396502 0.274276 12.914750  -0.999998 0.002205 0.000000  0.559492 0.178531 1 0 1.000000
Material_0
0  0.396502 0.010143 12.914750  -0.999998 0.002205 0.000000  0.559492 0.178531 1 0 1.000000
0  0.396502 0.010143 13.327313  -0.999998 0.002205 0.000000  0.559801 0.178849 1 0 1.000000
0  0.396502 0.274276 12.914750  -0.999998 0.002205 0.000000  0.559492 0.178531 1 0 1.000000
Material_0
0  0.396502 0.274276 12.914750  -0.999998 0.002205 0.000000  0.559492 0.178531 1 0 1.000000
0  0.396502 0.010143 13.327313  -0.999998 0.002205 0.000000  0.559801 0.178849 1 0 1.000000
0  0.396502 0.274276 13.329169  -0.999998 0.002205 0.000000  0.559801 0.178849 1 0 1.000000
Material_0
0  0.396502 0.010143 13.327313  -0.999998 0.002205 0.000000  0.559801 0.178849 1 0 1.000000
0  0.396503 0.010143 14.250928  -0.999998 0.002205 0.000000  0.565467 0.183198 1 0 1.000000
0  0.396502 0.274276 13.329169  -0.999998 0.002205 0.000000  0.559801 0.178849 1 0 1.000000
Material_0
0  0.396502 0.274276 13.329169  -0.999998 0.002205 0.000000  0.559801 0.178849 1 0 1.000000
0  0.396503 0.010143 14.250928  -0.999998 0.002205 0.000000  0.565467 0.183198 1 0 1.000000
0  0.396503 0.274277 14.250928  -0.999998 0.002205 0.000000  0.565467 0.183198 1 0 1.000000
Material_0
0  -0.152444 0.010143 14.250928  0.999998 0.002205 -0.000000  0.564952 0.183410 1 0 1.000000
0  -0.152444 0.010143 13.327313  0.999998 0.002205 -0.000000  0.559183 0.178955 1 0 1.000000
0  -0.152444 0.274277 14.250928  0.999998 0.002205 -0.000000  0.564952 0.183410 1 0 1.000000
Material_0
0  -0.152444 0.274277 14.250928  0.999998 0.002205 -0.000000  0.564952 0.183410 1 0 1.000000
0  -0.152444 0.010143 13.327313  0.999998 0.002205 -0.000000  0.559183 0.178955 1 0 1.000000
0  -0.152444 0.274276 13.329169  0.999998 0.002205 -0.000000  0.559183 0.178955 1 0 1.000000
Material_0
0  -0.152444 0.010143 13.327313  0.999998 0.002205 -0.000000  0.559183 0.178955 1 0 1.000000
0  -0.152444 0.010143 12.914750  0.999998 0.002205 -0.000000  0.558874 0.178743 1 0 1.000000
0  -0.152444 0.274276 13.329169  0.999998 0.002205 -0.000000  0.559183 0.178955 1 0 1.000000
Material_0
0  -0.152444 0.274276 13.329169  0.999998 0.002205 -0.000000  0.559183 0.178955 1 0 1.000000
0  -0.152444 0.010143 12.914750  0.999998 0.002205 -0.000000  0.558874 0.178743 1 0 1.000000
0  -0.152444 0.274276 12.914750  0.999998 0.002205 -0.000000  0.558874 0.178743 1 0 1.000000
Material_0
0  -0.152444 0.010143 12.914750  0.999998 0.002205 -0.000000  0.558874 0.178743 1 0 1.000000
0  -0.152445 0.010142 9.279761  0.999998 0.002205 -0.000000  0.558668 0.178531 1 0 1.000000
0  -0.152444 0.274276 12.914750  0.999998 0.002205 -0.000000  0.558874 0.178743 1 0 1.000000
Material_0
0  -0.152444 0.274276 12.914750  0.999998 0.002205 -0.000000  0.558874 0.178743 1 0 1.000000
0  -0.152445 0.010142 9.279761  0.999998 0.002205 -0.000000  0.558668 0.178531 1 0 1.000000
0  -0.152445 0.274276 9.279760  0.999998 0.002205 -0.000000  0.558668 0.178531 1 0 1.000000
Material_0
0  -0.152445 0.010142 9.279761  0.999998 0.002205 -0.000000  0.558668 0.178531 1 0 1.000000
0  -0.152445 0.010142 8.865342  0.999998 0.002205 -0.000000  0.558359 0.178318 1 0 1.000000
0  -0.152445 0.274276 9.279760  0.999998 0.002205 -0.000000  0.558668 0.178531 1 0 1.000000
Material_0
0  -0.152445 0.274276 9.279760  0.999998 0.002205 -0.000000  0.558668 0.178531 1 0 1.000000
0  -0.152445 0.010142 8.865342  0.999998 0.002205 -0.000000  0.558359 0.178318 1 0 1.000000
0  -0.152445 0.274276 8.867199  0.999998 0.002205 -0.000000  0.558359 0.178318 1 0 1.000000
Material_0
0  -0.152445 0.010142 8.865342  0.999998 0.002205 -0.000000  0.558359 0.178318 1 0 1.000000
0  -0.152446 0.010141 1.695711  0.999998 0.002205 -0.000000  0.558050 0.178106 1 0 1.000000
0  -0.152445 0.274276 8.867199  0.999998 0.002205 -0.000000  0.558359 0.178318 1 0 1.000000
Material_0
0  -0.152445 0.274276 8.867199  0.999998 0.002205 -0.000000  0.558359 0.178318 1 0 1.000000
0  -0.152446 0.010141 1.695711  0.999998 0.002205 -0.000000  0.558050 0.178106 1 0 1.000000
0  -0.152446 0.274275 1.695711  0.999998 0.002205 -0.000000  0.558050 0.178106 1 0 1.000000
Material_0
0  -0.152446 0.010141 1.695711  0.999998 0.002205 -0.000000  0.558050 0.178106 1 0 1.000000
0  -0.152446 0.010141 1.281292  0.999998 0.002205 -0.000000  0.557741 0.177894 1 0 1.000000
0  -0.152446 0.274275 1.695711  0.999998 0.002205 -0.000000  0.558050 0.178106 1 0 1.000000
Material_0
0  -0.152446 0.274275 1.695711  0.999998 0.002205 -0.000000  0.558050 0.178106 1 0 1.000000
0  -0.152446 0.010141 1.281292  0.999998 0.002205 -0.000000  0.557741 0.177894 1 0 1.000000
0  -0.152446 0.274275 1.281292  0.999998 0.002205 -0.000000  0.557741 0.177894 1 0 1.000000
Material_0
0  -0.152446 0.010141 1.281292  0.999998 0.002205 -0.000000  0.557741 0.177894 1 0 1.000000
0  -0.152446 0.010140 -0.755494  0.999998 0.002205 -0.000000  0.557432 0.177682 1 0 1.000000
0  -0.152446 0.274275 1.281292  0.999998 0.002205 -0.000000  0.557741 0.177894 1 0 1.000000
Material_0
0  -0.152446 0.274275 1.281292  0.999998 0.002205 -0.000000  0.557741 0.177894 1 0 1.000000
0  -0.152446 0.010140 -0.755494  0.999998 0.002205 -0.000000  0.557432 0.177682 1 0 1.000000
0  -0.152446 0.274274 -0.755494  0.999998 0.002205 -0.000000  0.557432 0.177682 1 0 1.000000
Material_0
0  -0.152446 0.010140 -0.755494  0.999998 0.002205 -0.000000  0.557432 0.177682 1 0 1.000000
0  -0.152446 0.010140 -1.169912  0.999998 0.002205 -0.000000  0.557123 0.177470 1 0 1.000000
0  -0.152446 0.274274 -0.755494  0.999998 0.002205 -0.000000  0.557432 0.177682 1 0 1.000000
Material_0
0  -0.152446 0.274274 -0.755494  0.999998 0.002205 -0.000000  0.557432 0.177682 1 0 1.000000
0  -0.152446 0.010140 -1.169912  0.999998 0.002205 -0.000000  0.557123 0.177470 1 0 1.000000
0  -0.152446 0.274274 -1.168054  0.999998 0.002205 -0.000000  0.557123 0.177470 1 0 1.000000
Material_0
0  -0.152446 0.010140 -1.169912  0.999998 0.002205 -0.000000  0.557123 0.177470 1 0 1.000000
0  -0.152447 0.010140 -4.782603  0.999998 0.002205 -0.000000  0.551457 0.173120 1 0 1.000000
0  -0.152446 0.274274 -1.168054  0.999998 0.002205 -0.000000  0.557123 0.177470 1 0 1.000000
Material_0
0  -0.152446 0.274274 -1.168054  0.999998 0.002205 -0.000000  0.557123 0.177470 1 0 1.000000
0  -0.152447 0.010140 -4.782603  0.999998 0.002205 -0.000000  0.551457 0.173120 1 0 1.000000
0  -0.152447 0.274274 -4.782604  0.999998 0.002205 -0.000000  0.551457 0.173120 1 0 1.000000
Material_0
0  1.813108 0.101259 13.319879  0.986605 0.163117 -0.001860  0.561346 0.178424 1 0 1.000000
0  1.813108 0.101259 12.905459  0.986606 0.163112 -0.001812  0.561037 0.178212 1 0 1.000000
0  1.719532 0.667918 13.286427  0.986606 0.163112 -0.001812  0.561552 0.178637 1 0 1.000000
Material_0
0  1.719532 0.667918 13.286427  0.986606 0.163112 -0.001812  0.561552 0.178637 1 0 1.000000
0  1.813108 0.101259 12.905459  0.986606 0.163112 -0.001812  0.561037 0.178212 1 0 1.000000
0  1.719532 0.667918 12.873868  0.986606 0.163113 -0.001812  0.561346 0.178424 1 0 1.000000
Material_0
0  1.813108 0.101259 12.905459  0.026394 0.058990 0.997910  0.561037 0.178212 1 0 1.000000
0  2.186175 0.373583 12.879441  0.037723 0.080749 0.996020  0.561449 0.178318 1 0 1.000000
0  1.719532 0.667918 12.873868  0.037716 0.080732 0.996022  0.561346 0.178424 1 0 1.000000
Material_0
0  1.719532 0.667918 12.873868  0.037716 0.080732 0.996022  0.561346 0.178424 1 0 1.000000
0  2.186175 0.373583 12.879441  0.037723 0.080749 0.996020  0.561449 0.178318 1 0 1.000000
0  2.270795 0.828139 12.836701  0.045280 0.076381 0.996050  0.561449 0.178849 1 0 1.000000
Material_0
0  2.270795 0.828139 13.247401  -0.045295 -0.098144 -0.994141  0.561758 0.179061 1 0 1.000000
0  2.186175 0.373583 13.292005  -0.037753 -0.080720 -0.996022  0.561758 0.178531 1 0 1.000000
0  1.719532 0.667918 13.286427  -0.037752 -0.080718 -0.996022  0.561552 0.178637 1 0 1.000000
Material_0
0  1.719532 0.667918 13.286427  -0.037752 -0.080718 -0.996022  0.561552 0.178637 1 0 1.000000
0  2.186175 0.373583 13.292005  -0.037753 -0.080720 -0.996022  0.561758 0.178531 1 0 1.000000
0  1.813108 0.101259 13.319879  -0.022655 -0.054619 -0.998250  0.561346 0.178424 1 0 1.000000
Material_0
0  1.813107 0.101259 9.272326  0.986606 0.163112 -0.001812  0.560728 0.178000 1 0 1.000000
0  1.813107 0.101258 8.857909  0.986607 0.163107 -0.001765  0.560419 0.177682 1 0 1.000000
0  1.719532 0.667917 9.240734  0.986606 0.163112 -0.001812  0.561037 0.178212 1 0 1.000000
Material_0
0  1.719532 0.667917 9.240734  0.986606 0.163112 -0.001812  0.561037 0.178212 1 0 1.000000
0  1.813107 0.101258 8.857909  0.986607 0.163107 -0.001765  0.560419 0.177682 1 0 1.000000
0  1.719532 0.667917 8.830030  0.986605 0.163116 -0.001860  0.560728 0.178000 1 0 1.000000
Material_0
0  1.813107 0.101258 8.857909  0.018883 0.058951 0.998082  0.560419 0.177682 1 0 1.000000
0  2.186174 0.373582 8.833748  0.033967 0.054598 0.997931  0.560831 0.177894 1 0 1.000000
0  1.719532 0.667917 8.830030  0.033968 0.054588 0.997931  0.560728 0.178000 1 0 1.000000
Material_0
0  1.719532 0.667917 8.830030  0.033968 0.054588 0.997931  0.560728 0.178000 1 0 1.000000
0  2.186174 0.373582 8.833748  0.033967 0.054598 0.997931  0.560831 0.177894 1 0 1.000000
0  2.270794 0.828138 8.794722  0.037715 0.080745 0.996021  0.560934 0.178318 1 0 1.000000
Material_0
0  2.270794 0.828138 9.205425  -0.037788 -0.080757 -0.996017  0.561243 0.178531 1 0 1.000000
0  2.186175 0.373582 9.246307  -0.030217 -0.080745 -0.996277  0.561140 0.178106 1 0 1.000000
0  1.719532 0.667917 9.240734  -0.030221 -0.080731 -0.996278  0.561037 0.178212 1 0 1.000000
Material_0
0  1.719532 0.667917 9.240734  -0.030221 -0.080731 -0.996278  0.561037 0.178212 1 0 1.000000
0  2.186175 0.373582 9.246307  -0.030217 -0.080745 -0.996277  0.561140 0.178106 1 0 1.000000
0  1.813107 0.101259 9.272326  -0.022651 -0.058956 -0.998004  0.560728 0.178000 1 0 1.000000
Material_0
0  1.813106 0.101257 -0.762927  0.986606 0.163112 -0.001812  0.559595 0.177045 1 0 1.000000
0  1.813105 0.101257 -1.175487  0.986605 0.163117 -0.001860  0.559286 0.176833 1 0 1.000000
0  1.719530 0.667916 -0.787086  0.986605 0.163117 -0.001860  0.559904 0.177364 1 0 1.000000
Material_0
0  1.719530 0.667916 -0.787086  0.986605 0.163117 -0.001860  0.559904 0.177364 1 0 1.000000
0  1.813105 0.101257 -1.175487  0.986605 0.163117 -0.001860  0.559286 0.176833 1 0 1.000000
0  1.719530 0.667916 -1.199646  0.986605 0.163117 -0.001860  0.559595 0.177151 1 0 1.000000
Material_0
0  1.813105 0.101257 -1.175487  0.018871 0.058944 0.998083  0.559286 0.176833 1 0 1.000000
0  2.186173 0.373581 -1.195929  0.026306 0.054492 0.998168  0.559698 0.177045 1 0 1.000000
0  1.719530 0.667916 -1.199646  0.026570 0.054729 0.998148  0.559595 0.177151 1 0 1.000000
Material_0
0  1.719530 0.667916 -1.199646  0.026570 0.054729 0.998148  0.559595 0.177151 1 0 1.000000
0  2.186173 0.373581 -1.195929  0.026306 0.054492 0.998168  0.559698 0.177045 1 0 1.000000
0  2.270792 0.828136 -1.227522  0.033960 0.054625 0.997929  0.559698 0.177470 1 0 1.000000
Material_0
0  2.270792 0.828137 -0.816820  -0.037767 -0.080760 -0.996018  0.560007 0.177682 1 0 1.000000
0  2.186173 0.373581 -0.783369  -0.022631 -0.054585 -0.998253  0.559904 0.177258 1 0 1.000000
0  1.719530 0.667916 -0.787086  -0.022644 -0.054591 -0.998252  0.559904 0.177364 1 0 1.000000
Material_0
0  1.719530 0.667916 -0.787086  -0.022644 -0.054591 -0.998252  0.559904 0.177364 1 0 1.000000
0  2.186173 0.373581 -0.783369  -0.022631 -0.054585 -0.998253  0.559904 0.177258 1 0 1.000000
0  1.813106 0.101257 -0.762927  -0.022639 -0.058944 -0.998005  0.559595 0.177045 1 0 1.000000
Material_0
0  1.813106 0.101257 1.688277  0.986605 0.163118 -0.001860  0.560110 0.177470 1 0 1.000000
0  1.813106 0.101257 1.273859  0.986605 0.163117 -0.001860  0.559904 0.177258 1 0 1.000000
0  1.719530 0.667916 1.660400  0.986605 0.163117 -0.001860  0.560419 0.177788 1 0 1.000000
Material_0
0  1.719530 0.667916 1.660400  0.986605 0.163117 -0.001860  0.560419 0.177788 1 0 1.000000
0  1.813106 0.101257 1.273859  0.986605 0.163117 -0.001860  0.559904 0.177258 1 0 1.000000
0  1.719530 0.667916 1.247840  0.986605 0.163117 -0.001860  0.560110 0.177576 1 0 1.000000
Material_0
0  1.813106 0.101257 1.273859  0.018868 0.058940 0.998083  0.559904 0.177258 1 0 1.000000
0  2.186173 0.373581 1.253416  0.026422 0.054615 0.998158  0.560213 0.177470 1 0 1.000000
0  1.719530 0.667916 1.247840  0.026422 0.054608 0.998158  0.560110 0.177576 1 0 1.000000
Material_0
0  1.719530 0.667916 1.247840  0.026422 0.054608 0.998158  0.560110 0.177576 1 0 1.000000
0  2.186173 0.373581 1.253416  0.026422 0.054615 0.998158  0.560213 0.177470 1 0 1.000000
0  2.270792 0.828137 1.216248  0.037717 0.080747 0.996021  0.560316 0.177894 1 0 1.000000
Material_0
0  2.270793 0.828137 1.626950  -0.037764 -0.080742 -0.996019  0.560625 0.178106 1 0 1.000000
0  2.186173 0.373581 1.664117  -0.030198 -0.054605 -0.998051  0.560522 0.177682 1 0 1.000000
0  1.719530 0.667916 1.660400  -0.030190 -0.054574 -0.998053  0.560419 0.177788 1 0 1.000000
Material_0
0  1.719530 0.667916 1.660400  -0.030190 -0.054574 -0.998053  0.560419 0.177788 1 0 1.000000
0  2.186173 0.373581 1.664117  -0.030198 -0.054605 -0.998051  0.560522 0.177682 1 0 1.000000
0  1.813106 0.101257 1.688277  -0.022647 -0.058945 -0.998004  0.560110 0.177470 1 0 1.000000
Material_0
0  -2.026737 0.828138 12.836701  -0.045278 0.076381 0.996050  0.556814 0.180334 1 0 1.000000
0  -1.942117 0.373582 12.879441  -0.037720 0.080749 0.996021  0.556917 0.179803 1 0 1.000000
0  -1.475474 0.667917 12.873868  -0.037713 0.080733 0.996022  0.557020 0.179803 1 0 1.000000
Material_0
0  -1.475474 0.667917 12.873868  -0.037713 0.080733 0.996022  0.557020 0.179803 1 0 1.000000
0  -1.942117 0.373582 12.879441  -0.037720 0.080749 0.996021  0.556917 0.179803 1 0 1.000000
0  -1.569049 0.101258 12.905459  -0.026322 0.059115 0.997904  0.557329 0.179379 1 0 1.000000
Material_0
0  -1.475474 0.667917 12.873868  -0.986605 0.163117 -0.001860  0.557020 0.179803 1 0 1.000000
0  -1.569049 0.101258 12.905459  -0.986605 0.163117 -0.001860  0.557329 0.179379 1 0 1.000000
0  -1.475474 0.667917 13.286427  -0.986606 0.163112 -0.001812  0.557329 0.180016 1 0 1.000000
Material_0
0  -1.475474 0.667917 13.286427  -0.986606 0.163112 -0.001812  0.557329 0.180016 1 0 1.000000
0  -1.569049 0.101258 12.905459  -0.986605 0.163117 -0.001860  0.557329 0.179379 1 0 1.000000
0  -1.569049 0.101258 13.319879  -0.986605 0.163117 -0.001859  0.557638 0.179591 1 0 1.000000
Material_0
0  -1.569049 0.101258 13.319879  0.022632 -0.054578 -0.998253  0.557638 0.179591 1 0 1.000000
0  -1.942117 0.373582 13.292005  0.037754 -0.080720 -0.996022  0.557226 0.180016 1 0 1.000000
0  -1.475474 0.667917 13.286427  0.037753 -0.080718 -0.996022  0.557329 0.180016 1 0 1.000000
Material_0
0  -1.475474 0.667917 13.286427  0.037753 -0.080718 -0.996022  0.557329 0.180016 1 0 1.000000
0  -1.942117 0.373582 13.292005  0.037754 -0.080720 -0.996022  0.557226 0.180016 1 0 1.000000
0  -2.026737 0.828138 13.247401  0.045295 -0.098144 -0.994141  0.557123 0.180546 1 0 1.000000
Material_0
0  -2.026737 0.828137 8.794722  -0.037720 0.080748 0.996021  0.556299 0.179910 1 0 1.000000
0  -1.942118 0.373581 8.833748  -0.033967 0.054598 0.997931  0.556402 0.179379 1 0 1.000000
0  -1.475475 0.667917 8.830030  -0.033968 0.054588 0.997931  0.556505 0.179379 1 0 1.000000
Material_0
0  -1.475475 0.667917 8.830030  -0.033968 0.054588 0.997931  0.556505 0.179379 1 0 1.000000
0  -1.942118 0.373581 8.833748  -0.033967 0.054598 0.997931  0.556402 0.179379 1 0 1.000000
0  -1.569050 0.101257 8.857909  -0.018880 0.058950 0.998082  0.556814 0.178955 1 0 1.000000
Material_0
0  -1.475475 0.667917 8.830030  -0.986605 0.163116 -0.001860  0.556505 0.179379 1 0 1.000000
0  -1.569050 0.101257 8.857909  -0.986605 0.163116 -0.001860  0.556814 0.178955 1 0 1.000000
0  -1.475475 0.667917 9.240734  -0.986605 0.163116 -0.001860  0.556814 0.179591 1 0 1.000000
Material_0
0  -1.475475 0.667917 9.240734  -0.986605 0.163116 -0.001860  0.556814 0.179591 1 0 1.000000
0  -1.569050 0.101257 8.857909  -0.986605 0.163116 -0.001860  0.556814 0.178955 1 0 1.000000
0  -1.569050 0.101258 9.272326  -0.986605 0.163116 -0.001860  0.557123 0.179167 1 0 1.000000
Material_0
0  -1.569050 0.101258 9.272326  0.022654 -0.058956 -0.998003  0.557123 0.179167 1 0 1.000000
0  -1.942118 0.373582 9.246307  0.030219 -0.080745 -0.996277  0.556711 0.179591 1 0 1.000000
0  -1.475475 0.667917 9.240734  0.030223 -0.080731 -0.996278  0.556814 0.179591 1 0 1.000000
Material_0
0  -1.475475 0.667917 9.240734  0.030223 -0.080731 -0.996278  0.556814 0.179591 1 0 1.000000
0  -1.942118 0.373582 9.246307  0.030219 -0.080745 -0.996277  0.556711 0.179591 1 0 1.000000
0  -2.026737 0.828137 9.205425  0.037789 -0.080756 -0.996017  0.556505 0.180122 1 0 1.000000
Material_0
0  -2.026739 0.828135 -1.227522  -0.033970 0.054577 0.997932  0.555063 0.178955 1 0 1.000000
0  -1.942119 0.373580 -1.195929  -0.026560 0.054712 0.998149  0.555166 0.178424 1 0 1.000000
0  -1.475477 0.667915 -1.199646  -0.026571 0.054729 0.998148  0.555269 0.178531 1 0 1.000000
Material_0
0  -1.475477 0.667915 -1.199646  -0.026571 0.054729 0.998148  0.555269 0.178531 1 0 1.000000
0  -1.942119 0.373580 -1.195929  -0.026560 0.054712 0.998149  0.555166 0.178424 1 0 1.000000
0  -1.569052 0.101256 -1.175487  -0.018968 0.058961 0.998080  0.555578 0.178000 1 0 1.000000
Material_0
0  -1.475477 0.667915 -1.199646  -0.986607 0.163107 -0.001764  0.555269 0.178531 1 0 1.000000
0  -1.569052 0.101256 -1.175487  -0.986605 0.163117 -0.001860  0.555578 0.178000 1 0 1.000000
0  -1.475476 0.667915 -0.787086  -0.986605 0.163117 -0.001860  0.555578 0.178743 1 0 1.000000
Material_0
0  -1.475476 0.667915 -0.787086  -0.986605 0.163117 -0.001860  0.555578 0.178743 1 0 1.000000
0  -1.569052 0.101256 -1.175487  -0.986605 0.163117 -0.001860  0.555578 0.178000 1 0 1.000000
0  -1.569052 0.101256 -0.762927  -0.986606 0.163112 -0.001812  0.555887 0.178212 1 0 1.000000
Material_0
0  -1.569052 0.101256 -0.762927  0.022639 -0.058944 -0.998004  0.555887 0.178212 1 0 1.000000
0  -1.942119 0.373580 -0.783369  0.022631 -0.054585 -0.998253  0.555475 0.178637 1 0 1.000000
0  -1.475476 0.667915 -0.787086  0.022645 -0.054590 -0.998252  0.555578 0.178743 1 0 1.000000
Material_0
0  -1.475476 0.667915 -0.787086  0.022645 -0.054590 -0.998252  0.555578 0.178743 1 0 1.000000
0  -1.942119 0.373580 -0.783369  0.022631 -0.054585 -0.998253  0.555475 0.178637 1 0 1.000000
0  -2.026739 0.828136 -0.816820  0.037767 -0.080760 -0.996018  0.555372 0.179167 1 0 1.000000
Material_0
0  -2.026739 0.828136 1.216248  -0.037717 0.080747 0.996021  0.555681 0.179379 1 0 1.000000
0  -1.942119 0.373580 1.253416  -0.026422 0.054615 0.998158  0.555784 0.178955 1 0 1.000000
0  -1.475476 0.667915 1.247840  -0.026421 0.054608 0.998158  0.555887 0.178955 1 0 1.000000
Material_0
0  -1.475476 0.667915 1.247840  -0.026421 0.054608 0.998158  0.555887 0.178955 1 0 1.000000
0  -1.942119 0.373580 1.253416  -0.026422 0.054615 0.998158  0.555784 0.178955 1 0 1.000000
0  -1.569052 0.101256 1.273859  -0.018867 0.058940 0.998083  0.556196 0.178531 1 0 1.000000
Material_0
0  -1.475476 0.667915 1.247840  -0.986605 0.163116 -0.001860  0.555887 0.178955 1 0 1.000000
0  -1.569052 0.101256 1.273859  -0.986606 0.163112 -0.001812  0.556196 0.178531 1 0 1.000000
0  -1.475476 0.667915 1.660400  -0.986606 0.163112 -0.001812  0.556196 0.179167 1 0 1.000000
Material_0
0  -1.475476 0.667915 1.660400  -0.986606 0.163112 -0.001812  0.556196 0.179167 1 0 1.000000
0  -1.569052 0.101256 1.273859  -0.986606 0.163112 -0.001812  0.556196 0.178531 1 0 1.000000
0  -1.569052 0.101256 1.688277  -0.986606 0.163113 -0.001812  0.556505 0.178743 1 0 1.000000
Material_0
0  -1.569052 0.101256 1.688277  0.022646 -0.058945 -0.998004  0.556505 0.178743 1 0 1.000000
0  -1.942119 0.373580 1.664117  0.030198 -0.054605 -0.998051  0.556093 0.179167 1 0 1.000000
0  -1.475476 0.667915 1.660400  0.030190 -0.054574 -0.998053  0.556196 0.179167 1 0 1.000000
Material_0
0  -1.475476 0.667915 1.660400  0.030190 -0.054574 -0.998053  0.556196 0.179167 1 0 1.000000
0  -1.942119 0.373580 1.664117  0.030198 -0.054605 -0.998051  0.556093 0.179167 1 0 1.000000
0  -2.026739 0.828136 1.626950  0.037764 -0.080743 -0.996019  0.555990 0.179697 1 0 1.000000
Material_0
0  2.270792 0.828137 1.216248  0.280199 -0.959940 -0.001881  0.560316 0.177894 1 0 1.000000
0  2.270793 0.828137 1.626950  0.280198 -0.959940 -0.001882  0.560625 0.178106 1 0 1.000000
0  1.719530 0.667916 1.247840  0.280198 -0.959940 -0.001882  0.560110 0.177576 1 0 1.000000
Material_0
0  1.719530 0.667916 1.247840  0.280198 -0.959940 -0.001882  0.560110 0.177576 1 0 1.000000
0  2.270793 0.828137 1.626950  0.280198 -0.959940 -0.001882  0.560625 0.178106 1 0 1.000000
0  1.719530 0.667916 1.660400  0.280197 -0.959941 -0.001882  0.560419 0.177788 1 0 1.000000
Material_0
0  2.270794 0.828138 8.794722  0.280222 -0.959933 -0.001922  0.560934 0.178318 1 0 1.000000
0  2.270794 0.828138 9.205425  0.280174 -0.959947 -0.001840  0.561243 0.178531 1 0 1.000000
0  1.719532 0.667917 8.830030  0.280198 -0.959940 -0.001881  0.560728 0.178000 1 0 1.000000
Material_0
0  1.719532 0.667917 8.830030  0.280198 -0.959940 -0.001881  0.560728 0.178000 1 0 1.000000
0  2.270794 0.828138 9.205425  0.280174 -0.959947 -0.001840  0.561243 0.178531 1 0 1.000000
0  1.719532 0.667917 9.240734  0.280222 -0.959933 -0.001922  0.561037 0.178212 1 0 1.000000
Material_0
0  1.719532 0.667918 13.286427  0.280198 -0.959940 -0.001882  0.561552 0.178637 1 0 1.000000
0  1.719532 0.667918 12.873868  0.280173 -0.959948 -0.001841  0.561346 0.178424 1 0 1.000000
0  2.270795 0.828139 13.247401  0.280172 -0.959948 -0.001841  0.561758 0.179061 1 0 1.000000
Material_0
0  2.270795 0.828139 13.247401  0.280172 -0.959948 -0.001841  0.561758 0.179061 1 0 1.000000
0  1.719532 0.667918 12.873868  0.280173 -0.959948 -0.001841  0.561346 0.178424 1 0 1.000000
0  2.270795 0.828139 12.836701  0.280171 -0.959948 -0.001841  0.561449 0.178849 1 0 1.000000
Material_0
0  -2.026737 0.828138 12.836701  -0.280219 -0.959934 -0.001923  0.556814 0.180334 1 0 1.000000
0  -1.475474 0.667917 12.873868  -0.280196 -0.959941 -0.001882  0.557020 0.179803 1 0 1.000000
0  -2.026737 0.828138 13.247401  -0.280196 -0.959941 -0.001882  0.557123 0.180546 1 0 1.000000
Material_0
0  -2.026737 0.828138 13.247401  -0.280196 -0.959941 -0.001882  0.557123 0.180546 1 0 1.000000
0  -1.475474 0.667917 12.873868  -0.280196 -0.959941 -0.001882  0.557020 0.179803 1 0 1.000000
0  -1.475474 0.667917 13.286427  -0.280221 -0.959934 -0.001923  0.557329 0.180016 1 0 1.000000
Material_0
0  -1.475475 0.667917 9.240734  -0.280172 -0.959948 -0.001841  0.556814 0.179591 1 0 1.000000
0  -2.026737 0.828137 9.205425  -0.280198 -0.959940 -0.001881  0.556505 0.180122 1 0 1.000000
0  -1.475475 0.667917 8.830030  -0.280173 -0.959948 -0.001841  0.556505 0.179379 1 0 1.000000
Material_0
0  -1.475475 0.667917 8.830030  -0.280173 -0.959948 -0.001841  0.556505 0.179379 1 0 1.000000
0  -2.026737 0.828137 9.205425  -0.280198 -0.959940 -0.001881  0.556505 0.180122 1 0 1.000000
0  -2.026737 0.828137 8.794722  -0.280174 -0.959947 -0.001840  0.556299 0.179910 1 0 1.000000
Material_0
0  -1.475476 0.667915 1.660400  -0.280197 -0.959941 -0.001882  0.556196 0.179167 1 0 1.000000
0  -2.026739 0.828136 1.626950  -0.280198 -0.959940 -0.001881  0.555990 0.179697 1 0 1.000000
0  -1.475476 0.667915 1.247840  -0.280197 -0.959940 -0.001881  0.555887 0.178955 1 0 1.000000
Material_0
0  -1.475476 0.667915 1.247840  -0.280197 -0.959940 -0.001881  0.555887 0.178955 1 0 1.000000
0  -2.026739 0.828136 1.626950  -0.280198 -0.959940 -0.001881  0.555990 0.179697 1 0 1.000000
0  -2.026739 0.828136 1.216248  -0.280198 -0.959940 -0.001881  0.555681 0.179379 1 0 1.000000
Material_0
0  2.270792 0.828136 -1.227522  0.280197 -0.959941 -0.001882  0.559698 0.177470 1 0 1.000000
0  2.270792 0.828137 -0.816820  0.280173 -0.959948 -0.001841  0.560007 0.177682 1 0 1.000000
0  1.719530 0.667916 -1.199646  0.280197 -0.959941 -0.001882  0.559595 0.177151 1 0 1.000000
Material_0
0  1.719530 0.667916 -1.199646  0.280197 -0.959941 -0.001882  0.559595 0.177151 1 0 1.000000
0  2.270792 0.828137 -0.816820  0.280173 -0.959948 -0.001841  0.560007 0.177682 1 0 1.000000
0  1.719530 0.667916 -0.787086  0.280198 -0.959940 -0.001882  0.559904 0.177364 1 0 1.000000
Material_0
0  -1.475476 0.667915 -0.787086  -0.280221 -0.959934 -0.001923  0.555578 0.178743 1 0 1.000000
0  -2.026739 0.828136 -0.816820  -0.280197 -0.959941 -0.001882  0.555372 0.179167 1 0 1.000000
0  -1.475477 0.667915 -1.199646  -0.280197 -0.959941 -0.001882  0.555269 0.178531 1 0 1.000000
Material_0
0  -1.475477 0.667915 -1.199646  -0.280197 -0.959941 -0.001882  0.555269 0.178531 1 0 1.000000
0  -2.026739 0.828136 -0.816820  -0.280197 -0.959941 -0.001882  0.555372 0.179167 1 0 1.000000
0  -2.026739 0.828135 -1.227522  -0.280220 -0.959934 -0.001923  0.555063 0.178955 1 0 1.000000
Material_0
0  -0.316282 0.167801 -4.884814  -0.000000 0.002205 -0.999998  0.551354 0.173226 1 0 1.000000
0  -0.896574 0.167801 -4.884814  -0.000000 0.002206 -0.999998  0.550530 0.173439 1 0 1.000000
0  -0.316282 0.431935 -4.884814  -0.000000 0.002205 -0.999998  0.551354 0.173226 1 0 1.000000
Material_0
0  -0.896574 0.167801 -4.884814  -0.000000 0.002206 -0.999998  0.550530 0.173439 1 0 1.000000
0  -1.675908 1.405544 -4.884814  -0.007552 0.002185 -0.999969  0.549706 0.175136 1 0 1.000000
0  -0.316282 0.431935 -4.884814  -0.000000 0.002205 -0.999998  0.551354 0.173226 1 0 1.000000
Material_0
0  -1.675908 1.405544 -4.884814  -0.007552 0.002185 -0.999969  0.549706 0.175136 1 0 1.000000
0  -0.749880 3.337917 -4.884815  -0.007552 0.002185 -0.999969  0.550736 0.176939 1 0 1.000000
0  -0.316282 0.431935 -4.884814  -0.000000 0.002205 -0.999998  0.551354 0.173226 1 0 1.000000
Material_0
0  -0.316282 0.431935 -4.884814  -0.000000 0.002205 -0.999998  0.551354 0.173226 1 0 1.000000
0  -0.749880 3.337917 -4.884815  -0.007552 0.002185 -0.999969  0.550736 0.176939 1 0 1.000000
0  0.560334 0.431935 -4.884814  -0.000001 0.002205 -0.999998  0.551972 0.173014 1 0 1.000000
Material_0
0  -0.749880 3.337917 -4.884815  -0.007552 0.002185 -0.999969  0.550736 0.176939 1 0 1.000000
0  0.993931 3.337918 -4.884815  0.007552 0.002185 -0.999969  0.552590 0.176303 1 0 1.000000
0  0.560334 0.431935 -4.884814  -0.000001 0.002205 -0.999998  0.551972 0.173014 1 0 1.000000
Material_0
0  0.993931 3.337918 -4.884815  0.007552 0.002185 -0.999969  0.552590 0.176303 1 0 1.000000
0  1.919960 1.405544 -4.884815  0.007551 0.002185 -0.999969  0.553620 0.173863 1 0 1.000000
0  0.560334 0.431935 -4.884814  -0.000001 0.002205 -0.999998  0.551972 0.173014 1 0 1.000000
Material_0
0  0.560334 0.431935 -4.884814  -0.000001 0.002205 -0.999998  0.551972 0.173014 1 0 1.000000
0  1.919960 1.405544 -4.884815  0.007551 0.002185 -0.999969  0.553620 0.173863 1 0 1.000000
0  1.140626 0.167801 -4.884814  -0.000001 0.002205 -0.999998  0.552796 0.172696 1 0 1.000000
Material_0
0  1.919960 1.405544 -4.884815  0.007551 0.002185 -0.999969  0.553620 0.173863 1 0 1.000000
0  2.042720 0.464184 -4.884815  0.007551 0.002185 -0.999969  0.553724 0.172696 1 0 1.000000
0  1.140626 0.167801 -4.884814  -0.000001 0.002205 -0.999998  0.552796 0.172696 1 0 1.000000
Material_0
0  1.140626 0.167801 -4.884814  -0.000001 0.002205 -0.999998  0.552796 0.172696 1 0 1.000000
0  2.042720 0.464184 -4.884815  0.007551 0.002185 -0.999969  0.553724 0.172696 1 0 1.000000
0  1.752265 0.251751 -4.884815  -0.000002 0.002206 -0.999998  0.553414 0.172590 1 0 1.000000
Material_0
0  0.560334 0.167801 -4.884814  -0.000000 0.002205 -0.999998  0.551972 0.173014 1 0 1.000000
0  0.560334 0.431935 -4.884814  -0.000001 0.002205 -0.999998  0.551972 0.173014 1 0 1.000000
0  1.140626 0.167801 -4.884814  -0.000001 0.002205 -0.999998  0.552796 0.172696 1 0 1.000000
Material_0
0  1.919960 1.405544 -4.884815  0.007551 0.002185 -0.999969  0.553620 0.173863 1 0 1.000000
0  2.108501 0.817898 -4.884815  0.007552 0.002186 -0.999969  0.553827 0.173120 1 0 1.000000
0  2.042720 0.464184 -4.884815  0.007551 0.002185 -0.999969  0.553724 0.172696 1 0 1.000000
Material_0
0  -1.864449 0.817897 -4.884814  -0.007552 0.002185 -0.999969  0.549500 0.174499 1 0 1.000000
0  -1.675908 1.405544 -4.884814  -0.007552 0.002185 -0.999969  0.549706 0.175136 1 0 1.000000
0  -1.798668 0.464183 -4.884814  -0.007553 0.002186 -0.999969  0.549603 0.174075 1 0 1.000000
Material_0
0  -1.675908 1.405544 -4.884814  -0.007552 0.002185 -0.999969  0.549706 0.175136 1 0 1.000000
0  -0.896574 0.167801 -4.884814  -0.000000 0.002206 -0.999998  0.550530 0.173439 1 0 1.000000
0  -1.798668 0.464183 -4.884814  -0.007553 0.002186 -0.999969  0.549603 0.174075 1 0 1.000000
Material_0
0  -1.798668 0.464183 -4.884814  -0.007553 0.002186 -0.999969  0.549603 0.174075 1 0 1.000000
0  -0.896574 0.167801 -4.884814  -0.000000 0.002206 -0.999998  0.550530 0.173439 1 0 1.000000
0  -1.508213 0.251750 -4.884814  0.000001 0.002208 -0.999998  0.549912 0.173757 1 0 1.000000
Material_0
0  0.121951 4.648863 13.620934  0.000000 0.240280 0.970704  0.564746 0.188078 1 0 1.000000
0  -0.206335 4.468679 13.665536  -0.003776 0.163131 0.986597  0.564437 0.188078 1 0 1.000000
0  0.450393 4.468679 13.665536  -0.003771 0.163134 0.986597  0.565158 0.187866 1 0 1.000000
Material_0
0  -0.206335 4.468679 13.665536  -0.003776 0.163131 0.986597  0.564437 0.188078 1 0 1.000000
0  -0.488915 3.992112 13.743587  -0.003763 0.163122 0.986599  0.564231 0.187654 1 0 1.000000
0  0.450393 4.468679 13.665536  -0.003771 0.163134 0.986597  0.565158 0.187866 1 0 1.000000
Material_0
0  0.450393 4.468679 13.665536  -0.003771 0.163134 0.986597  0.565158 0.187866 1 0 1.000000
0  -0.488915 3.992112 13.743587  -0.003763 0.163122 0.986599  0.564231 0.187654 1 0 1.000000
0  0.732818 3.993136 13.743587  -0.003699 0.163128 0.986598  0.565467 0.187229 1 0 1.000000
Material_0
0  0.732818 3.993136 13.743587  -0.003699 0.163128 0.986598  0.565467 0.187229 1 0 1.000000
0  -0.488915 3.992112 13.743587  -0.003763 0.163122 0.986599  0.564231 0.187654 1 0 1.000000
0  1.922280 1.508948 14.158009  -0.003769 0.163127 0.986598  0.567115 0.184259 1 0 1.000000
Material_0
0  -0.488915 3.992112 13.743587  -0.003763 0.163122 0.986599  0.564231 0.187654 1 0 1.000000
0  -1.678221 1.508948 14.158009  0.003791 0.163109 0.986601  0.563200 0.185532 1 0 1.000000
0  1.922280 1.508948 14.158009  -0.003769 0.163127 0.986598  0.567115 0.184259 1 0 1.000000
Material_0
0  1.922280 1.508948 14.158009  -0.003769 0.163127 0.986598  0.567115 0.184259 1 0 1.000000
0  -1.678221 1.508948 14.158009  0.003791 0.163109 0.986601  0.563200 0.185532 1 0 1.000000
0  0.536557 0.406343 14.345706  -0.003773 0.163118 0.986600  0.565570 0.183410 1 0 1.000000
Material_0
0  0.536557 0.406343 14.345706  -0.003773 0.163118 0.986600  0.565570 0.183410 1 0 1.000000
0  -1.678221 1.508948 14.158009  0.003791 0.163109 0.986601  0.563200 0.185532 1 0 1.000000
0  -0.292498 0.406343 14.345706  0.003783 0.163110 0.986601  0.565055 0.183622 1 0 1.000000
Material_0
0  -1.678221 1.508948 14.158009  0.003791 0.163109 0.986601  0.563200 0.185532 1 0 1.000000
0  -1.826460 0.468793 14.334554  0.003779 0.163113 0.986600  0.563200 0.184471 1 0 1.000000
0  -0.292498 0.406343 14.345706  0.003783 0.163110 0.986601  0.565055 0.183622 1 0 1.000000
Material_0
0  -1.826460 0.468793 14.334554  0.003779 0.163113 0.986600  0.563200 0.184471 1 0 1.000000
0  -1.472077 0.213874 14.379155  0.003774 0.163106 0.986601  0.563612 0.184153 1 0 1.000000
0  -0.292498 0.406343 14.345706  0.003783 0.163110 0.986601  0.565055 0.183622 1 0 1.000000
Material_0
0  -1.472077 0.213874 14.379155  0.003774 0.163106 0.986601  0.563612 0.184153 1 0 1.000000
0  -0.841290 0.142210 14.390306  0.003751 0.163156 0.986593  0.564231 0.183835 1 0 1.000000
0  -0.292498 0.406343 14.345706  0.003783 0.163110 0.986601  0.565055 0.183622 1 0 1.000000
Material_0
0  -0.292498 0.406343 14.345706  0.003783 0.163110 0.986601  0.565055 0.183622 1 0 1.000000
0  -0.841290 0.142210 14.390306  0.003751 0.163156 0.986593  0.564231 0.183835 1 0 1.000000
0  -0.292498 0.142210 14.390306  0.003761 0.163122 0.986599  0.565055 0.183622 1 0 1.000000
Material_0
0  2.140468 0.903386 14.260219  0.003764 0.163131 0.986597  0.567424 0.183516 1 0 1.000000
0  1.922280 1.508948 14.158009  -0.003769 0.163127 0.986598  0.567115 0.184259 1 0 1.000000
0  2.070518 0.468794 14.334554  -0.003765 0.163138 0.986596  0.567424 0.183092 1 0 1.000000
Material_0
0  1.922280 1.508948 14.158009  -0.003769 0.163127 0.986598  0.567115 0.184259 1 0 1.000000
0  0.536557 0.406343 14.345706  -0.003773 0.163118 0.986600  0.565570 0.183410 1 0 1.000000
0  2.070518 0.468794 14.334554  -0.003765 0.163138 0.986596  0.567424 0.183092 1 0 1.000000
Material_0
0  0.536557 0.406343 14.345706  -0.003773 0.163118 0.986600  0.565570 0.183410 1 0 1.000000
0  0.536557 0.142210 14.390306  -0.003770 0.163109 0.986601  0.565570 0.183410 1 0 1.000000
0  2.070518 0.468794 14.334554  -0.003765 0.163138 0.986596  0.567424 0.183092 1 0 1.000000
Material_0
0  0.536557 0.142210 14.390306  -0.003770 0.163109 0.986601  0.565570 0.183410 1 0 1.000000
0  1.085349 0.142210 14.390306  0.003760 0.163154 0.986593  0.566394 0.183198 1 0 1.000000
0  2.070518 0.468794 14.334554  -0.003765 0.163138 0.986596  0.567424 0.183092 1 0 1.000000
Material_0
0  2.070518 0.468794 14.334554  -0.003765 0.163138 0.986596  0.567424 0.183092 1 0 1.000000
0  1.085349 0.142210 14.390306  0.003760 0.163154 0.986593  0.566394 0.183198 1 0 1.000000
0  1.716136 0.213874 14.379155  0.003777 0.163147 0.986595  0.567012 0.182986 1 0 1.000000
Material_0
0  -1.896410 0.903385 14.260219  0.003774 0.163126 0.986598  0.562994 0.185002 1 0 1.000000
0  -1.826460 0.468793 14.334554  0.003779 0.163113 0.986600  0.563200 0.184471 1 0 1.000000
0  -1.678221 1.508948 14.158009  0.003791 0.163109 0.986601  0.563200 0.185532 1 0 1.000000
Material_0
0  -0.537715 1.346163 -15.585366  0.000000 0.002205 -0.999998  0.891905 0.195822 1 0 1.000000
0  -0.867855 1.954285 -15.585366  -0.000000 0.002156 -0.999998  0.891802 0.196034 1 0 1.000000
0  0.781763 1.346164 -15.585366  -0.000000 0.002205 -0.999998  0.892214 0.195716 1 0 1.000000
Material_0
0  0.781763 1.346164 -15.585366  -0.000000 0.002205 -0.999998  0.892214 0.195716 1 0 1.000000
0  -0.867855 1.954285 -15.585366  -0.000000 0.002156 -0.999998  0.891802 0.196034 1 0 1.000000
0  1.111903 1.954285 -15.585366  -0.000000 0.002156 -0.999998  0.892214 0.195822 1 0 1.000000
Material_0
0  1.111903 1.954285 -15.585366  -0.000000 0.002156 -0.999998  0.892214 0.195822 1 0 1.000000
0  -0.867855 1.954285 -15.585366  -0.000000 0.002156 -0.999998  0.891802 0.196034 1 0 1.000000
0  1.111903 2.831148 -15.585368  -0.000000 0.002156 -0.999998  0.892214 0.196034 1 0 1.000000
Material_0
0  -0.867855 1.954285 -15.585366  -0.000000 0.002156 -0.999998  0.891802 0.196034 1 0 1.000000
0  -0.867855 2.831147 -15.585368  -0.000001 0.002156 -0.999998  0.891802 0.196246 1 0 1.000000
0  1.111903 2.831148 -15.585368  -0.000000 0.002156 -0.999998  0.892214 0.196034 1 0 1.000000
Material_0
0  -0.867855 2.831147 -15.585368  -0.000001 0.002156 -0.999998  0.891802 0.196246 1 0 1.000000
0  -0.296828 3.369653 -15.585368  -0.000001 0.002205 -0.999998  0.891905 0.196352 1 0 1.000000
0  1.111903 2.831148 -15.585368  -0.000000 0.002156 -0.999998  0.892214 0.196034 1 0 1.000000
Material_0
0  1.111903 2.831148 -15.585368  -0.000000 0.002156 -0.999998  0.892214 0.196034 1 0 1.000000
0  -0.296828 3.369653 -15.585368  -0.000001 0.002205 -0.999998  0.891905 0.196352 1 0 1.000000
0  0.537632 3.370165 -15.585368  0.000001 0.002205 -0.999998  0.892111 0.196246 1 0 1.000000
Material_0
0  0.537632 3.370165 -15.585368  0.000001 0.002205 -0.999998  0.892111 0.196246 1 0 1.000000
0  -0.296828 3.369653 -15.585368  -0.000001 0.002205 -0.999998  0.891905 0.196352 1 0 1.000000
0  0.524507 3.525779 -15.585368  -0.000002 0.002205 -0.999998  0.892111 0.196246 1 0 1.000000
Material_0
0  -0.296828 3.369653 -15.585368  -0.000001 0.002205 -0.999998  0.891905 0.196352 1 0 1.000000
0  -0.283548 3.525778 -15.585368  0.000001 0.002205 -0.999998  0.891905 0.196352 1 0 1.000000
0  0.524507 3.525779 -15.585368  -0.000002 0.002205 -0.999998  0.892111 0.196246 1 0 1.000000
Material_0
0  0.524507 3.525779 -15.585368  -0.000002 0.002205 -0.999998  0.892111 0.196246 1 0 1.000000
0  -0.283548 3.525778 -15.585368  0.000001 0.002205 -0.999998  0.891905 0.196352 1 0 1.000000
0  0.798285 3.880004 -15.585368  -0.000000 0.002205 -0.999998  0.892214 0.196352 1 0 1.000000
Material_0
0  -0.283548 3.525778 -15.585368  0.000001 0.002205 -0.999998  0.891905 0.196352 1 0 1.000000
0  -0.554393 3.880004 -15.585368  0.000001 0.002205 -0.999998  0.891905 0.196459 1 0 1.000000
0  0.798285 3.880004 -15.585368  -0.000000 0.002205 -0.999998  0.892214 0.196352 1 0 1.000000
Material_0
0  -0.554393 3.880004 -15.585368  0.000001 0.002205 -0.999998  0.891905 0.196459 1 0 1.000000
0  -0.554084 4.317667 -15.585368  -0.000001 0.002205 -0.999998  0.891905 0.196565 1 0 1.000000
0  0.798285 3.880004 -15.585368  -0.000000 0.002205 -0.999998  0.892214 0.196352 1 0 1.000000
Material_0
0  0.798285 3.880004 -15.585368  -0.000000 0.002205 -0.999998  0.892214 0.196352 1 0 1.000000
0  -0.554084 4.317667 -15.585368  -0.000001 0.002205 -0.999998  0.891905 0.196565 1 0 1.000000
0  0.798131 4.317668 -15.585368  0.000000 0.002205 -0.999998  0.892214 0.196459 1 0 1.000000
Material_0
0  -0.554084 4.317667 -15.585368  -0.000001 0.002205 -0.999998  0.891905 0.196565 1 0 1.000000
0  -0.200164 4.723594 -15.585368  0.000000 0.002205 -0.999998  0.891905 0.196671 1 0 1.000000
0  0.798131 4.317668 -15.585368  0.000000 0.002205 -0.999998  0.892214 0.196459 1 0 1.000000
Material_0
0  0.798131 4.317668 -15.585368  0.000000 0.002205 -0.999998  0.892214 0.196459 1 0 1.000000
0  -0.200164 4.723594 -15.585368  0.000000 0.002205 -0.999998  0.891905 0.196671 1 0 1.000000
0  0.447454 4.723594 -15.585368  -0.000000 0.002205 -0.999998  0.892111 0.196565 1 0 1.000000
Material_0
0  -0.148741 4.620707 -1.498847  -0.000000 0.002206 0.999998  0.894069 0.198368 1 0 1.000000
0  -0.445218 4.317670 -1.498847  0.000000 0.002205 0.999998  0.893966 0.198368 1 0 1.000000
0  0.395881 4.620707 -1.498847  0.000000 0.002206 0.999998  0.894172 0.198368 1 0 1.000000
Material_0
0  0.395881 4.620707 -1.498847  0.000000 0.002206 0.999998  0.894172 0.198368 1 0 1.000000
0  -0.445218 4.317670 -1.498847  0.000000 0.002205 0.999998  0.893966 0.198368 1 0 1.000000
0  0.689271 4.317670 -1.498847  0.000000 0.002205 0.999998  0.894172 0.198262 1 0 1.000000
Material_0
0  -0.445218 4.317670 -1.498847  0.000000 0.002205 0.999998  0.893966 0.198368 1 0 1.000000
0  -0.445373 3.880006 -1.498847  0.000000 0.002205 0.999998  0.893966 0.198262 1 0 1.000000
0  0.689271 4.317670 -1.498847  0.000000 0.002205 0.999998  0.894172 0.198262 1 0 1.000000
Material_0
0  0.689271 4.317670 -1.498847  0.000000 0.002205 0.999998  0.894172 0.198262 1 0 1.000000
0  -0.445373 3.880006 -1.498847  0.000000 0.002205 0.999998  0.893966 0.198262 1 0 1.000000
0  0.689425 3.880006 -1.498847  -0.000001 0.002205 0.999998  0.894172 0.198156 1 0 1.000000
Material_0
0  0.689425 3.880006 -1.498847  -0.000001 0.002205 0.999998  0.894172 0.198156 1 0 1.000000
0  -0.445373 3.880006 -1.498847  0.000000 0.002205 0.999998  0.893966 0.198262 1 0 1.000000
0  0.351564 3.442343 -1.498846  -0.000000 0.002183 0.999998  0.894172 0.198050 1 0 1.000000
Material_0
0  -0.445373 3.880006 -1.498847  0.000000 0.002205 0.999998  0.893966 0.198262 1 0 1.000000
0  -0.110909 3.442343 -1.498846  -0.000000 0.002178 0.999998  0.894069 0.198050 1 0 1.000000
0  0.351564 3.442343 -1.498846  -0.000000 0.002183 0.999998  0.894172 0.198050 1 0 1.000000
Material_0
0  -0.110909 3.442343 -1.498846  -0.000000 0.002178 0.999998  0.894069 0.198050 1 0 1.000000
0  -0.758990 2.791223 -1.500704  0.000000 0.002185 0.999998  0.893862 0.197944 1 0 1.000000
0  0.351564 3.442343 -1.498846  -0.000000 0.002183 0.999998  0.894172 0.198050 1 0 1.000000
Material_0
0  0.351564 3.442343 -1.498846  -0.000000 0.002183 0.999998  0.894172 0.198050 1 0 1.000000
0  -0.758990 2.791223 -1.500704  0.000000 0.002185 0.999998  0.893862 0.197944 1 0 1.000000
0  1.003043 1.979882 -1.500704  -0.000001 0.002189 0.999998  0.894275 0.197625 1 0 1.000000
Material_0
0  -0.758990 2.791223 -1.500704  0.000000 0.002185 0.999998  0.893862 0.197944 1 0 1.000000
0  -0.471160 1.449567 -1.500704  0.000000 0.002205 0.999998  0.893966 0.197625 1 0 1.000000
0  1.003043 1.979882 -1.500704  -0.000001 0.002189 0.999998  0.894275 0.197625 1 0 1.000000
Material_0
0  1.003043 1.979882 -1.500704  -0.000001 0.002189 0.999998  0.894275 0.197625 1 0 1.000000
0  -0.471160 1.449567 -1.500704  0.000000 0.002205 0.999998  0.893966 0.197625 1 0 1.000000
0  0.715213 1.449567 -1.500704  -0.000000 0.002205 0.999998  0.894172 0.197519 1 0 1.000000
Material_0
0  1.003043 2.791223 -1.500704  0.000035 0.002157 0.999998  0.894275 0.197838 1 0 1.000000
0  0.351564 3.442343 -1.498846  -0.000000 0.002183 0.999998  0.894172 0.198050 1 0 1.000000
0  1.003043 1.979882 -1.500704  -0.000001 0.002189 0.999998  0.894275 0.197625 1 0 1.000000
Material_0
0  -0.758990 1.979882 -1.500704  0.000002 0.002205 0.999997  0.893862 0.197731 1 0 1.000000
0  -0.471160 1.449567 -1.500704  0.000000 0.002205 0.999998  0.893966 0.197625 1 0 1.000000
0  -0.758990 2.791223 -1.500704  0.000000 0.002185 0.999998  0.893862 0.197944 1 0 1.000000
Material_0
0  -0.449852 3.925051 -7.774595  -0.976717 -0.214526 -0.001877  0.172380 0.636279 1 0 1.000000
0  -0.449851 3.925052 -5.001893  -0.976716 -0.214526 -0.001897  0.173205 0.637021 1 0 1.000000
0  -0.453249 4.273646 -7.774596  -0.976693 0.214632 -0.001882  0.172380 0.636491 1 0 1.000000
Material_0
0  -0.449851 3.925052 -5.001893  -0.976716 -0.214526 -0.001897  0.173205 0.637021 1 0 1.000000
0  -0.453249 4.273647 -5.001893  -0.976703 0.214587 -0.001889  0.173205 0.637233 1 0 1.000000
0  -0.453249 4.273646 -7.774596  -0.976693 0.214632 -0.001882  0.172380 0.636491 1 0 1.000000
Material_0
0  -0.453249 4.273647 -5.001893  -0.976703 0.214587 -0.001889  0.173205 0.637233 1 0 1.000000
0  -0.335739 4.408273 -5.176581  -0.752618 0.658454 0.001883  0.173205 0.637233 1 0 1.000000
0  -0.453249 4.273646 -7.774596  -0.976693 0.214632 -0.001882  0.172380 0.636491 1 0 1.000000
Material_0
0  -0.453249 4.273646 -7.774596  -0.976693 0.214632 -0.001882  0.172380 0.636491 1 0 1.000000
0  -0.335739 4.408273 -5.176581  -0.752618 0.658454 0.001883  0.173205 0.637233 1 0 1.000000
0  -0.335739 4.408273 -7.599909  -0.752618 0.658455 0.001882  0.172483 0.636597 1 0 1.000000
Material_0
0  -0.449852 3.925051 -7.774595  -0.976694 -0.214628 -0.001841  0.958965 0.781294 1 0 1.000000
0  -0.337746 3.778652 -7.598049  -0.793958 -0.607973 0.000000  0.959068 0.781294 1 0 1.000000
0  -0.449851 3.925052 -5.001893  -0.976694 -0.214628 -0.001856  0.959789 0.782037 1 0 1.000000
Material_0
0  -0.449851 3.925052 -5.001893  -0.976694 -0.214628 -0.001856  0.959789 0.782037 1 0 1.000000
0  -0.337746 3.778652 -7.598049  -0.793958 -0.607973 0.000000  0.959068 0.781294 1 0 1.000000
0  -0.337746 3.778652 -5.178439  -0.793957 -0.607974 0.000000  0.959789 0.781825 1 0 1.000000
Material_0
0  0.524510 3.525781 -1.610349  0.622215 -0.393245 0.676910  0.894172 0.198050 1 0 1.000000
0  0.351564 3.442343 -1.498846  0.646788 0.188979 0.738886  0.894172 0.198050 1 0 1.000000
0  0.537789 3.370167 -1.610349  0.544171 0.498695 0.674671  0.894172 0.197944 1 0 1.000000
Material_0
0  0.351564 3.442343 -1.498846  0.646788 0.188979 0.738886  0.894172 0.198050 1 0 1.000000
0  1.003043 2.791223 -1.500704  0.654613 0.282302 0.701276  0.894275 0.197838 1 0 1.000000
0  0.537789 3.370167 -1.610349  0.544171 0.498695 0.674671  0.894172 0.197944 1 0 1.000000
Material_0
0  0.537789 3.370167 -1.610349  0.544171 0.498695 0.674671  0.894172 0.197944 1 0 1.000000
0  1.003043 2.791223 -1.500704  0.654613 0.282302 0.701276  0.894275 0.197838 1 0 1.000000
0  1.111905 2.834221 -1.612208  0.654605 0.282299 0.701285  0.894275 0.197838 1 0 1.000000
Material_0
0  1.003043 2.791223 -1.500704  0.654613 0.282302 0.701276  0.894275 0.197838 1 0 1.000000
0  1.003043 1.979882 -1.500704  0.691709 -0.150190 0.706387  0.894275 0.197625 1 0 1.000000
0  1.111905 2.834221 -1.612208  0.654605 0.282299 0.701285  0.894275 0.197838 1 0 1.000000
Material_0
0  1.111905 2.834221 -1.612208  0.654605 0.282299 0.701285  0.894275 0.197838 1 0 1.000000
0  1.003043 1.979882 -1.500704  0.691709 -0.150190 0.706387  0.894275 0.197625 1 0 1.000000
0  1.111905 1.954799 -1.612207  0.691714 -0.150161 0.706387  0.894275 0.197625 1 0 1.000000
Material_0
0  1.003043 1.979882 -1.500704  0.691709 -0.150190 0.706387  0.894275 0.197625 1 0 1.000000
0  0.715213 1.449567 -1.500704  0.230697 -0.638465 0.734263  0.894172 0.197519 1 0 1.000000
0  1.111905 1.954799 -1.612207  0.691714 -0.150161 0.706387  0.894275 0.197625 1 0 1.000000
Material_0
0  1.111905 1.954799 -1.612207  0.691714 -0.150161 0.706387  0.894275 0.197625 1 0 1.000000
0  0.715213 1.449567 -1.500704  0.230697 -0.638465 0.734263  0.894172 0.197519 1 0 1.000000
0  0.781766 1.346678 -1.612207  0.230729 -0.638450 0.734266  0.894172 0.197413 1 0 1.000000
Material_0
0  0.715213 1.449567 -1.500704  0.230697 -0.638465 0.734263  0.894172 0.197519 1 0 1.000000
0  -0.471160 1.449567 -1.500704  -0.230703 -0.638474 0.734253  0.893966 0.197625 1 0 1.000000
0  0.781766 1.346678 -1.612207  0.230729 -0.638450 0.734266  0.894172 0.197413 1 0 1.000000
Material_0
0  0.781766 1.346678 -1.612207  0.230729 -0.638450 0.734266  0.894172 0.197413 1 0 1.000000
0  -0.471160 1.449567 -1.500704  -0.230703 -0.638474 0.734253  0.893966 0.197625 1 0 1.000000
0  -0.537713 1.346677 -1.612207  -0.230729 -0.638444 0.734270  0.893966 0.197519 1 0 1.000000
Material_0
0  -0.471160 1.449567 -1.500704  -0.230703 -0.638474 0.734253  0.893966 0.197625 1 0 1.000000
0  -0.758990 1.979882 -1.500704  -0.691708 -0.150186 0.706388  0.893862 0.197731 1 0 1.000000
0  -0.537713 1.346677 -1.612207  -0.230729 -0.638444 0.734270  0.893966 0.197519 1 0 1.000000
Material_0
0  -0.537713 1.346677 -1.612207  -0.230729 -0.638444 0.734270  0.893966 0.197519 1 0 1.000000
0  -0.758990 1.979882 -1.500704  -0.691708 -0.150186 0.706388  0.893862 0.197731 1 0 1.000000
0  -0.867853 1.954799 -1.612207  -0.691706 -0.150194 0.706388  0.893862 0.197731 1 0 1.000000
Material_0
0  -0.758990 1.979882 -1.500704  -0.691708 -0.150186 0.706388  0.893862 0.197731 1 0 1.000000
0  -0.758990 2.791223 -1.500704  -0.660442 0.273906 0.699136  0.893862 0.197944 1 0 1.000000
0  -0.867853 1.954799 -1.612207  -0.691706 -0.150194 0.706388  0.893862 0.197731 1 0 1.000000
Material_0
0  -0.867853 1.954799 -1.612207  -0.691706 -0.150194 0.706388  0.893862 0.197731 1 0 1.000000
0  -0.758990 2.791223 -1.500704  -0.660442 0.273906 0.699136  0.893862 0.197944 1 0 1.000000
0  -0.867853 2.834221 -1.612208  -0.660435 0.273901 0.699145  0.893862 0.197944 1 0 1.000000
Material_0
0  -0.758990 2.791223 -1.500704  -0.660442 0.273906 0.699136  0.893862 0.197944 1 0 1.000000
0  -0.110909 3.442343 -1.498846  -0.646227 0.193281 0.738264  0.894069 0.198050 1 0 1.000000
0  -0.867853 2.834221 -1.612208  -0.660435 0.273901 0.699145  0.893862 0.197944 1 0 1.000000
Material_0
0  -0.867853 2.834221 -1.612208  -0.660435 0.273901 0.699145  0.893862 0.197944 1 0 1.000000
0  -0.110909 3.442343 -1.498846  -0.646227 0.193281 0.738264  0.894069 0.198050 1 0 1.000000
0  -0.296825 3.369655 -1.610349  -0.544214 0.498711 0.674624  0.893966 0.198050 1 0 1.000000
Material_0
0  -0.110909 3.442343 -1.498846  -0.646227 0.193281 0.738264  0.894069 0.198050 1 0 1.000000
0  -0.283546 3.525780 -1.610349  -0.625455 -0.389244 0.676236  0.893966 0.198050 1 0 1.000000
0  -0.296825 3.369655 -1.610349  -0.544214 0.498711 0.674624  0.893966 0.198050 1 0 1.000000
Material_0
0  -0.110909 3.442343 -1.498846  -0.646285 0.193296 0.738209  0.863269 0.386347 1 0 1.000000
0  -0.445373 3.880006 -1.498847  -0.688787 -0.252854 0.679439  0.863269 0.386347 1 0 1.000000
0  -0.283546 3.525780 -1.610349  -0.625477 -0.389289 0.676190  0.863269 0.386347 1 0 1.000000
Material_0
0  -0.283546 3.525780 -1.610349  -0.625477 -0.389289 0.676190  0.863269 0.386347 1 0 1.000000
0  -0.445373 3.880006 -1.498847  -0.688787 -0.252854 0.679439  0.863269 0.386347 1 0 1.000000
0  -0.554390 3.880006 -1.610349  -0.688791 -0.252818 0.679448  0.863269 0.386347 1 0 1.000000
Material_0
0  -0.445373 3.880006 -1.498847  -0.688787 -0.252854 0.679439  0.863269 0.386347 1 0 1.000000
0  -0.445218 4.317670 -1.498847  -0.663344 0.269705 0.698021  0.863269 0.386347 1 0 1.000000
0  -0.554390 3.880006 -1.610349  -0.688791 -0.252818 0.679448  0.863269 0.386347 1 0 1.000000
Material_0
0  -0.554390 3.880006 -1.610349  -0.688791 -0.252818 0.679448  0.863269 0.386347 1 0 1.000000
0  -0.445218 4.317670 -1.498847  -0.663344 0.269705 0.698021  0.863269 0.386347 1 0 1.000000
0  -0.554081 4.317670 -1.610349  -0.663351 0.269699 0.698017  0.863269 0.386347 1 0 1.000000
Material_0
0  -0.445218 4.317670 -1.498847  -0.663344 0.269705 0.698021  0.863269 0.386347 1 0 1.000000
0  -0.148741 4.620707 -1.498847  -0.258375 0.668260 0.697619  0.863269 0.386347 1 0 1.000000
0  -0.554081 4.317670 -1.610349  -0.663351 0.269699 0.698017  0.863269 0.386347 1 0 1.000000
Material_0
0  -0.554081 4.317670 -1.610349  -0.663351 0.269699 0.698017  0.863269 0.386347 1 0 1.000000
0  -0.148741 4.620707 -1.498847  -0.258375 0.668260 0.697619  0.863269 0.386347 1 0 1.000000
0  -0.200162 4.724108 -1.610350  -0.258386 0.668241 0.697632  0.863269 0.386347 1 0 1.000000
Material_0
0  -0.148741 4.620707 -1.498847  -0.258375 0.668260 0.697619  0.863269 0.386347 1 0 1.000000
0  0.395881 4.620707 -1.498847  0.258370 0.668258 0.697622  0.863269 0.386347 1 0 1.000000
0  -0.200162 4.724108 -1.610350  -0.258386 0.668241 0.697632  0.863269 0.386347 1 0 1.000000
Material_0
0  -0.200162 4.724108 -1.610350  -0.258386 0.668241 0.697632  0.863269 0.386347 1 0 1.000000
0  0.395881 4.620707 -1.498847  0.258370 0.668258 0.697622  0.863269 0.386347 1 0 1.000000
0  0.447456 4.724108 -1.610350  0.258359 0.668272 0.697612  0.863269 0.386347 1 0 1.000000
Material_0
0  0.395881 4.620707 -1.498847  0.258370 0.668258 0.697622  0.863269 0.386347 1 0 1.000000
0  0.689271 4.317670 -1.498847  0.666222 0.265502 0.696890  0.863269 0.386347 1 0 1.000000
0  0.447456 4.724108 -1.610350  0.258359 0.668272 0.697612  0.863269 0.386347 1 0 1.000000
Material_0
0  0.447456 4.724108 -1.610350  0.258359 0.668272 0.697612  0.863269 0.386347 1 0 1.000000
0  0.689271 4.317670 -1.498847  0.666222 0.265502 0.696890  0.863269 0.386347 1 0 1.000000
0  0.798133 4.317670 -1.610349  0.666238 0.265479 0.696885  0.863269 0.386347 1 0 1.000000
Material_0
0  0.689271 4.317670 -1.498847  0.666222 0.265502 0.696890  0.863269 0.386347 1 0 1.000000
0  0.689425 3.880006 -1.498847  0.688789 -0.252828 0.679446  0.863269 0.386347 1 0 1.000000
0  0.798133 4.317670 -1.610349  0.666238 0.265479 0.696885  0.863269 0.386347 1 0 1.000000
Material_0
0  0.798133 4.317670 -1.610349  0.666238 0.265479 0.696885  0.863269 0.386347 1 0 1.000000
0  0.689425 3.880006 -1.498847  0.688789 -0.252828 0.679446  0.863269 0.386347 1 0 1.000000
0  0.798288 3.880006 -1.610349  0.688792 -0.252823 0.679445  0.863269 0.386347 1 0 1.000000
Material_0
0  0.689425 3.880006 -1.498847  0.688789 -0.252828 0.679446  0.863269 0.386347 1 0 1.000000
0  0.351564 3.442343 -1.498846  0.646786 0.189000 0.738883  0.863269 0.386347 1 0 1.000000
0  0.798288 3.880006 -1.610349  0.688792 -0.252823 0.679445  0.863269 0.386347 1 0 1.000000
Material_0
0  0.798288 3.880006 -1.610349  0.688792 -0.252823 0.679445  0.863269 0.386347 1 0 1.000000
0  0.351564 3.442343 -1.498846  0.646786 0.189000 0.738883  0.863269 0.386347 1 0 1.000000
0  0.524510 3.525781 -1.610349  0.622205 -0.393341 0.676863  0.863269 0.386347 1 0 1.000000
Material_0
0  -0.665415 1.523278 -5.490646  -0.999998 0.002205 0.000000  0.557535 0.160496 1 0 1.000000
0  -0.665415 1.261191 -6.297184  -0.999998 0.002205 0.000000  0.554033 0.155935 1 0 1.000000
0  -0.665414 -2.311779 -5.154278  -0.999998 0.002205 0.000000  0.559080 0.134930 1 0 1.000000
Material_0
0  -0.665414 -2.311779 -5.154278  -0.999998 0.002205 0.000000  0.559080 0.134930 1 0 1.000000
0  -0.665415 1.261191 -6.297184  -0.999998 0.002205 0.000000  0.554033 0.155935 1 0 1.000000
0  -0.665414 -2.383956 -5.975683  -0.999998 0.002205 -0.000000  0.555475 0.131748 1 0 1.000000
Material_0
0  -0.544198 -2.298983 -5.013041  0.003779 0.089456 0.995984  0.560419 0.135249 1 0 1.000000
0  0.772192 -2.298983 -5.013041  -0.003779 0.089456 0.995984  0.569278 0.132384 1 0 1.000000
0  -0.544199 1.573443 -5.351267  -0.003779 0.089456 0.995984  0.558977 0.161027 1 0 1.000000
Material_0
0  -0.544199 1.573443 -5.351267  -0.003779 0.089456 0.995984  0.558977 0.161027 1 0 1.000000
0  0.772192 -2.298983 -5.013041  -0.003779 0.089456 0.995984  0.569278 0.132384 1 0 1.000000
0  0.772191 1.573443 -5.351267  -0.003779 0.089456 0.995984  0.567836 0.158163 1 0 1.000000
Material_0
0  -0.665415 1.055413 -6.860272  -0.999998 0.002205 0.000001  0.551560 0.152646 1 0 1.000000
0  -0.665415 0.616725 -8.092378  -0.999998 0.002205 0.000000  0.546101 0.145433 1 0 1.000000
0  -0.665414 -2.435145 -6.555497  -0.999998 0.002205 0.000000  0.552899 0.129414 1 0 1.000000
Material_0
0  -0.665414 -2.435145 -6.555497  -0.999998 0.002205 0.000000  0.552899 0.129414 1 0 1.000000
0  -0.665415 0.616725 -8.092378  -0.999998 0.002205 0.000000  0.546101 0.145433 1 0 1.000000
0  -0.665415 -2.546225 -7.811762  -0.999998 0.002205 -0.000000  0.547337 0.124428 1 0 1.000000
Material_0
0  -0.665415 0.406852 -8.672193  -0.999998 0.002205 0.000000  0.543629 0.142038 1 0 1.000000
0  -0.665415 0.124802 -9.463862  -0.999998 0.002205 0.000000  0.540126 0.137476 1 0 1.000000
0  -0.665415 -2.598949 -8.404585  -0.999998 0.002205 0.000000  0.544762 0.122094 1 0 1.000000
Material_0
0  -0.665415 -2.598949 -8.404585  -0.999998 0.002205 0.000000  0.544762 0.122094 1 0 1.000000
0  -0.665415 0.124802 -9.463862  -0.999998 0.002205 0.000000  0.540126 0.137476 1 0 1.000000
0  -0.665415 -2.670614 -9.218555  -0.999998 0.002205 -0.000000  0.541259 0.118912 1 0 1.000000
Material_0
0  -0.603340 1.222288 -6.401252  -0.999998 0.002205 0.000000  0.554033 0.155192 1 0 1.000000
0  -0.603340 1.094828 -6.758061  -0.999998 0.002205 0.000000  0.552384 0.153071 1 0 1.000000
0  -0.603339 -2.393682 -6.081610  -0.999998 0.002205 0.000000  0.555372 0.131217 1 0 1.000000
Material_0
0  -0.603339 -2.393682 -6.081610  -0.999998 0.002205 0.000000  0.555372 0.131217 1 0 1.000000
0  -0.603340 1.094828 -6.758061  -0.999998 0.002205 0.000000  0.552384 0.153071 1 0 1.000000
0  -0.603339 -2.425931 -6.449569  -0.999997 0.002205 -0.000000  0.553724 0.129732 1 0 1.000000
Material_0
0  -0.603340 0.577822 -8.194589  -0.999998 0.002205 0.000000  0.546101 0.144690 1 0 1.000000
0  -0.603340 0.445755 -8.569982  -0.999998 0.002205 0.000000  0.544453 0.142568 1 0 1.000000
0  -0.603340 -2.555950 -7.919548  -0.999998 0.002205 0.000000  0.547337 0.123898 1 0 1.000000
Material_0
0  -0.603340 -2.555950 -7.919548  -0.999998 0.002205 0.000000  0.547337 0.123898 1 0 1.000000
0  -0.603340 0.445755 -8.569982  -0.999998 0.002205 0.000000  0.544453 0.142568 1 0 1.000000
0  -0.603340 -2.589735 -8.298657  -0.999997 0.002205 -0.000000  0.545689 0.122413 1 0 1.000000
Material_0
0  -0.665415 1.261191 -6.297184  -0.862841 -0.054586 -0.502519  0.554033 0.155935 1 0 1.000000
0  -0.603340 1.222288 -6.401252  -0.862836 -0.054609 -0.502525  0.554033 0.155192 1 0 1.000000
0  -0.665414 -2.383956 -5.975683  -0.862626 -0.058949 -0.502396  0.555475 0.131748 1 0 1.000000
Material_0
0  -0.665414 -2.383956 -5.975683  -0.862626 -0.058949 -0.502396  0.555475 0.131748 1 0 1.000000
0  -0.603340 1.222288 -6.401252  -0.862836 -0.054609 -0.502525  0.554033 0.155192 1 0 1.000000
0  -0.603339 -2.393682 -6.081610  -0.862624 -0.058959 -0.502397  0.555372 0.131217 1 0 1.000000
Material_0
0  -0.665414 -2.435145 -6.555497  -0.863498 0.002203 0.504347  0.552899 0.129414 1 0 1.000000
0  -0.603339 -2.425931 -6.449569  -0.862906 0.037144 0.503998  0.553724 0.129732 1 0 1.000000
0  -0.665415 1.055413 -6.860272  -0.862904 0.037115 0.504004  0.551560 0.152646 1 0 1.000000
Material_0
0  -0.665415 1.055413 -6.860272  -0.862904 0.037115 0.504004  0.551560 0.152646 1 0 1.000000
0  -0.603339 -2.425931 -6.449569  -0.862906 0.037144 0.503998  0.553724 0.129732 1 0 1.000000
0  -0.603340 1.094828 -6.758061  -0.862896 0.037150 0.504014  0.552384 0.153071 1 0 1.000000
Material_0
0  -0.665415 0.616725 -8.092378  -0.859237 -0.050174 -0.509110  0.546101 0.145433 1 0 1.000000
0  -0.603340 0.577822 -8.194589  -0.859218 -0.050222 -0.509139  0.546101 0.144690 1 0 1.000000
0  -0.665415 -2.546225 -7.811762  -0.866164 -0.063299 -0.495735  0.547337 0.124428 1 0 1.000000
Material_0
0  -0.665415 -2.546225 -7.811762  -0.866164 -0.063299 -0.495735  0.547337 0.124428 1 0 1.000000
0  -0.603340 0.577822 -8.194589  -0.859218 -0.050222 -0.509139  0.546101 0.144690 1 0 1.000000
0  -0.603340 -2.555950 -7.919548  -0.867026 -0.024053 -0.497682  0.547337 0.123898 1 0 1.000000
Material_0
0  -0.665415 -2.598949 -8.404585  -0.862902 0.037141 0.504005  0.544762 0.122094 1 0 1.000000
0  -0.603340 -2.589735 -8.298657  -0.862901 0.037127 0.504007  0.545689 0.122413 1 0 1.000000
0  -0.665415 0.406852 -8.672193  -0.862898 0.037154 0.504010  0.543629 0.142038 1 0 1.000000
Material_0
0  -0.665415 0.406852 -8.672193  -0.862898 0.037154 0.504010  0.543629 0.142038 1 0 1.000000
0  -0.603340 -2.589735 -8.298657  -0.862901 0.037127 0.504007  0.545689 0.122413 1 0 1.000000
0  -0.603340 0.445755 -8.569982  -0.862899 0.037146 0.504009  0.544453 0.142568 1 0 1.000000
Material_0
0  -0.665415 0.124802 -9.463862  -0.763046 -0.050237 -0.644389  0.540126 0.137476 1 0 1.000000
0  -0.561185 -0.067668 -9.569790  -0.763045 -0.050240 -0.644390  0.540332 0.135461 1 0 1.000000
0  -0.665415 -2.670614 -9.218555  -0.763063 -0.050217 -0.644370  0.541259 0.118912 1 0 1.000000
Material_0
0  -0.665415 -2.670614 -9.218555  -0.763063 -0.050217 -0.644370  0.541259 0.118912 1 0 1.000000
0  -0.561185 -0.067668 -9.569790  -0.763045 -0.050240 -0.644390  0.540332 0.135461 1 0 1.000000
0  -0.561185 -2.681363 -9.339351  -0.763045 -0.050243 -0.644389  0.541362 0.118169 1 0 1.000000
Material_0
0  -0.544199 1.573443 -5.351267  -0.760604 0.050220 0.647271  0.558977 0.161027 1 0 1.000000
0  -0.665415 1.523278 -5.490646  -0.760615 0.050243 0.647256  0.557535 0.160496 1 0 1.000000
0  -0.544198 -2.298983 -5.013041  -0.760608 0.050244 0.647264  0.560419 0.135249 1 0 1.000000
Material_0
0  -0.544198 -2.298983 -5.013041  -0.760608 0.050244 0.647264  0.560419 0.135249 1 0 1.000000
0  -0.665415 1.523278 -5.490646  -0.760615 0.050243 0.647256  0.557535 0.160496 1 0 1.000000
0  -0.665414 -2.311779 -5.154278  -0.760610 0.050218 0.647264  0.559080 0.134930 1 0 1.000000
Material_0
0  0.893562 1.523278 -5.490646  0.999998 0.002205 -0.000000  0.568042 0.156996 1 0 1.000000
0  0.893562 -2.311779 -5.154278  0.999998 0.002205 -0.000000  0.569484 0.131536 1 0 1.000000
0  0.893562 1.261192 -6.297184  0.999998 0.002205 -0.000000  0.564437 0.152540 1 0 1.000000
Material_0
0  0.893562 1.261192 -6.297184  0.999998 0.002205 -0.000000  0.564437 0.152540 1 0 1.000000
0  0.893562 -2.311779 -5.154278  0.999998 0.002205 -0.000000  0.569484 0.131536 1 0 1.000000
0  0.893562 -2.383956 -5.975683  0.999998 0.002205 -0.000000  0.565879 0.128353 1 0 1.000000
Material_0
0  0.789177 -2.681363 -9.339351  -0.000000 -0.089353 -0.996000  0.550427 0.115199 1 0 1.000000
0  -0.561185 -2.681363 -9.339351  0.000001 -0.089497 -0.995987  0.541362 0.118169 1 0 1.000000
0  0.789176 -0.067667 -9.569790  0.000000 -0.089497 -0.995987  0.549397 0.132491 1 0 1.000000
Material_0
0  0.789176 -0.067667 -9.569790  0.000000 -0.089497 -0.995987  0.549397 0.132491 1 0 1.000000
0  -0.561185 -2.681363 -9.339351  0.000001 -0.089497 -0.995987  0.541362 0.118169 1 0 1.000000
0  -0.561185 -0.067668 -9.569790  0.000000 -0.089353 -0.996000  0.540332 0.135461 1 0 1.000000
Material_0
0  0.893562 1.055413 -6.860273  0.999998 0.002205 -0.000000  0.561964 0.149145 1 0 1.000000
0  0.893562 -2.435145 -6.555497  0.999998 0.002205 -0.000000  0.563303 0.126019 1 0 1.000000
0  0.893561 0.616726 -8.092378  0.999998 0.002205 0.000000  0.556608 0.142038 1 0 1.000000
Material_0
0  0.893561 0.616726 -8.092378  0.999998 0.002205 0.000000  0.556608 0.142038 1 0 1.000000
0  0.893562 -2.435145 -6.555497  0.999998 0.002205 -0.000000  0.563303 0.126019 1 0 1.000000
0  0.893562 -2.546225 -7.811762  0.999998 0.002205 -0.000000  0.557844 0.121034 1 0 1.000000
Material_0
0  0.893561 0.406852 -8.672193  0.999998 0.002205 0.000000  0.554033 0.138643 1 0 1.000000
0  0.893562 -2.598949 -8.404585  0.999998 0.002205 -0.000000  0.555269 0.118700 1 0 1.000000
0  0.893561 0.124802 -9.463862  0.999998 0.002205 0.000000  0.550633 0.133976 1 0 1.000000
Material_0
0  0.893561 0.124802 -9.463862  0.999998 0.002205 0.000000  0.550633 0.133976 1 0 1.000000
0  0.893562 -2.598949 -8.404585  0.999998 0.002205 -0.000000  0.555269 0.118700 1 0 1.000000
0  0.893562 -2.670614 -9.218555  0.999998 0.002205 -0.000000  0.551663 0.115411 1 0 1.000000
Material_0
0  0.831332 1.222288 -6.399394  0.999998 0.002205 -0.000000  0.563612 0.152010 1 0 1.000000
0  0.831333 -2.393682 -6.081610  0.999998 0.002205 -0.000000  0.565055 0.128035 1 0 1.000000
0  0.831332 1.094828 -6.758062  0.999998 0.002205 -0.000000  0.562067 0.149994 1 0 1.000000
Material_0
0  0.831332 1.094828 -6.758062  0.999998 0.002205 -0.000000  0.562067 0.149994 1 0 1.000000
0  0.831333 -2.393682 -6.081610  0.999998 0.002205 -0.000000  0.565055 0.128035 1 0 1.000000
0  0.831333 -2.425931 -6.449569  0.999998 0.002205 -0.000000  0.563406 0.126550 1 0 1.000000
Material_0
0  0.831332 0.577822 -8.194589  0.999998 0.002205 0.000000  0.555784 0.141508 1 0 1.000000
0  0.831332 -2.555950 -7.919548  0.999998 0.002205 -0.000000  0.556917 0.120715 1 0 1.000000
0  0.831332 0.445755 -8.569982  0.999998 0.002205 0.000000  0.554136 0.139386 1 0 1.000000
Material_0
0  0.831332 0.445755 -8.569982  0.999998 0.002205 0.000000  0.554136 0.139386 1 0 1.000000
0  0.831332 -2.555950 -7.919548  0.999998 0.002205 -0.000000  0.556917 0.120715 1 0 1.000000
0  0.831332 -2.589735 -8.298657  0.999998 0.002205 -0.000000  0.555269 0.119230 1 0 1.000000
Material_0
0  0.831333 -2.393682 -6.081610  0.862627 -0.058949 -0.502395  0.565055 0.128035 1 0 1.000000
0  0.831332 1.222288 -6.399394  0.862840 -0.054593 -0.502521  0.563612 0.152010 1 0 1.000000
0  0.893562 -2.383956 -5.975683  0.862626 -0.058957 -0.502394  0.565879 0.128353 1 0 1.000000
Material_0
0  0.893562 -2.383956 -5.975683  0.862626 -0.058957 -0.502394  0.565879 0.128353 1 0 1.000000
0  0.831332 1.222288 -6.399394  0.862840 -0.054593 -0.502521  0.563612 0.152010 1 0 1.000000
0  0.893562 1.261192 -6.297184  0.862843 -0.054610 -0.502514  0.564437 0.152540 1 0 1.000000
Material_0
0  0.831332 1.094828 -6.758062  0.862903 0.037121 0.504005  0.562067 0.149994 1 0 1.000000
0  0.831333 -2.425931 -6.449569  0.862902 0.037131 0.504006  0.563406 0.126550 1 0 1.000000
0  0.893562 1.055413 -6.860273  0.862902 0.037123 0.504006  0.561964 0.149145 1 0 1.000000
Material_0
0  0.893562 1.055413 -6.860273  0.862902 0.037123 0.504006  0.561964 0.149145 1 0 1.000000
0  0.831333 -2.425931 -6.449569  0.862902 0.037131 0.504006  0.563406 0.126550 1 0 1.000000
0  0.893562 -2.435145 -6.555497  0.863496 0.002203 0.504351  0.563303 0.126019 1 0 1.000000
Material_0
0  0.831332 -2.555950 -7.919548  0.867025 -0.024056 -0.497683  0.556917 0.120715 1 0 1.000000
0  0.831332 0.577822 -8.194589  0.859220 -0.050214 -0.509136  0.555784 0.141508 1 0 1.000000
0  0.893562 -2.546225 -7.811762  0.866162 -0.063325 -0.495735  0.557844 0.121034 1 0 1.000000
Material_0
0  0.893562 -2.546225 -7.811762  0.866162 -0.063325 -0.495735  0.557844 0.121034 1 0 1.000000
0  0.831332 0.577822 -8.194589  0.859220 -0.050214 -0.509136  0.555784 0.141508 1 0 1.000000
0  0.893561 0.616726 -8.092378  0.859217 -0.050221 -0.509140  0.556608 0.142038 1 0 1.000000
Material_0
0  0.831332 0.445755 -8.569982  0.862903 0.037118 0.504005  0.554136 0.139386 1 0 1.000000
0  0.831332 -2.589735 -8.298657  0.862902 0.037129 0.504006  0.555269 0.119230 1 0 1.000000
0  0.893561 0.406852 -8.672193  0.862892 0.037160 0.504020  0.554033 0.138643 1 0 1.000000
Material_0
0  0.893561 0.406852 -8.672193  0.862892 0.037160 0.504020  0.554033 0.138643 1 0 1.000000
0  0.831332 -2.589735 -8.298657  0.862902 0.037129 0.504006  0.555269 0.119230 1 0 1.000000
0  0.893562 -2.598949 -8.404585  0.862902 0.037128 0.504006  0.555269 0.118700 1 0 1.000000
Material_0
0  0.893561 0.124802 -9.463862  0.763046 -0.050234 -0.644389  0.550633 0.133976 1 0 1.000000
0  0.893562 -2.670614 -9.218555  0.763052 -0.050231 -0.644382  0.551663 0.115411 1 0 1.000000
0  0.789176 -0.067667 -9.569790  0.763042 -0.050245 -0.644393  0.549397 0.132491 1 0 1.000000
Material_0
0  0.789176 -0.067667 -9.569790  0.763042 -0.050245 -0.644393  0.549397 0.132491 1 0 1.000000
0  0.893562 -2.670614 -9.218555  0.763052 -0.050231 -0.644382  0.551663 0.115411 1 0 1.000000
0  0.789177 -2.681363 -9.339351  0.763056 -0.050228 -0.644378  0.550427 0.115199 1 0 1.000000
Material_0
0  0.772191 1.573443 -5.351267  0.760606 0.050227 0.647268  0.567836 0.158163 1 0 1.000000
0  0.772192 -2.298983 -5.013041  0.760609 0.050234 0.647264  0.569278 0.132384 1 0 1.000000
0  0.893562 1.523278 -5.490646  0.760603 0.050219 0.647272  0.568042 0.156996 1 0 1.000000
Material_0
0  0.893562 1.523278 -5.490646  0.760603 0.050219 0.647272  0.568042 0.156996 1 0 1.000000
0  0.772192 -2.298983 -5.013041  0.760609 0.050234 0.647264  0.569278 0.132384 1 0 1.000000
0  0.893562 -2.311779 -5.154278  0.760610 0.050221 0.647263  0.569484 0.131536 1 0 1.000000
Material_0
0  0.764934 -2.392658 -5.178438  0.000000 -0.996175 0.087385  0.568557 0.131217 1 0 1.000000
0  -0.536941 -2.392658 -5.178438  -0.000007 -0.996196 0.087146  0.559801 0.134082 1 0 1.000000
0  0.768795 -2.458691 -5.921790  0.000000 -0.996197 0.087126  0.565261 0.128247 1 0 1.000000
Material_0
0  -0.536941 -2.392658 -5.178438  -0.000007 -0.996196 0.087146  0.559801 0.134082 1 0 1.000000
0  -0.540801 -2.458691 -5.921790  -0.000000 -0.996168 0.087458  0.556505 0.131111 1 0 1.000000
0  0.768795 -2.458691 -5.921790  0.000000 -0.996197 0.087126  0.565261 0.128247 1 0 1.000000
Material_0
0  -0.540801 -2.458691 -5.921790  -0.000000 -0.996168 0.087458  0.556505 0.131111 1 0 1.000000
0  -0.484440 -2.467906 -6.029576  -0.000000 -0.996195 0.087154  0.556402 0.130581 1 0 1.000000
0  0.768795 -2.458691 -5.921790  0.000000 -0.996197 0.087126  0.565261 0.128247 1 0 1.000000
Material_0
0  0.768795 -2.458691 -5.921790  0.000000 -0.996197 0.087126  0.565261 0.128247 1 0 1.000000
0  -0.484440 -2.467906 -6.029576  -0.000000 -0.996195 0.087154  0.556402 0.130581 1 0 1.000000
0  0.712587 -2.467906 -6.029576  0.000000 -0.996186 0.087254  0.564437 0.127929 1 0 1.000000
Material_0
0  0.712587 -2.467906 -6.029576  0.000000 -0.996186 0.087254  0.564437 0.127929 1 0 1.000000
0  -0.484440 -2.467906 -6.029576  -0.000000 -0.996195 0.087154  0.556402 0.130581 1 0 1.000000
0  0.712587 -2.508345 -6.488595  -0.000000 -0.996171 0.087429  0.562376 0.126126 1 0 1.000000
Material_0
0  -0.484440 -2.467906 -6.029576  -0.000000 -0.996195 0.087154  0.556402 0.130581 1 0 1.000000
0  -0.484440 -2.508345 -6.488595  0.000000 -0.996170 0.087433  0.554445 0.128778 1 0 1.000000
0  0.712587 -2.508345 -6.488595  -0.000000 -0.996171 0.087429  0.562376 0.126126 1 0 1.000000
Material_0
0  0.712587 -2.508345 -6.488595  -0.000000 -0.996171 0.087429  0.562376 0.126126 1 0 1.000000
0  -0.484440 -2.508345 -6.488595  0.000000 -0.996170 0.087433  0.554445 0.128778 1 0 1.000000
0  0.768794 -2.517559 -6.592665  0.000000 -0.996180 0.087319  0.562376 0.125595 1 0 1.000000
Material_0
0  -0.484440 -2.508345 -6.488595  0.000000 -0.996170 0.087433  0.554445 0.128778 1 0 1.000000
0  -0.540801 -2.517559 -6.592665  -0.000000 -0.996180 0.087322  0.553517 0.128459 1 0 1.000000
0  0.768794 -2.517559 -6.592665  0.000000 -0.996180 0.087319  0.562376 0.125595 1 0 1.000000
Material_0
0  -0.540801 -2.517559 -6.592665  -0.000000 -0.996180 0.087322  0.553517 0.128459 1 0 1.000000
0  -0.540802 -2.620960 -7.759727  0.000000 -0.996209 0.086992  0.548470 0.123792 1 0 1.000000
0  0.768794 -2.517559 -6.592665  0.000000 -0.996180 0.087319  0.562376 0.125595 1 0 1.000000
Material_0
0  0.768794 -2.517559 -6.592665  0.000000 -0.996180 0.087319  0.562376 0.125595 1 0 1.000000
0  -0.540802 -2.620960 -7.759727  0.000000 -0.996209 0.086992  0.548470 0.123792 1 0 1.000000
0  0.768794 -2.620960 -7.759727  0.000000 -0.996209 0.086990  0.557226 0.120927 1 0 1.000000
Material_0
0  -0.540802 -2.620960 -7.759727  0.000000 -0.996209 0.086992  0.548470 0.123792 1 0 1.000000
0  -0.484440 -2.630174 -7.867513  0.000000 -0.996197 0.087135  0.548367 0.123261 1 0 1.000000
0  0.768794 -2.620960 -7.759727  0.000000 -0.996209 0.086990  0.557226 0.120927 1 0 1.000000
Material_0
0  0.768794 -2.620960 -7.759727  0.000000 -0.996209 0.086990  0.557226 0.120927 1 0 1.000000
0  -0.484440 -2.630174 -7.867513  0.000000 -0.996197 0.087135  0.548367 0.123261 1 0 1.000000
0  0.712587 -2.630174 -7.867514  0.000000 -0.996184 0.087277  0.556402 0.120609 1 0 1.000000
Material_0
0  -0.484440 -2.630174 -7.867513  0.000000 -0.996197 0.087135  0.548367 0.123261 1 0 1.000000
0  -0.484440 -2.672149 -8.337684  0.000000 -0.996153 0.087637  0.546307 0.121458 1 0 1.000000
0  0.712587 -2.630174 -7.867514  0.000000 -0.996184 0.087277  0.556402 0.120609 1 0 1.000000
Material_0
0  0.712587 -2.630174 -7.867514  0.000000 -0.996184 0.087277  0.556402 0.120609 1 0 1.000000
0  -0.484440 -2.672149 -8.337684  0.000000 -0.996153 0.087637  0.546307 0.121458 1 0 1.000000
0  0.712587 -2.672149 -8.337684  0.000000 -0.996182 0.087301  0.554342 0.118806 1 0 1.000000
Material_0
0  -0.484440 -2.672149 -8.337684  0.000000 -0.996153 0.087637  0.546307 0.121458 1 0 1.000000
0  -0.540802 -2.681363 -8.443611  -0.000000 -0.996197 0.087133  0.545483 0.121140 1 0 1.000000
0  0.712587 -2.672149 -8.337684  0.000000 -0.996182 0.087301  0.554342 0.118806 1 0 1.000000
Material_0
0  0.712587 -2.672149 -8.337684  0.000000 -0.996182 0.087301  0.554342 0.118806 1 0 1.000000
0  -0.540802 -2.681363 -8.443611  -0.000000 -0.996197 0.087133  0.545483 0.121140 1 0 1.000000
0  0.768794 -2.681363 -8.443611  -0.000000 -0.996197 0.087129  0.554239 0.118275 1 0 1.000000
Material_0
0  -0.540802 -2.681363 -8.443611  0.000000 -0.996145 0.087719  0.545483 0.121140 1 0 1.000000
0  -0.538177 -2.745349 -9.170238  0.000000 -0.996145 0.087719  0.542289 0.118275 1 0 1.000000
0  0.768794 -2.681363 -8.443611  0.000000 -0.996145 0.087719  0.554239 0.118275 1 0 1.000000
Material_0
0  0.768794 -2.681363 -8.443611  0.000000 -0.996145 0.087720  0.554239 0.118275 1 0 1.000000
0  -0.538177 -2.745349 -9.170238  0.000000 -0.996145 0.087720  0.542289 0.118275 1 0 1.000000
0  0.766323 -2.745349 -9.170238  0.000000 -0.996145 0.087720  0.551045 0.115411 1 0 1.000000
Material_0
0  -0.665414 -2.383956 -5.975683  -0.535832 -0.840612 0.079090  0.555475 0.131748 1 0 1.000000
0  -0.540801 -2.458691 -5.921790  -0.535820 -0.840621 0.079083  0.556505 0.131111 1 0 1.000000
0  -0.665414 -2.311779 -5.154278  -0.535847 -0.840600 0.079125  0.559080 0.134930 1 0 1.000000
Material_0
0  -0.665414 -2.311779 -5.154278  -0.535847 -0.840600 0.079125  0.559080 0.134930 1 0 1.000000
0  -0.540801 -2.458691 -5.921790  -0.535820 -0.840621 0.079083  0.556505 0.131111 1 0 1.000000
0  -0.536941 -2.392658 -5.178438  -0.520878 -0.849969 0.078981  0.559801 0.134082 1 0 1.000000
Material_0
0  -0.603339 -2.393682 -6.081610  -0.457754 -0.867843 -0.193159  0.555372 0.131217 1 0 1.000000
0  -0.484440 -2.467906 -6.029576  -0.456705 -0.872187 -0.175242  0.556402 0.130581 1 0 1.000000
0  -0.665414 -2.383956 -5.975683  -0.453969 -0.872148 -0.182398  0.555475 0.131748 1 0 1.000000
Material_0
0  -0.665414 -2.383956 -5.975683  -0.453969 -0.872148 -0.182398  0.555475 0.131748 1 0 1.000000
0  -0.484440 -2.467906 -6.029576  -0.456705 -0.872187 -0.175242  0.556402 0.130581 1 0 1.000000
0  -0.540801 -2.458691 -5.921790  -0.453112 -0.876400 -0.163134  0.556505 0.131111 1 0 1.000000
Material_0
0  -0.603339 -2.425931 -6.449569  -0.551626 -0.831001 0.071727  0.553724 0.129732 1 0 1.000000
0  -0.484440 -2.508345 -6.488595  -0.551606 -0.831031 0.071539  0.554445 0.128778 1 0 1.000000
0  -0.603339 -2.393682 -6.081610  -0.551588 -0.831025 0.071751  0.555372 0.131217 1 0 1.000000
Material_0
0  -0.603339 -2.393682 -6.081610  -0.551588 -0.831025 0.071751  0.555372 0.131217 1 0 1.000000
0  -0.484440 -2.508345 -6.488595  -0.551606 -0.831031 0.071539  0.554445 0.128778 1 0 1.000000
0  -0.484440 -2.467906 -6.029576  -0.551601 -0.831021 0.071700  0.556402 0.130581 1 0 1.000000
Material_0
0  -0.665414 -2.435145 -6.555497  -0.444188 -0.831003 0.334860  0.552899 0.129414 1 0 1.000000
0  -0.540801 -2.517559 -6.592665  -0.459421 -0.826122 0.326273  0.553517 0.128459 1 0 1.000000
0  -0.603339 -2.425931 -6.449569  -0.451894 -0.828545 0.330614  0.553724 0.129732 1 0 1.000000
Material_0
0  -0.603339 -2.425931 -6.449569  -0.451894 -0.828545 0.330614  0.553724 0.129732 1 0 1.000000
0  -0.540801 -2.517559 -6.592665  -0.459421 -0.826122 0.326273  0.553517 0.128459 1 0 1.000000
0  -0.484440 -2.508345 -6.488595  -0.466867 -0.823652 0.321921  0.554445 0.128778 1 0 1.000000
Material_0
0  -0.665415 -2.546225 -7.811762  -0.535830 -0.840610 0.079129  0.547337 0.124428 1 0 1.000000
0  -0.540802 -2.620960 -7.759727  -0.535831 -0.840609 0.079133  0.548470 0.123792 1 0 1.000000
0  -0.665414 -2.435145 -6.555497  -0.535842 -0.840600 0.079150  0.552899 0.129414 1 0 1.000000
Material_0
0  -0.665414 -2.435145 -6.555497  -0.535842 -0.840600 0.079150  0.552899 0.129414 1 0 1.000000
0  -0.540802 -2.620960 -7.759727  -0.535831 -0.840609 0.079133  0.548470 0.123792 1 0 1.000000
0  -0.540801 -2.517559 -6.592665  -0.535837 -0.840605 0.079129  0.553517 0.128459 1 0 1.000000
Material_0
0  -0.603340 -2.555950 -7.919548  -0.457754 -0.867843 -0.193157  0.547337 0.123898 1 0 1.000000
0  -0.484440 -2.630174 -7.867513  -0.456785 -0.872133 -0.175303  0.548367 0.123261 1 0 1.000000
0  -0.665415 -2.546225 -7.811762  -0.458697 -0.870008 -0.180785  0.547337 0.124428 1 0 1.000000
Material_0
0  -0.665415 -2.546225 -7.811762  -0.458697 -0.870008 -0.180785  0.547337 0.124428 1 0 1.000000
0  -0.484440 -2.630174 -7.867513  -0.456785 -0.872133 -0.175303  0.548367 0.123261 1 0 1.000000
0  -0.540802 -2.620960 -7.759727  -0.457758 -0.874284 -0.161512  0.548470 0.123792 1 0 1.000000
Material_0
0  -0.603340 -2.589735 -8.298657  -0.551609 -0.831019 0.071652  0.545689 0.122413 1 0 1.000000
0  -0.484440 -2.672149 -8.337684  -0.551613 -0.831018 0.071642  0.546307 0.121458 1 0 1.000000
0  -0.603340 -2.555950 -7.919548  -0.551613 -0.831013 0.071692  0.547337 0.123898 1 0 1.000000
Material_0
0  -0.603340 -2.555950 -7.919548  -0.551613 -0.831013 0.071692  0.547337 0.123898 1 0 1.000000
0  -0.484440 -2.672149 -8.337684  -0.551613 -0.831018 0.071642  0.546307 0.121458 1 0 1.000000
0  -0.484440 -2.630174 -7.867513  -0.551610 -0.831013 0.071726  0.548367 0.123261 1 0 1.000000
Material_0
0  -0.665415 -2.598949 -8.404585  -0.444254 -0.831019 0.334733  0.544762 0.122094 1 0 1.000000
0  -0.540802 -2.681363 -8.443611  -0.459382 -0.826137 0.326291  0.545483 0.121140 1 0 1.000000
0  -0.603340 -2.589735 -8.298657  -0.451841 -0.828576 0.330608  0.545689 0.122413 1 0 1.000000
Material_0
0  -0.603340 -2.589735 -8.298657  -0.451841 -0.828576 0.330608  0.545689 0.122413 1 0 1.000000
0  -0.540802 -2.681363 -8.443611  -0.459382 -0.826137 0.326291  0.545483 0.121140 1 0 1.000000
0  -0.484440 -2.672149 -8.337684  -0.466866 -0.823669 0.321878  0.546307 0.121458 1 0 1.000000
Material_0
0  -0.665415 -2.670614 -9.218555  -0.525488 -0.847620 0.073508  0.541259 0.118912 1 0 1.000000
0  -0.538177 -2.745349 -9.170238  -0.525460 -0.847641 0.073462  0.542289 0.118275 1 0 1.000000
0  -0.665415 -2.598949 -8.404585  -0.525463 -0.847638 0.073469  0.544762 0.122094 1 0 1.000000
Material_0
0  -0.665415 -2.598949 -8.404585  -0.525463 -0.847638 0.073469  0.544762 0.122094 1 0 1.000000
0  -0.538177 -2.745349 -9.170238  -0.525460 -0.847641 0.073462  0.542289 0.118275 1 0 1.000000
0  -0.540802 -2.681363 -8.443611  -0.533419 -0.842971 0.069736  0.545483 0.121140 1 0 1.000000
Material_0
0  0.789177 -2.681363 -9.339351  0.000000 -0.934952 -0.354774  0.550427 0.115199 1 0 1.000000
0  0.766323 -2.745349 -9.170238  -0.000000 -0.934952 -0.354774  0.551045 0.115411 1 0 1.000000
0  -0.561185 -2.681363 -9.339351  -0.000000 -0.934952 -0.354774  0.541362 0.118169 1 0 1.000000
Material_0
0  -0.561185 -2.681363 -9.339351  -0.000000 -0.934952 -0.354774  0.541362 0.118169 1 0 1.000000
0  0.766323 -2.745349 -9.170238  -0.000000 -0.934952 -0.354774  0.551045 0.115411 1 0 1.000000
0  -0.538177 -2.745349 -9.170238  -0.000000 -0.934986 -0.354684  0.542289 0.118275 1 0 1.000000
Material_0
0  0.893562 -2.598949 -8.404585  0.535804 -0.840632 0.079067  0.555269 0.118700 1 0 1.000000
0  0.768794 -2.681363 -8.443611  0.535827 -0.840613 0.079114  0.554239 0.118275 1 0 1.000000
0  0.893562 -2.670614 -9.218555  0.535830 -0.840610 0.079125  0.551663 0.115411 1 0 1.000000
Material_0
0  0.893562 -2.670614 -9.218555  0.535830 -0.840610 0.079125  0.551663 0.115411 1 0 1.000000
0  0.768794 -2.681363 -8.443611  0.535827 -0.840613 0.079114  0.554239 0.118275 1 0 1.000000
0  0.766323 -2.745349 -9.170238  0.525470 -0.847638 0.073426  0.551045 0.115411 1 0 1.000000
Material_0
0  0.831332 -2.589735 -8.298657  0.459860 -0.818692 0.343907  0.555269 0.119230 1 0 1.000000
0  0.712587 -2.672149 -8.337684  0.459354 -0.826157 0.326280  0.554342 0.118806 1 0 1.000000
0  0.893562 -2.598949 -8.404585  0.454986 -0.826126 0.332421  0.555269 0.118700 1 0 1.000000
Material_0
0  0.893562 -2.598949 -8.404585  0.454986 -0.826126 0.332421  0.555269 0.118700 1 0 1.000000
0  0.712587 -2.672149 -8.337684  0.459354 -0.826157 0.326280  0.554342 0.118806 1 0 1.000000
0  0.768794 -2.681363 -8.443611  0.454291 -0.833444 0.314629  0.554239 0.118275 1 0 1.000000
Material_0
0  0.831332 -2.555950 -7.919548  0.551614 -0.831016 0.071653  0.556917 0.120715 1 0 1.000000
0  0.712587 -2.630174 -7.867514  0.551613 -0.831018 0.071646  0.556402 0.120609 1 0 1.000000
0  0.831332 -2.589735 -8.298657  0.551612 -0.831017 0.071656  0.555269 0.119230 1 0 1.000000
Material_0
0  0.831332 -2.589735 -8.298657  0.551612 -0.831017 0.071656  0.555269 0.119230 1 0 1.000000
0  0.712587 -2.630174 -7.867514  0.551613 -0.831018 0.071646  0.556402 0.120609 1 0 1.000000
0  0.712587 -2.672149 -8.337684  0.551618 -0.831010 0.071690  0.554342 0.118806 1 0 1.000000
Material_0
0  0.893562 -2.546225 -7.811762  0.444954 -0.876386 -0.184289  0.557844 0.121034 1 0 1.000000
0  0.768794 -2.620960 -7.759727  0.461319 -0.870048 -0.173785  0.557226 0.120927 1 0 1.000000
0  0.831332 -2.555950 -7.919548  0.456839 -0.872049 -0.175580  0.556917 0.120715 1 0 1.000000
Material_0
0  0.831332 -2.555950 -7.919548  0.456839 -0.872049 -0.175580  0.556917 0.120715 1 0 1.000000
0  0.768794 -2.620960 -7.759727  0.461319 -0.870048 -0.173785  0.557226 0.120927 1 0 1.000000
0  0.712587 -2.630174 -7.867514  0.470702 -0.865675 -0.170431  0.556402 0.120609 1 0 1.000000
Material_0
0  0.893562 -2.435145 -6.555497  0.535842 -0.840602 0.079137  0.563303 0.126019 1 0 1.000000
0  0.768794 -2.517559 -6.592665  0.535838 -0.840604 0.079131  0.562376 0.125595 1 0 1.000000
0  0.893562 -2.546225 -7.811762  0.535831 -0.840609 0.079130  0.557844 0.121034 1 0 1.000000
Material_0
0  0.893562 -2.546225 -7.811762  0.535831 -0.840609 0.079130  0.557844 0.121034 1 0 1.000000
0  0.768794 -2.517559 -6.592665  0.535838 -0.840604 0.079131  0.562376 0.125595 1 0 1.000000
0  0.768794 -2.620960 -7.759727  0.535829 -0.840612 0.079119  0.557226 0.120927 1 0 1.000000
Material_0
0  0.831333 -2.425931 -6.449569  0.459838 -0.818718 0.343875  0.563406 0.126550 1 0 1.000000
0  0.712587 -2.508345 -6.488595  0.459403 -0.826123 0.326297  0.562376 0.126126 1 0 1.000000
0  0.893562 -2.435145 -6.555497  0.455014 -0.826116 0.332408  0.563303 0.126019 1 0 1.000000
Material_0
0  0.893562 -2.435145 -6.555497  0.455014 -0.826116 0.332408  0.563303 0.126019 1 0 1.000000
0  0.712587 -2.508345 -6.488595  0.459403 -0.826123 0.326297  0.562376 0.126126 1 0 1.000000
0  0.768794 -2.517559 -6.592665  0.454305 -0.833428 0.314650  0.562376 0.125595 1 0 1.000000
Material_0
0  0.831333 -2.393682 -6.081610  0.551646 -0.831006 0.071521  0.565055 0.128035 1 0 1.000000
0  0.712587 -2.467906 -6.029576  0.551624 -0.831003 0.071727  0.564437 0.127929 1 0 1.000000
0  0.831333 -2.425931 -6.449569  0.551618 -0.831011 0.071688  0.563406 0.126550 1 0 1.000000
Material_0
0  0.831333 -2.425931 -6.449569  0.551618 -0.831011 0.071688  0.563406 0.126550 1 0 1.000000
0  0.712587 -2.467906 -6.029576  0.551624 -0.831003 0.071727  0.564437 0.127929 1 0 1.000000
0  0.712587 -2.508345 -6.488595  0.551580 -0.831042 0.071607  0.562376 0.126126 1 0 1.000000
Material_0
0  0.893562 -2.383956 -5.975683  0.444932 -0.876392 -0.184315  0.565879 0.128353 1 0 1.000000
0  0.768795 -2.458691 -5.921790  0.458699 -0.870008 -0.180777  0.565261 0.128247 1 0 1.000000
0  0.831333 -2.393682 -6.081610  0.453965 -0.872151 -0.182394  0.565055 0.128035 1 0 1.000000
Material_0
0  0.831333 -2.393682 -6.081610  0.453965 -0.872151 -0.182394  0.565055 0.128035 1 0 1.000000
0  0.768795 -2.458691 -5.921790  0.458699 -0.870008 -0.180777  0.565261 0.128247 1 0 1.000000
0  0.712587 -2.467906 -6.029576  0.466071 -0.867845 -0.172114  0.564437 0.127929 1 0 1.000000
Material_0
0  0.893562 -2.311779 -5.154278  0.521996 -0.849940 0.071567  0.569484 0.131536 1 0 1.000000
0  0.764934 -2.392658 -5.178438  0.521990 -0.849943 0.071579  0.568557 0.131217 1 0 1.000000
0  0.893562 -2.383956 -5.975683  0.521988 -0.849944 0.071581  0.565879 0.128353 1 0 1.000000
Material_0
0  0.893562 -2.383956 -5.975683  0.521988 -0.849944 0.071581  0.565879 0.128353 1 0 1.000000
0  0.764934 -2.392658 -5.178438  0.521990 -0.849943 0.071579  0.568557 0.131217 1 0 1.000000
0  0.768795 -2.458691 -5.921790  0.535829 -0.840611 0.079128  0.565261 0.128247 1 0 1.000000
Material_0
0  -0.544198 -2.298983 -5.013041  0.000000 -0.870133 0.492817  0.560419 0.135249 1 0 1.000000
0  -0.536941 -2.392658 -5.178438  0.000000 -0.870133 0.492817  0.559801 0.134082 1 0 1.000000
0  0.772192 -2.298983 -5.013041  0.000000 -0.870133 0.492817  0.569278 0.132384 1 0 1.000000
Material_0
0  0.772192 -2.298983 -5.013041  0.000000 -0.870132 0.492819  0.569278 0.132384 1 0 1.000000
0  -0.536941 -2.392658 -5.178438  0.000000 -0.870132 0.492819  0.559801 0.134082 1 0 1.000000
0  0.764934 -2.392658 -5.178438  0.000000 -0.870132 0.492819  0.568557 0.131217 1 0 1.000000
Material_0
0  -0.283855 -2.654745 -12.052586  -0.999998 0.002205 0.000000  0.528486 0.095468 1 0 1.000000
0  -0.283855 -1.766109 -11.900199  -0.999998 0.002205 -0.000000  0.528486 0.095574 1 0 1.000000
0  -0.283855 -2.211452 -12.870273  -0.999998 0.002205 0.000000  0.528486 0.095468 1 0 1.000000
Material_0
0  -0.283855 -2.211452 -12.870273  -0.999998 0.002205 0.000000  0.528486 0.095468 1 0 1.000000
0  -0.283855 -1.766109 -11.900199  -0.999998 0.002205 -0.000000  0.528486 0.095574 1 0 1.000000
0  -0.283856 -1.899200 -12.812664  -0.999998 0.002205 0.000000  0.528486 0.095574 1 0 1.000000
Material_0
0  0.527905 -1.899200 -12.812664  -0.000000 0.989598 -0.143858  0.528486 0.095574 1 0 1.000000
0  -0.283856 -1.899200 -12.812664  0.000000 0.989598 -0.143857  0.528486 0.095574 1 0 1.000000
0  0.527906 -1.766109 -11.900199  -0.000000 0.989598 -0.143857  0.528486 0.095574 1 0 1.000000
Material_0
0  0.527906 -1.766109 -11.900199  -0.000000 0.989598 -0.143857  0.528486 0.095574 1 0 1.000000
0  -0.283856 -1.899200 -12.812664  0.000000 0.989598 -0.143857  0.528486 0.095574 1 0 1.000000
0  -0.283855 -1.766109 -11.900199  0.000000 0.989598 -0.143857  0.528486 0.095574 1 0 1.000000
Material_0
0  0.527906 -2.211452 -12.870273  -0.000000 0.188923 -0.981992  0.528486 0.095468 1 0 1.000000
0  -0.283855 -2.211452 -12.870273  -0.000000 0.188923 -0.981992  0.528486 0.095468 1 0 1.000000
0  0.527905 -1.899200 -12.812664  -0.000000 0.188923 -0.981992  0.528486 0.095574 1 0 1.000000
Material_0
0  0.527905 -1.899200 -12.812664  -0.000000 0.188923 -0.981992  0.528486 0.095574 1 0 1.000000
0  -0.283855 -2.211452 -12.870273  -0.000000 0.188923 -0.981992  0.528486 0.095468 1 0 1.000000
0  -0.283856 -1.899200 -12.812664  0.000000 0.188923 -0.981992  0.528486 0.095574 1 0 1.000000
Material_0
0  0.527906 -2.654745 -12.052586  -0.000000 -0.878503 -0.477737  0.528486 0.095468 1 0 1.000000
0  -0.283855 -2.654745 -12.052586  -0.000000 -0.878503 -0.477736  0.528486 0.095468 1 0 1.000000
0  0.527906 -2.211452 -12.870273  -0.000000 -0.878503 -0.477736  0.528486 0.095468 1 0 1.000000
Material_0
0  0.527906 -2.211452 -12.870273  -0.000000 -0.878503 -0.477736  0.528486 0.095468 1 0 1.000000
0  -0.283855 -2.654745 -12.052586  -0.000000 -0.878503 -0.477736  0.528486 0.095468 1 0 1.000000
0  -0.283855 -2.211452 -12.870273  0.000000 -0.878503 -0.477736  0.528486 0.095468 1 0 1.000000
Material_0
0  0.527906 -1.766109 -11.900199  0.003787 -0.163099 0.986602  0.528486 0.095574 1 0 1.000000
0  -0.283855 -1.766109 -11.900199  0.003762 -0.163140 0.986596  0.528486 0.095574 1 0 1.000000
0  0.527906 -2.654745 -12.052586  0.003762 -0.163140 0.986596  0.528486 0.095468 1 0 1.000000
Material_0
0  0.527906 -2.654745 -12.052586  0.003762 -0.163140 0.986596  0.528486 0.095468 1 0 1.000000
0  -0.283855 -1.766109 -11.900199  0.003762 -0.163140 0.986596  0.528486 0.095574 1 0 1.000000
0  -0.283855 -2.654745 -12.052586  0.003762 -0.163140 0.986596  0.528486 0.095468 1 0 1.000000
Material_0
0  0.527906 -1.766109 -11.900199  0.999998 0.002205 -0.000000  0.528486 0.095574 1 0 1.000000
0  0.527906 -2.654745 -12.052586  0.999998 0.002205 -0.000000  0.528486 0.095468 1 0 1.000000
0  0.527905 -1.899200 -12.812664  0.999998 0.002205 -0.000000  0.528486 0.095574 1 0 1.000000
Material_0
0  0.527905 -1.899200 -12.812664  0.999998 0.002205 -0.000000  0.528486 0.095574 1 0 1.000000
0  0.527906 -2.654745 -12.052586  0.999998 0.002205 -0.000000  0.528486 0.095468 1 0 1.000000
0  0.527906 -2.211452 -12.870273  0.999998 0.002205 -0.000000  0.528486 0.095468 1 0 1.000000
Material_0
0  0.122101 8.387171 -13.502125  0.037514 0.907894 0.417518  0.884798 0.177258 1 0 1.000000
0  0.122100 8.911343 -14.643170  0.022492 0.907898 0.418587  0.879544 0.177045 1 0 1.000000
0  -0.719154 8.038574 -13.502125  -0.614888 0.668240 0.418769  0.878823 0.176727 1 0 1.000000
Material_0
0  0.122100 8.911343 -14.643170  0.022492 0.907898 0.418587  0.879544 0.177045 1 0 1.000000
0  -1.089905 8.409182 -14.643170  -0.623819 0.658448 0.421065  0.870891 0.176197 1 0 1.000000
0  -0.719154 8.038574 -13.502125  -0.614888 0.668240 0.418769  0.878823 0.176727 1 0 1.000000
Material_0
0  -0.719154 8.038574 -13.502125  -0.614888 0.668240 0.418769  0.878823 0.176727 1 0 1.000000
0  -1.089905 8.409182 -14.643170  -0.623819 0.658448 0.421065  0.870891 0.176197 1 0 1.000000
0  -1.067669 7.197033 -13.502124  -0.908286 0.032764 0.417065  0.876351 0.171317 1 0 1.000000
Material_0
0  -1.089905 8.409182 -14.643170  -0.623819 0.658448 0.421065  0.870891 0.176197 1 0 1.000000
0  -1.591754 7.197032 -14.643169  -0.908288 0.032736 0.417063  0.867286 0.168453 1 0 1.000000
0  -1.067669 7.197033 -13.502124  -0.908286 0.032764 0.417065  0.876351 0.171317 1 0 1.000000
Material_0
0  -1.067669 7.197033 -13.502124  -0.908286 0.032764 0.417065  0.876351 0.171317 1 0 1.000000
0  -1.591754 7.197032 -14.643169  -0.908288 0.032736 0.417063  0.867286 0.168453 1 0 1.000000
0  -0.719154 6.356003 -13.502124  -0.670151 -0.614686 0.416003  0.878823 0.164315 1 0 1.000000
Material_0
0  -1.591754 7.197032 -14.643169  -0.908288 0.032736 0.417063  0.867286 0.168453 1 0 1.000000
0  -1.089905 5.985396 -14.643170  -0.657733 -0.624978 0.420463  0.870891 0.158375 1 0 1.000000
0  -0.719154 6.356003 -13.502124  -0.670151 -0.614686 0.416003  0.878823 0.164315 1 0 1.000000
Material_0
0  -0.719154 6.356003 -13.502124  -0.670151 -0.614686 0.416003  0.878823 0.164315 1 0 1.000000
0  -1.089905 5.985396 -14.643170  -0.657733 -0.624978 0.420463  0.870891 0.158375 1 0 1.000000
0  0.122101 6.007407 -13.502125  -0.037894 -0.907888 0.417496  0.884798 0.159754 1 0 1.000000
Material_0
0  -1.089905 5.985396 -14.643170  -0.657733 -0.624978 0.420463  0.870891 0.158375 1 0 1.000000
0  0.122101 5.483235 -14.643170  -0.022788 -0.907899 0.418570  0.879544 0.151798 1 0 1.000000
0  0.122101 6.007407 -13.502125  -0.037894 -0.907888 0.417496  0.884798 0.159754 1 0 1.000000
Material_0
0  0.122100 8.911343 -14.643170  0.022645 0.907881 0.418615  0.887476 0.160496 1 0 1.000000
0  0.122101 8.387171 -13.502125  0.037655 0.907896 0.417500  0.892832 0.160709 1 0 1.000000
0  1.334106 8.409182 -14.643170  0.659139 0.624949 0.418300  0.896129 0.153919 1 0 1.000000
Material_0
0  0.122101 8.387171 -13.502125  0.037655 0.907896 0.417500  0.892832 0.160709 1 0 1.000000
0  0.963355 8.038574 -13.502125  0.667525 0.614666 0.420232  0.898807 0.156147 1 0 1.000000
0  1.334106 8.409182 -14.643170  0.659139 0.624949 0.418300  0.896129 0.153919 1 0 1.000000
Material_0
0  1.334106 8.409182 -14.643170  0.659139 0.624949 0.418300  0.896129 0.153919 1 0 1.000000
0  0.963355 8.038574 -13.502125  0.667525 0.614666 0.420232  0.898807 0.156147 1 0 1.000000
0  1.836110 7.197033 -14.643169  0.908287 -0.032769 0.417063  0.899734 0.143841 1 0 1.000000
Material_0
0  0.963355 8.038574 -13.502125  0.667525 0.614666 0.420232  0.898807 0.156147 1 0 1.000000
0  1.311870 7.197034 -13.502124  0.908287 -0.032746 0.417063  0.901279 0.149145 1 0 1.000000
0  1.836110 7.197033 -14.643169  0.908287 -0.032769 0.417063  0.899734 0.143841 1 0 1.000000
Material_0
0  1.836110 7.197033 -14.643169  0.908287 -0.032769 0.417063  0.899734 0.143841 1 0 1.000000
0  1.311870 7.197034 -13.502124  0.908287 -0.032746 0.417063  0.901279 0.149145 1 0 1.000000
0  1.333952 5.985396 -14.643170  0.626574 -0.658449 0.416954  0.896129 0.136097 1 0 1.000000
Material_0
0  1.311870 7.197034 -13.502124  0.908287 -0.032746 0.417063  0.901279 0.149145 1 0 1.000000
0  0.963355 6.356003 -13.502124  0.613412 -0.668245 0.420921  0.898807 0.143735 1 0 1.000000
0  1.333952 5.985396 -14.643170  0.626574 -0.658449 0.416954  0.896129 0.136097 1 0 1.000000
Material_0
0  1.333952 5.985396 -14.643170  0.626574 -0.658449 0.416954  0.896129 0.136097 1 0 1.000000
0  0.963355 6.356003 -13.502124  0.613412 -0.668245 0.420921  0.898807 0.143735 1 0 1.000000
0  0.122101 5.483235 -14.643170  -0.022611 -0.907904 0.418569  0.887476 0.135249 1 0 1.000000
Material_0
0  0.963355 6.356003 -13.502124  0.613412 -0.668245 0.420921  0.898807 0.143735 1 0 1.000000
0  0.122101 6.007407 -13.502125  -0.037707 -0.907887 0.417516  0.892832 0.143099 1 0 1.000000
0  0.122101 5.483235 -14.643170  -0.022611 -0.907904 0.418569  0.887476 0.135249 1 0 1.000000
Material_0
0  0.122101 8.602163 -12.251435  -0.015160 0.651847 0.758199  0.890669 0.183304 1 0 1.000000
0  -0.871253 8.190605 -12.251435  -0.472728 0.448718 0.758407  0.883561 0.182668 1 0 1.000000
0  0.122101 8.387171 -12.067455  -0.015156 0.651853 0.758194  0.891493 0.182456 1 0 1.000000
Material_0
0  0.122101 8.387171 -12.067455  -0.015156 0.651853 0.758194  0.891493 0.182456 1 0 1.000000
0  -0.871253 8.190605 -12.251435  -0.472728 0.448718 0.758407  0.883561 0.182668 1 0 1.000000
0  -0.719154 8.038574 -12.067455  -0.472599 0.444835 0.760770  0.885519 0.181819 1 0 1.000000
Material_0
0  -0.871253 8.190605 -12.251435  -0.472728 0.448718 0.758407  0.883561 0.182668 1 0 1.000000
0  -1.282615 7.197032 -12.251434  -0.651548 -0.024009 0.758227  0.880677 0.176303 1 0 1.000000
0  -0.719154 8.038574 -12.067455  -0.472599 0.444835 0.760770  0.885519 0.181819 1 0 1.000000
Material_0
0  -0.719154 8.038574 -12.067455  -0.472599 0.444835 0.760770  0.885519 0.181819 1 0 1.000000
0  -1.282615 7.197032 -12.251434  -0.651548 -0.024009 0.758227  0.880677 0.176303 1 0 1.000000
0  -1.067669 7.197032 -12.067454  -0.651553 -0.024043 0.758222  0.883046 0.176409 1 0 1.000000
Material_0
0  -1.282615 7.197032 -12.251434  -0.651548 -0.024009 0.758227  0.880677 0.176303 1 0 1.000000
0  -0.871252 6.203972 -12.251434  -0.450026 -0.472018 0.758074  0.883561 0.167922 1 0 1.000000
0  -1.067669 7.197032 -12.067454  -0.651553 -0.024043 0.758222  0.883046 0.176409 1 0 1.000000
Material_0
0  -1.067669 7.197032 -12.067454  -0.651553 -0.024043 0.758222  0.883046 0.176409 1 0 1.000000
0  -0.871252 6.203972 -12.251434  -0.450026 -0.472018 0.758074  0.883561 0.167922 1 0 1.000000
0  -0.719153 6.356002 -12.067454  -0.450032 -0.472010 0.758075  0.885519 0.169407 1 0 1.000000
Material_0
0  -0.871252 6.203972 -12.251434  -0.450026 -0.472018 0.758074  0.883561 0.167922 1 0 1.000000
0  0.122101 5.792415 -12.251434  0.018804 -0.651868 0.758100  0.890669 0.162618 1 0 1.000000
0  -0.719153 6.356002 -12.067454  -0.450032 -0.472010 0.758075  0.885519 0.169407 1 0 1.000000
Material_0
0  -0.719153 6.356002 -12.067454  -0.450032 -0.472010 0.758075  0.885519 0.169407 1 0 1.000000
0  0.122101 5.792415 -12.251434  0.018804 -0.651868 0.758100  0.890669 0.162618 1 0 1.000000
0  0.122101 6.007407 -12.067454  0.018792 -0.651857 0.758109  0.891493 0.164846 1 0 1.000000
Material_0
0  0.122101 8.387171 -12.067455  -0.015006 0.651875 0.758178  0.899528 0.165801 1 0 1.000000
0  0.963355 8.038574 -12.067455  0.446225 0.472007 0.760324  0.905503 0.161239 1 0 1.000000
0  0.122101 8.602163 -12.251435  -0.014970 0.651854 0.758197  0.898601 0.166755 1 0 1.000000
Material_0
0  0.122101 8.602163 -12.251435  -0.014970 0.651854 0.758197  0.898601 0.166755 1 0 1.000000
0  0.963355 8.038574 -12.067455  0.446225 0.472007 0.760324  0.905503 0.161239 1 0 1.000000
0  1.115454 8.190605 -12.251435  0.446250 0.471984 0.760324  0.905709 0.161451 1 0 1.000000
Material_0
0  0.963355 8.038574 -12.067455  0.446225 0.472007 0.760324  0.905503 0.161239 1 0 1.000000
0  1.311871 7.197033 -12.067454  0.651555 0.023990 0.758222  0.907975 0.154238 1 0 1.000000
0  1.115454 8.190605 -12.251435  0.446250 0.471984 0.760324  0.905709 0.161451 1 0 1.000000
Material_0
0  1.115454 8.190605 -12.251435  0.446250 0.471984 0.760324  0.905709 0.161451 1 0 1.000000
0  1.311871 7.197033 -12.067454  0.651555 0.023990 0.758222  0.907975 0.154238 1 0 1.000000
0  1.526817 7.197033 -12.251435  0.651555 0.024008 0.758221  0.908696 0.153071 1 0 1.000000
Material_0
0  1.311871 7.197033 -12.067454  0.651555 0.023990 0.758222  0.907975 0.154238 1 0 1.000000
0  0.963355 6.356002 -12.067454  0.476360 -0.444842 0.758417  0.905503 0.148827 1 0 1.000000
0  1.526817 7.197033 -12.251435  0.651555 0.024008 0.758221  0.908696 0.153071 1 0 1.000000
Material_0
0  1.526817 7.197033 -12.251435  0.651555 0.024008 0.758221  0.908696 0.153071 1 0 1.000000
0  0.963355 6.356002 -12.067454  0.476360 -0.444842 0.758417  0.905503 0.148827 1 0 1.000000
0  1.115454 6.203972 -12.251434  0.470059 -0.448746 0.760047  0.905709 0.146706 1 0 1.000000
Material_0
0  0.963355 6.356002 -12.067454  0.476360 -0.444842 0.758417  0.905503 0.148827 1 0 1.000000
0  0.122101 6.007407 -12.067454  0.018986 -0.651858 0.758104  0.899528 0.148297 1 0 1.000000
0  1.115454 6.203972 -12.251434  0.470059 -0.448746 0.760047  0.905709 0.146706 1 0 1.000000
Material_0
0  1.115454 6.203972 -12.251434  0.470059 -0.448746 0.760047  0.905709 0.146706 1 0 1.000000
0  0.122101 6.007407 -12.067454  0.018986 -0.651858 0.758104  0.899528 0.148297 1 0 1.000000
0  0.122101 5.792415 -12.251434  0.018988 -0.651862 0.758100  0.898601 0.146069 1 0 1.000000
Material_0
0  0.122101 8.599091 -13.184341  -0.018931 0.618100 0.785871  0.886343 0.180016 1 0 1.000000
0  -0.869245 8.188557 -13.184341  -0.447254 0.429109 0.784748  0.879235 0.179273 1 0 1.000000
0  0.122101 8.387171 -13.017088  -0.018964 0.618111 0.785862  0.887064 0.179061 1 0 1.000000
Material_0
0  0.122101 8.387171 -13.017088  -0.018964 0.618111 0.785862  0.887064 0.179061 1 0 1.000000
0  -0.869245 8.188557 -13.184341  -0.447254 0.429109 0.784748  0.879235 0.179273 1 0 1.000000
0  -0.719154 8.038574 -13.017088  -0.453656 0.425143 0.783230  0.881089 0.178424 1 0 1.000000
Material_0
0  -0.869245 8.188557 -13.184341  -0.447254 0.429109 0.784748  0.879235 0.179273 1 0 1.000000
0  -1.279836 7.197032 -13.184340  -0.616384 -0.032780 0.786763  0.876351 0.172908 1 0 1.000000
0  -0.719154 8.038574 -13.017088  -0.453656 0.425143 0.783230  0.881089 0.178424 1 0 1.000000
Material_0
0  -0.719154 8.038574 -13.017088  -0.453656 0.425143 0.783230  0.881089 0.178424 1 0 1.000000
0  -1.279836 7.197032 -13.184340  -0.616384 -0.032780 0.786763  0.876351 0.172908 1 0 1.000000
0  -1.067669 7.197032 -13.017087  -0.616385 -0.032760 0.786763  0.878617 0.173014 1 0 1.000000
Material_0
0  -1.279836 7.197032 -13.184340  -0.616384 -0.032780 0.786763  0.876351 0.172908 1 0 1.000000
0  -0.869245 6.206019 -13.184341  -0.424283 -0.448731 0.786527  0.879235 0.164634 1 0 1.000000
0  -1.067669 7.197032 -13.017087  -0.616385 -0.032760 0.786763  0.878617 0.173014 1 0 1.000000
Material_0
0  -1.067669 7.197032 -13.017087  -0.616385 -0.032760 0.786763  0.878617 0.173014 1 0 1.000000
0  -0.869245 6.206019 -13.184341  -0.424283 -0.448731 0.786527  0.879235 0.164634 1 0 1.000000
0  -0.719153 6.356002 -13.017087  -0.424272 -0.448739 0.786528  0.881089 0.166013 1 0 1.000000
Material_0
0  -0.869245 6.206019 -13.184341  -0.424283 -0.448731 0.786527  0.879235 0.164634 1 0 1.000000
0  0.122101 5.794974 -13.184341  0.015030 -0.618105 0.785952  0.886343 0.159329 1 0 1.000000
0  -0.719153 6.356002 -13.017087  -0.424272 -0.448739 0.786528  0.881089 0.166013 1 0 1.000000
Material_0
0  -0.719153 6.356002 -13.017087  -0.424272 -0.448739 0.786528  0.881089 0.166013 1 0 1.000000
0  0.122101 5.794974 -13.184341  0.015030 -0.618105 0.785952  0.886343 0.159329 1 0 1.000000
0  0.122101 6.007407 -13.017087  0.015032 -0.618129 0.785933  0.887064 0.161451 1 0 1.000000
Material_0
0  0.122101 8.387171 -13.017088  0.014997 0.618114 -0.785946  0.887064 0.179061 1 0 1.000000
0  -0.719154 8.038574 -13.017088  -0.427092 0.448720 -0.785011  0.881089 0.178424 1 0 1.000000
0  0.122101 8.599091 -12.849833  0.007513 0.847599 -0.530584  0.887888 0.181183 1 0 1.000000
Material_0
0  0.122101 8.599091 -12.849833  0.007513 0.847599 -0.530584  0.887888 0.181183 1 0 1.000000
0  -0.719154 8.038574 -13.017088  -0.427092 0.448720 -0.785011  0.881089 0.178424 1 0 1.000000
0  -0.869245 8.188557 -12.849833  -0.588777 0.607713 -0.532941  0.880780 0.180440 1 0 1.000000
Material_0
0  -0.719154 8.038574 -13.017088  -0.427092 0.448720 -0.785011  0.881089 0.178424 1 0 1.000000
0  -1.067669 7.197032 -13.017087  -0.616389 0.032763 -0.786760  0.878617 0.173014 1 0 1.000000
0  -0.869245 8.188557 -12.849833  -0.588777 0.607713 -0.532941  0.880780 0.180440 1 0 1.000000
Material_0
0  -0.869245 8.188557 -12.849833  -0.588777 0.607713 -0.532941  0.880780 0.180440 1 0 1.000000
0  -1.067669 7.197032 -13.017087  -0.616389 0.032763 -0.786760  0.878617 0.173014 1 0 1.000000
0  -1.279835 7.197032 -12.849833  -0.847815 0.002186 -0.530288  0.877896 0.174075 1 0 1.000000
Material_0
0  -1.067669 7.197032 -13.017087  -0.616389 0.032763 -0.786760  0.878617 0.173014 1 0 1.000000
0  -0.719153 6.356002 -13.017087  -0.447634 -0.425167 -0.786675  0.881089 0.166013 1 0 1.000000
0  -1.279835 7.197032 -12.849833  -0.847815 0.002186 -0.530288  0.877896 0.174075 1 0 1.000000
Material_0
0  -1.279835 7.197032 -12.849833  -0.847815 0.002186 -0.530288  0.877896 0.174075 1 0 1.000000
0  -0.719153 6.356002 -13.017087  -0.447634 -0.425167 -0.786675  0.881089 0.166013 1 0 1.000000
0  -0.869245 6.206019 -12.849833  -0.607524 -0.590238 -0.531539  0.880780 0.165801 1 0 1.000000
Material_0
0  -0.719153 6.356002 -13.017087  -0.447634 -0.425167 -0.786675  0.881089 0.166013 1 0 1.000000
0  0.122101 6.007407 -13.017087  -0.015191 -0.618111 -0.785944  0.887064 0.161451 1 0 1.000000
0  -0.869245 6.206019 -12.849833  -0.607524 -0.590238 -0.531539  0.880780 0.165801 1 0 1.000000
Material_0
0  -0.869245 6.206019 -12.849833  -0.607524 -0.590238 -0.531539  0.880780 0.165801 1 0 1.000000
0  0.122101 6.007407 -13.017087  -0.015191 -0.618111 -0.785944  0.887064 0.161451 1 0 1.000000
0  0.122101 5.794974 -12.849833  -0.007601 -0.847603 -0.530577  0.887888 0.160496 1 0 1.000000
Material_0
0  0.122101 8.387171 -13.017088  -0.018736 0.618110 0.785868  0.895099 0.162406 1 0 1.000000
0  0.963355 8.038574 -13.017088  0.427089 0.448718 0.785014  0.901073 0.157950 1 0 1.000000
0  0.122101 8.599091 -13.184341  -0.018738 0.618119 0.785861  0.894275 0.163361 1 0 1.000000
Material_0
0  0.122101 8.599091 -13.184341  -0.018738 0.618119 0.785861  0.894275 0.163361 1 0 1.000000
0  0.963355 8.038574 -13.017088  0.427089 0.448718 0.785014  0.901073 0.157950 1 0 1.000000
0  1.113447 8.188557 -13.184341  0.427087 0.448721 0.785014  0.901382 0.158056 1 0 1.000000
Material_0
0  0.963355 8.038574 -13.017088  0.427089 0.448718 0.785014  0.901073 0.157950 1 0 1.000000
0  1.311870 7.197033 -13.017087  0.616391 0.032731 0.786760  0.903545 0.150843 1 0 1.000000
0  1.113447 8.188557 -13.184341  0.427087 0.448721 0.785014  0.901382 0.158056 1 0 1.000000
Material_0
0  1.113447 8.188557 -13.184341  0.427087 0.448721 0.785014  0.901382 0.158056 1 0 1.000000
0  1.311870 7.197033 -13.017087  0.616391 0.032731 0.786760  0.903545 0.150843 1 0 1.000000
0  1.524191 7.197033 -13.184340  0.616390 0.032734 0.786760  0.904267 0.149782 1 0 1.000000
Material_0
0  1.311870 7.197033 -13.017087  0.616391 0.032731 0.786760  0.903545 0.150843 1 0 1.000000
0  0.963355 6.356002 -13.017087  0.450934 -0.425140 0.784802  0.901073 0.145539 1 0 1.000000
0  1.524191 7.197033 -13.184340  0.616390 0.032734 0.786760  0.904267 0.149782 1 0 1.000000
Material_0
0  1.524191 7.197033 -13.184340  0.616390 0.032734 0.786760  0.904267 0.149782 1 0 1.000000
0  0.963355 6.356002 -13.017087  0.450934 -0.425140 0.784802  0.901073 0.145539 1 0 1.000000
0  1.113447 6.206020 -13.184341  0.451077 -0.429103 0.782560  0.901382 0.143417 1 0 1.000000
Material_0
0  0.963355 6.356002 -13.017087  0.450934 -0.425140 0.784802  0.901073 0.145539 1 0 1.000000
0  0.122101 6.007407 -13.017087  0.015192 -0.618114 0.785942  0.895099 0.144902 1 0 1.000000
0  1.113447 6.206020 -13.184341  0.451077 -0.429103 0.782560  0.901382 0.143417 1 0 1.000000
Material_0
0  1.113447 6.206020 -13.184341  0.451077 -0.429103 0.782560  0.901382 0.143417 1 0 1.000000
0  0.122101 6.007407 -13.017087  0.015192 -0.618114 0.785942  0.895099 0.144902 1 0 1.000000
0  0.122101 5.794974 -13.184341  0.015178 -0.618108 0.785947  0.894275 0.142674 1 0 1.000000
Material_0
0  0.122101 8.599091 -12.849833  0.007593 0.847604 -0.530575  0.895820 0.164634 1 0 1.000000
0  1.113447 8.188557 -12.849833  0.606836 0.590239 -0.532323  0.902927 0.159223 1 0 1.000000
0  0.122101 8.387171 -13.017088  0.015179 0.618111 -0.785944  0.895099 0.162406 1 0 1.000000
Material_0
0  0.122101 8.387171 -13.017088  0.015179 0.618111 -0.785944  0.895099 0.162406 1 0 1.000000
0  1.113447 8.188557 -12.849833  0.606836 0.590239 -0.532323  0.902927 0.159223 1 0 1.000000
0  0.963355 8.038574 -13.017088  0.453660 0.425143 -0.783228  0.901073 0.157950 1 0 1.000000
Material_0
0  1.113447 8.188557 -12.849833  0.606836 0.590239 -0.532323  0.902927 0.159223 1 0 1.000000
0  1.524191 7.197033 -12.849833  0.847815 0.002190 -0.530288  0.905812 0.150949 1 0 1.000000
0  0.963355 8.038574 -13.017088  0.453660 0.425143 -0.783228  0.901073 0.157950 1 0 1.000000
Material_0
0  0.963355 8.038574 -13.017088  0.453660 0.425143 -0.783228  0.901073 0.157950 1 0 1.000000
0  1.524191 7.197033 -12.849833  0.847815 0.002190 -0.530288  0.905812 0.150949 1 0 1.000000
0  1.311870 7.197033 -13.017087  0.616393 -0.032726 -0.786758  0.903545 0.150843 1 0 1.000000
Material_0
0  1.524191 7.197033 -12.849833  0.847815 0.002190 -0.530288  0.905812 0.150949 1 0 1.000000
0  1.113447 6.206020 -12.849833  0.590143 -0.607708 -0.531434  0.902927 0.144584 1 0 1.000000
0  1.311870 7.197033 -13.017087  0.616393 -0.032726 -0.786758  0.903545 0.150843 1 0 1.000000
Material_0
0  1.311870 7.197033 -13.017087  0.616393 -0.032726 -0.786758  0.903545 0.150843 1 0 1.000000
0  1.113447 6.206020 -12.849833  0.590143 -0.607708 -0.531434  0.902927 0.144584 1 0 1.000000
0  0.963355 6.356002 -13.017087  0.427611 -0.448727 -0.784725  0.901073 0.145539 1 0 1.000000
Material_0
0  1.113447 6.206020 -12.849833  0.590143 -0.607708 -0.531434  0.902927 0.144584 1 0 1.000000
0  0.122101 5.794974 -12.849833  -0.007558 -0.847600 -0.530582  0.895820 0.143947 1 0 1.000000
0  0.963355 6.356002 -13.017087  0.427611 -0.448727 -0.784725  0.901073 0.145539 1 0 1.000000
Material_0
0  0.963355 6.356002 -13.017087  0.427611 -0.448727 -0.784725  0.901073 0.145539 1 0 1.000000
0  0.122101 5.794974 -12.849833  -0.007558 -0.847600 -0.530582  0.895820 0.143947 1 0 1.000000
0  0.122101 6.007407 -13.017087  -0.015028 -0.618126 -0.785935  0.895099 0.144902 1 0 1.000000
Material_0
0  0.122101 8.387171 -13.502125  0.015005 0.651874 -0.758179  0.884798 0.177258 1 0 1.000000
0  -0.719154 8.038574 -13.502125  -0.446274 0.475858 -0.757891  0.878823 0.176727 1 0 1.000000
0  0.122101 8.602163 -13.318146  0.007470 0.861229 -0.508162  0.885725 0.179591 1 0 1.000000
Material_0
0  0.122101 8.602163 -13.318146  0.007470 0.861229 -0.508162  0.885725 0.179591 1 0 1.000000
0  -0.719154 8.038574 -13.502125  -0.446274 0.475858 -0.757891  0.878823 0.176727 1 0 1.000000
0  -0.871253 8.190605 -13.318146  -0.602292 0.618068 -0.505209  0.878617 0.178849 1 0 1.000000
Material_0
0  -0.719154 8.038574 -13.502125  -0.446274 0.475858 -0.757891  0.878823 0.176727 1 0 1.000000
0  -1.067669 7.197033 -13.502124  -0.651394 0.032744 -0.758033  0.876351 0.171317 1 0 1.000000
0  -0.871253 8.190605 -13.318146  -0.602292 0.618068 -0.505209  0.878617 0.178849 1 0 1.000000
Material_0
0  -0.871253 8.190605 -13.318146  -0.602292 0.618068 -0.505209  0.878617 0.178849 1 0 1.000000
0  -1.067669 7.197033 -13.502124  -0.651394 0.032744 -0.758033  0.876351 0.171317 1 0 1.000000
0  -1.282769 7.197032 -13.318145  -0.862992 0.032738 -0.504155  0.875733 0.172484 1 0 1.000000
Material_0
0  -1.067669 7.197033 -13.502124  -0.651394 0.032744 -0.758033  0.876351 0.171317 1 0 1.000000
0  -0.719154 6.356003 -13.502124  -0.473264 -0.448744 -0.758057  0.878823 0.164315 1 0 1.000000
0  -1.282769 7.197032 -13.318145  -0.862992 0.032738 -0.504155  0.875733 0.172484 1 0 1.000000
Material_0
0  -1.282769 7.197032 -13.318145  -0.862992 0.032738 -0.504155  0.875733 0.172484 1 0 1.000000
0  -0.719154 6.356003 -13.502124  -0.473264 -0.448744 -0.758057  0.878823 0.164315 1 0 1.000000
0  -0.871253 6.203972 -13.318145  -0.615421 -0.600752 -0.510249  0.878617 0.164209 1 0 1.000000
Material_0
0  -0.719154 6.356003 -13.502124  -0.473264 -0.448744 -0.758057  0.878823 0.164315 1 0 1.000000
0  0.122101 6.007407 -13.502125  -0.015201 -0.651853 -0.758192  0.884798 0.159754 1 0 1.000000
0  -0.871253 6.203972 -13.318145  -0.615421 -0.600752 -0.510249  0.878617 0.164209 1 0 1.000000
Material_0
0  -0.871253 6.203972 -13.318145  -0.615421 -0.600752 -0.510249  0.878617 0.164209 1 0 1.000000
0  0.122101 6.007407 -13.502125  -0.015201 -0.651853 -0.758192  0.884798 0.159754 1 0 1.000000
0  0.122101 5.792415 -13.318145  -0.007622 -0.861232 -0.508155  0.885725 0.158799 1 0 1.000000
Material_0
0  0.122101 8.387171 -12.552493  0.015000 0.618118 -0.785942  0.889227 0.180652 1 0 1.000000
0  -0.719154 8.038574 -12.552493  -0.427081 0.448726 -0.785013  0.883253 0.180016 1 0 1.000000
0  0.122101 8.599091 -12.383380  0.007485 0.847610 -0.530568  0.890051 0.182880 1 0 1.000000
Material_0
0  0.122101 8.599091 -12.383380  0.007485 0.847610 -0.530568  0.890051 0.182880 1 0 1.000000
0  -0.719154 8.038574 -12.552493  -0.427081 0.448726 -0.785013  0.883253 0.180016 1 0 1.000000
0  -0.869245 8.188559 -12.383380  -0.588798 0.607704 -0.532929  0.882943 0.182137 1 0 1.000000
Material_0
0  -0.719154 8.038574 -12.552493  -0.427081 0.448726 -0.785013  0.883253 0.180016 1 0 1.000000
0  -1.067669 7.197032 -12.552492  -0.616397 0.032730 -0.786755  0.880780 0.174712 1 0 1.000000
0  -0.869245 8.188559 -12.383380  -0.588798 0.607704 -0.532929  0.882943 0.182137 1 0 1.000000
Material_0
0  -0.869245 8.188559 -12.383380  -0.588798 0.607704 -0.532929  0.882943 0.182137 1 0 1.000000
0  -1.067669 7.197032 -12.552492  -0.616397 0.032730 -0.786755  0.880780 0.174712 1 0 1.000000
0  -1.279835 7.197032 -12.383379  -0.847827 0.002189 -0.530269  0.880059 0.175772 1 0 1.000000
Material_0
0  -1.067669 7.197032 -12.552492  -0.616397 0.032730 -0.786755  0.880780 0.174712 1 0 1.000000
0  -0.719153 6.356002 -12.552492  -0.447648 -0.425148 -0.786677  0.883253 0.167710 1 0 1.000000
0  -1.279835 7.197032 -12.383379  -0.847827 0.002189 -0.530269  0.880059 0.175772 1 0 1.000000
Material_0
0  -1.279835 7.197032 -12.383379  -0.847827 0.002189 -0.530269  0.880059 0.175772 1 0 1.000000
0  -0.719153 6.356002 -12.552492  -0.447648 -0.425148 -0.786677  0.883253 0.167710 1 0 1.000000
0  -0.869245 6.206019 -12.383379  -0.607531 -0.590247 -0.531522  0.882943 0.167498 1 0 1.000000
Material_0
0  -0.719153 6.356002 -12.552492  -0.447648 -0.425148 -0.786677  0.883253 0.167710 1 0 1.000000
0  0.122101 6.007407 -12.552492  -0.015177 -0.618118 -0.785939  0.889227 0.163148 1 0 1.000000
0  -0.869245 6.206019 -12.383379  -0.607531 -0.590247 -0.531522  0.882943 0.167498 1 0 1.000000
Material_0
0  -0.869245 6.206019 -12.383379  -0.607531 -0.590247 -0.531522  0.882943 0.167498 1 0 1.000000
0  0.122101 6.007407 -12.552492  -0.015177 -0.618118 -0.785939  0.889227 0.163148 1 0 1.000000
0  0.122101 5.794974 -12.383379  -0.007629 -0.847606 -0.530571  0.890051 0.162194 1 0 1.000000
Material_0
0  0.122101 8.599091 -12.719748  -0.018932 0.618103 0.785869  0.888506 0.181607 1 0 1.000000
0  -0.869245 8.188559 -12.719748  -0.447251 0.429110 0.784749  0.881398 0.180970 1 0 1.000000
0  0.122101 8.387171 -12.552493  -0.018964 0.618113 0.785861  0.889227 0.180652 1 0 1.000000
Material_0
0  0.122101 8.387171 -12.552493  -0.018964 0.618113 0.785861  0.889227 0.180652 1 0 1.000000
0  -0.869245 8.188559 -12.719748  -0.447251 0.429110 0.784749  0.881398 0.180970 1 0 1.000000
0  -0.719154 8.038574 -12.552493  -0.453654 0.425143 0.783232  0.883253 0.180016 1 0 1.000000
Material_0
0  -0.869245 8.188559 -12.719748  -0.447251 0.429110 0.784749  0.881398 0.180970 1 0 1.000000
0  -1.279835 7.197032 -12.719747  -0.616383 -0.032782 0.786764  0.878514 0.174605 1 0 1.000000
0  -0.719154 8.038574 -12.552493  -0.453654 0.425143 0.783232  0.883253 0.180016 1 0 1.000000
Material_0
0  -0.719154 8.038574 -12.552493  -0.453654 0.425143 0.783232  0.883253 0.180016 1 0 1.000000
0  -1.279835 7.197032 -12.719747  -0.616383 -0.032782 0.786764  0.878514 0.174605 1 0 1.000000
0  -1.067669 7.197032 -12.552492  -0.616387 -0.032761 0.786762  0.880780 0.174712 1 0 1.000000
Material_0
0  -1.279835 7.197032 -12.719747  -0.616383 -0.032782 0.786764  0.878514 0.174605 1 0 1.000000
0  -0.869245 6.206019 -12.719747  -0.424286 -0.448732 0.786525  0.881398 0.166331 1 0 1.000000
0  -1.067669 7.197032 -12.552492  -0.616387 -0.032761 0.786762  0.880780 0.174712 1 0 1.000000
Material_0
0  -1.067669 7.197032 -12.552492  -0.616387 -0.032761 0.786762  0.880780 0.174712 1 0 1.000000
0  -0.869245 6.206019 -12.719747  -0.424286 -0.448732 0.786525  0.881398 0.166331 1 0 1.000000
0  -0.719153 6.356002 -12.552492  -0.424278 -0.448740 0.786524  0.883253 0.167710 1 0 1.000000
Material_0
0  -0.869245 6.206019 -12.719747  -0.424286 -0.448732 0.786525  0.881398 0.166331 1 0 1.000000
0  0.122101 5.794974 -12.719747  0.015026 -0.618105 0.785952  0.888506 0.160921 1 0 1.000000
0  -0.719153 6.356002 -12.552492  -0.424278 -0.448740 0.786524  0.883253 0.167710 1 0 1.000000
Material_0
0  -0.719153 6.356002 -12.552492  -0.424278 -0.448740 0.786524  0.883253 0.167710 1 0 1.000000
0  0.122101 5.794974 -12.719747  0.015026 -0.618105 0.785952  0.888506 0.160921 1 0 1.000000
0  0.122101 6.007407 -12.552492  0.015026 -0.618129 0.785933  0.889227 0.163148 1 0 1.000000
Material_0
0  0.122101 8.602163 -13.318146  0.007575 0.861226 -0.508167  0.893656 0.162936 1 0 1.000000
0  1.115608 8.190605 -13.318146  0.619554 0.600757 -0.505218  0.900764 0.157632 1 0 1.000000
0  0.122101 8.387171 -13.502125  0.015155 0.651834 -0.758210  0.892832 0.160709 1 0 1.000000
Material_0
0  0.122101 8.387171 -13.502125  0.015155 0.651834 -0.758210  0.892832 0.160709 1 0 1.000000
0  1.115608 8.190605 -13.318146  0.619554 0.600757 -0.505218  0.900764 0.157632 1 0 1.000000
0  0.963355 8.038574 -13.502125  0.472738 0.448710 -0.758405  0.898807 0.156147 1 0 1.000000
Material_0
0  1.115608 8.190605 -13.318146  0.619554 0.600757 -0.505218  0.900764 0.157632 1 0 1.000000
0  1.527125 7.197033 -13.318145  0.859157 -0.032764 -0.510662  0.903648 0.149252 1 0 1.000000
0  0.963355 8.038574 -13.502125  0.472738 0.448710 -0.758405  0.898807 0.156147 1 0 1.000000
Material_0
0  0.963355 8.038574 -13.502125  0.472738 0.448710 -0.758405  0.898807 0.156147 1 0 1.000000
0  1.527125 7.197033 -13.318145  0.859157 -0.032764 -0.510662  0.903648 0.149252 1 0 1.000000
0  1.311870 7.197034 -13.502124  0.651390 -0.032771 -0.758035  0.901279 0.149145 1 0 1.000000
Material_0
0  1.527125 7.197033 -13.318145  0.859157 -0.032764 -0.510662  0.903648 0.149252 1 0 1.000000
0  1.115609 6.203972 -13.318145  0.602961 -0.618068 -0.504410  0.900764 0.142993 1 0 1.000000
0  1.311870 7.197034 -13.502124  0.651390 -0.032771 -0.758035  0.901279 0.149145 1 0 1.000000
Material_0
0  1.311870 7.197034 -13.502124  0.651390 -0.032771 -0.758035  0.901279 0.149145 1 0 1.000000
0  1.115609 6.203972 -13.318145  0.602961 -0.618068 -0.504410  0.900764 0.142993 1 0 1.000000
0  0.963355 6.356003 -13.502124  0.446278 -0.475854 -0.757891  0.898807 0.143735 1 0 1.000000
Material_0
0  1.115609 6.203972 -13.318145  0.602961 -0.618068 -0.504410  0.900764 0.142993 1 0 1.000000
0  0.122101 5.792415 -13.318145  -0.007517 -0.861232 -0.508156  0.893656 0.142250 1 0 1.000000
0  0.963355 6.356003 -13.502124  0.446278 -0.475854 -0.757891  0.898807 0.143735 1 0 1.000000
Material_0
0  0.963355 6.356003 -13.502124  0.446278 -0.475854 -0.757891  0.898807 0.143735 1 0 1.000000
0  0.122101 5.792415 -13.318145  -0.007517 -0.861232 -0.508156  0.893656 0.142250 1 0 1.000000
0  0.122101 6.007407 -13.502125  -0.015005 -0.651877 -0.758176  0.892832 0.143099 1 0 1.000000
Material_0
0  0.122101 8.599091 -12.383380  0.007559 0.847608 -0.530569  0.897983 0.166225 1 0 1.000000
0  1.113447 8.188559 -12.383380  0.606844 0.590242 -0.532312  0.905091 0.160921 1 0 1.000000
0  0.122101 8.387171 -12.552493  0.015185 0.618107 -0.785948  0.897262 0.164103 1 0 1.000000
Material_0
0  0.122101 8.387171 -12.552493  0.015185 0.618107 -0.785948  0.897262 0.164103 1 0 1.000000
0  1.113447 8.188559 -12.383380  0.606844 0.590242 -0.532312  0.905091 0.160921 1 0 1.000000
0  0.963355 8.038574 -12.552493  0.453644 0.425152 -0.783232  0.903236 0.159542 1 0 1.000000
Material_0
0  1.113447 8.188559 -12.383380  0.606844 0.590242 -0.532312  0.905091 0.160921 1 0 1.000000
0  1.524191 7.197033 -12.383380  0.847825 0.002192 -0.530272  0.907975 0.152646 1 0 1.000000
0  0.963355 8.038574 -12.552493  0.453644 0.425152 -0.783232  0.903236 0.159542 1 0 1.000000
Material_0
0  0.963355 8.038574 -12.552493  0.453644 0.425152 -0.783232  0.903236 0.159542 1 0 1.000000
0  1.524191 7.197033 -12.383380  0.847825 0.002192 -0.530272  0.907975 0.152646 1 0 1.000000
0  1.311870 7.197033 -12.552492  0.616392 -0.032741 -0.786758  0.905709 0.152540 1 0 1.000000
Material_0
0  1.524191 7.197033 -12.383380  0.847825 0.002192 -0.530272  0.907975 0.152646 1 0 1.000000
0  1.113447 6.206019 -12.383379  0.590137 -0.607691 -0.531460  0.905091 0.146281 1 0 1.000000
0  1.311870 7.197033 -12.552492  0.616392 -0.032741 -0.786758  0.905709 0.152540 1 0 1.000000
Material_0
0  1.311870 7.197033 -12.552492  0.616392 -0.032741 -0.786758  0.905709 0.152540 1 0 1.000000
0  1.113447 6.206019 -12.383379  0.590137 -0.607691 -0.531460  0.905091 0.146281 1 0 1.000000
0  0.963355 6.356002 -12.552492  0.427636 -0.448714 -0.784719  0.903236 0.147130 1 0 1.000000
Material_0
0  1.113447 6.206019 -12.383379  0.590137 -0.607691 -0.531460  0.905091 0.146281 1 0 1.000000
0  0.122101 5.794974 -12.383379  -0.007546 -0.847610 -0.530566  0.897983 0.145539 1 0 1.000000
0  0.963355 6.356002 -12.552492  0.427636 -0.448714 -0.784719  0.903236 0.147130 1 0 1.000000
Material_0
0  0.963355 6.356002 -12.552492  0.427636 -0.448714 -0.784719  0.903236 0.147130 1 0 1.000000
0  0.122101 5.794974 -12.383379  -0.007546 -0.847610 -0.530566  0.897983 0.145539 1 0 1.000000
0  0.122101 6.007407 -12.552492  -0.015007 -0.618115 -0.785944  0.897262 0.146493 1 0 1.000000
Material_0
0  0.122101 8.387171 -12.552493  -0.018745 0.618113 0.785866  0.897262 0.164103 1 0 1.000000
0  0.963355 8.038574 -12.552493  0.427092 0.448719 0.785012  0.903236 0.159542 1 0 1.000000
0  0.122101 8.599091 -12.719748  -0.018745 0.618121 0.785860  0.896438 0.165058 1 0 1.000000
Material_0
0  0.122101 8.599091 -12.719748  -0.018745 0.618121 0.785860  0.896438 0.165058 1 0 1.000000
0  0.963355 8.038574 -12.552493  0.427092 0.448719 0.785012  0.903236 0.159542 1 0 1.000000
0  1.113447 8.188559 -12.719748  0.427089 0.448722 0.785012  0.903545 0.159754 1 0 1.000000
Material_0
0  0.963355 8.038574 -12.552493  0.427092 0.448719 0.785012  0.903236 0.159542 1 0 1.000000
0  1.311870 7.197033 -12.552492  0.616394 0.032731 0.786757  0.905709 0.152540 1 0 1.000000
0  1.113447 8.188559 -12.719748  0.427089 0.448722 0.785012  0.903545 0.159754 1 0 1.000000
Material_0
0  1.113447 8.188559 -12.719748  0.427089 0.448722 0.785012  0.903545 0.159754 1 0 1.000000
0  1.311870 7.197033 -12.552492  0.616394 0.032731 0.786757  0.905709 0.152540 1 0 1.000000
0  1.524191 7.197033 -12.719747  0.616392 0.032735 0.786759  0.906430 0.151479 1 0 1.000000
Material_0
0  1.311870 7.197033 -12.552492  0.616394 0.032731 0.786757  0.905709 0.152540 1 0 1.000000
0  0.963355 6.356002 -12.552492  0.450935 -0.425140 0.784802  0.903236 0.147130 1 0 1.000000
0  1.524191 7.197033 -12.719747  0.616392 0.032735 0.786759  0.906430 0.151479 1 0 1.000000
Material_0
0  1.524191 7.197033 -12.719747  0.616392 0.032735 0.786759  0.906430 0.151479 1 0 1.000000
0  0.963355 6.356002 -12.552492  0.450935 -0.425140 0.784802  0.903236 0.147130 1 0 1.000000
0  1.113447 6.206020 -12.719747  0.451075 -0.429103 0.782561  0.903545 0.145114 1 0 1.000000
Material_0
0  0.963355 6.356002 -12.552492  0.450935 -0.425140 0.784802  0.903236 0.147130 1 0 1.000000
0  0.122101 6.007407 -12.552492  0.015191 -0.618114 0.785941  0.897262 0.146493 1 0 1.000000
0  1.113447 6.206020 -12.719747  0.451075 -0.429103 0.782561  0.903545 0.145114 1 0 1.000000
Material_0
0  1.113447 6.206020 -12.719747  0.451075 -0.429103 0.782561  0.903545 0.145114 1 0 1.000000
0  0.122101 6.007407 -12.552492  0.015191 -0.618114 0.785941  0.897262 0.146493 1 0 1.000000
0  0.122101 5.794974 -12.719747  0.015176 -0.618108 0.785947  0.896438 0.144372 1 0 1.000000
Material_0
0  0.122100 8.854523 -14.708215  0.015157 -0.089535 -0.995868  0.887167 0.159860 1 0 1.000000
0  0.122100 8.305267 -14.544676  0.015189 -0.369092 -0.929269  0.887888 0.156359 1 0 1.000000
0  -1.049603 8.368742 -14.708213  0.060399 -0.063383 -0.996160  0.878823 0.159011 1 0 1.000000
Material_0
0  -1.049603 8.368742 -14.708213  0.060399 -0.063383 -0.996160  0.878823 0.159011 1 0 1.000000
0  0.122100 8.305267 -14.544676  0.015189 -0.369092 -0.929269  0.887888 0.156359 1 0 1.000000
0  -0.661248 7.980731 -14.544676  0.268315 -0.244449 -0.931800  0.882325 0.155829 1 0 1.000000
Material_0
0  0.122100 8.305267 -14.544676  0.015189 -0.369092 -0.929269  0.887888 0.156359 1 0 1.000000
0  -0.588673 7.908044 -14.410872  0.551074 -0.572471 -0.607120  0.883458 0.155617 1 0 1.000000
0  -0.661248 7.980731 -14.544676  0.268315 -0.244449 -0.931800  0.882325 0.155829 1 0 1.000000
Material_0
0  -0.588673 7.908044 -14.410872  0.551074 -0.572471 -0.607120  0.883458 0.155617 1 0 1.000000
0  -0.883143 7.197032 -14.410872  0.796242 -0.045841 -0.603239  0.881398 0.151055 1 0 1.000000
0  -0.661248 7.980731 -14.544676  0.268315 -0.244449 -0.931800  0.882325 0.155829 1 0 1.000000
Material_0
0  -0.661248 7.980731 -14.544676  0.268315 -0.244449 -0.931800  0.882325 0.155829 1 0 1.000000
0  -0.883143 7.197032 -14.410872  0.796242 -0.045841 -0.603239  0.881398 0.151055 1 0 1.000000
0  -0.985829 7.197032 -14.544675  0.368532 0.037119 -0.928874  0.880059 0.150843 1 0 1.000000
Material_0
0  -0.883143 7.197032 -14.410872  0.796242 -0.045841 -0.603239  0.881398 0.151055 1 0 1.000000
0  -0.588673 6.486533 -14.410872  0.574315 0.554427 -0.602307  0.883458 0.145114 1 0 1.000000
0  -0.985829 7.197032 -14.544675  0.368532 0.037119 -0.928874  0.880059 0.150843 1 0 1.000000
Material_0
0  -0.985829 7.197032 -14.544675  0.368532 0.037119 -0.928874  0.880059 0.150843 1 0 1.000000
0  -0.588673 6.486533 -14.410872  0.574315 0.554427 -0.602307  0.883458 0.145114 1 0 1.000000
0  -0.661248 6.413846 -14.544675  0.246261 0.265546 -0.932116  0.882325 0.144266 1 0 1.000000
Material_0
0  -0.588673 6.486533 -14.410872  0.574315 0.554427 -0.602307  0.883458 0.145114 1 0 1.000000
0  0.122101 6.192198 -14.410872  0.015189 0.795447 -0.605833  0.888609 0.141295 1 0 1.000000
0  -0.661248 6.413846 -14.544675  0.246261 0.265546 -0.932116  0.882325 0.144266 1 0 1.000000
Material_0
0  0.122101 6.192198 -14.410872  0.015189 0.795447 -0.605833  0.888609 0.141295 1 0 1.000000
0  0.122101 6.089309 -14.544676  -0.014996 0.369090 -0.929273  0.887888 0.140022 1 0 1.000000
0  -0.661248 6.413846 -14.544675  0.246261 0.265546 -0.932116  0.882325 0.144266 1 0 1.000000
Material_0
0  0.122101 6.089309 -14.544676  -0.014996 0.369090 -0.929273  0.887888 0.140022 1 0 1.000000
0  0.122101 5.540054 -14.708213  -0.015023 0.089530 -0.995871  0.887167 0.135355 1 0 1.000000
0  -0.661248 6.413846 -14.544675  0.246261 0.265546 -0.932116  0.882325 0.144266 1 0 1.000000
Material_0
0  0.122101 5.540054 -14.708213  -0.015023 0.089530 -0.995871  0.887167 0.135355 1 0 1.000000
0  -1.049757 6.025323 -14.708213  0.045340 0.076424 -0.996044  0.878823 0.141720 1 0 1.000000
0  -0.661248 6.413846 -14.544675  0.246261 0.265546 -0.932116  0.882325 0.144266 1 0 1.000000
Material_0
0  -0.661248 6.413846 -14.544675  0.246261 0.265546 -0.932116  0.882325 0.144266 1 0 1.000000
0  -1.049757 6.025323 -14.708213  0.045340 0.076424 -0.996044  0.878823 0.141720 1 0 1.000000
0  -0.985829 7.197032 -14.544675  0.368532 0.037119 -0.928874  0.880059 0.150843 1 0 1.000000
Material_0
0  -1.049757 6.025323 -14.708213  0.045340 0.076424 -0.996044  0.878823 0.141720 1 0 1.000000
0  -1.535084 7.197032 -14.708213  0.075470 0.041479 -0.996285  0.875321 0.151479 1 0 1.000000
0  -0.985829 7.197032 -14.544675  0.368532 0.037119 -0.928874  0.880059 0.150843 1 0 1.000000
Material_0
0  -0.985829 7.197032 -14.544675  0.368532 0.037119 -0.928874  0.880059 0.150843 1 0 1.000000
0  -1.535084 7.197032 -14.708213  0.075470 0.041479 -0.996285  0.875321 0.151479 1 0 1.000000
0  -0.661248 7.980731 -14.544676  0.268315 -0.244449 -0.931800  0.882325 0.155829 1 0 1.000000
Material_0
0  -1.535084 7.197032 -14.708213  0.075470 0.041479 -0.996285  0.875321 0.151479 1 0 1.000000
0  -1.049603 8.368742 -14.708213  0.060399 -0.063383 -0.996160  0.878823 0.159011 1 0 1.000000
0  -0.661248 7.980731 -14.544676  0.268315 -0.244449 -0.931800  0.882325 0.155829 1 0 1.000000
Material_0
0  0.122100 8.202379 -14.410872  -0.015039 -0.795473 -0.605802  0.888609 0.156147 1 0 1.000000
0  -0.588673 7.908044 -14.410872  0.551074 -0.572471 -0.607120  0.883458 0.155617 1 0 1.000000
0  0.122100 8.305267 -14.544676  0.015189 -0.369092 -0.929269  0.887888 0.156359 1 0 1.000000
Material_0
0  0.122101 5.540054 -14.708213  -0.015134 0.089531 -0.995869  0.879235 0.152010 1 0 1.000000
0  0.122101 6.089309 -14.544676  -0.015142 0.369082 -0.929274  0.879956 0.156571 1 0 1.000000
0  1.293958 6.025323 -14.708213  -0.060383 0.063386 -0.996161  0.887579 0.152858 1 0 1.000000
Material_0
0  1.293958 6.025323 -14.708213  -0.060383 0.063386 -0.996161  0.887579 0.152858 1 0 1.000000
0  0.122101 6.089309 -14.544676  -0.015142 0.369082 -0.929274  0.879956 0.156571 1 0 1.000000
0  0.905604 6.413846 -14.544675  -0.268307 0.244445 -0.931804  0.885519 0.157208 1 0 1.000000
Material_0
0  0.122101 6.089309 -14.544676  -0.015142 0.369082 -0.929274  0.879956 0.156571 1 0 1.000000
0  0.832874 6.486533 -14.410872  -0.550413 0.572476 -0.607714  0.885725 0.158375 1 0 1.000000
0  0.905604 6.413846 -14.544675  -0.268307 0.244445 -0.931804  0.885519 0.157208 1 0 1.000000
Material_0
0  0.832874 6.486533 -14.410872  -0.550413 0.572476 -0.607714  0.885725 0.158375 1 0 1.000000
0  1.127344 7.197033 -14.410872  -0.796238 0.045831 -0.603245  0.887785 0.162936 1 0 1.000000
0  0.905604 6.413846 -14.544675  -0.268307 0.244445 -0.931804  0.885519 0.157208 1 0 1.000000
Material_0
0  0.905604 6.413846 -14.544675  -0.268307 0.244445 -0.931804  0.885519 0.157208 1 0 1.000000
0  1.127344 7.197033 -14.410872  -0.796238 0.045831 -0.603245  0.887785 0.162936 1 0 1.000000
0  1.230030 7.197033 -14.544675  -0.368527 -0.037102 -0.928876  0.887888 0.162194 1 0 1.000000
Material_0
0  1.127344 7.197033 -14.410872  -0.796238 0.045831 -0.603245  0.887785 0.162936 1 0 1.000000
0  0.832874 7.908044 -14.410872  -0.569479 -0.554438 -0.606870  0.885725 0.168877 1 0 1.000000
0  1.230030 7.197033 -14.544675  -0.368527 -0.037102 -0.928876  0.887888 0.162194 1 0 1.000000
Material_0
0  1.230030 7.197033 -14.544675  -0.368527 -0.037102 -0.928876  0.887888 0.162194 1 0 1.000000
0  0.832874 7.908044 -14.410872  -0.569479 -0.554438 -0.606870  0.885725 0.168877 1 0 1.000000
0  0.905603 7.980731 -14.544676  -0.246568 -0.265552 -0.932034  0.885519 0.168771 1 0 1.000000
Material_0
0  0.832874 7.908044 -14.410872  -0.569479 -0.554438 -0.606870  0.885725 0.168877 1 0 1.000000
0  0.122100 8.202379 -14.410872  -0.015190 -0.795450 -0.605829  0.880574 0.172696 1 0 1.000000
0  0.905603 7.980731 -14.544676  -0.246568 -0.265552 -0.932034  0.885519 0.168771 1 0 1.000000
Material_0
0  0.122100 8.202379 -14.410872  -0.015190 -0.795450 -0.605829  0.880574 0.172696 1 0 1.000000
0  0.122100 8.305267 -14.544676  0.015015 -0.369084 -0.929275  0.879956 0.173014 1 0 1.000000
0  0.905603 7.980731 -14.544676  -0.246568 -0.265552 -0.932034  0.885519 0.168771 1 0 1.000000
Material_0
0  0.122100 8.305267 -14.544676  0.015015 -0.369084 -0.929275  0.879956 0.173014 1 0 1.000000
0  0.122100 8.854523 -14.708215  0.015057 -0.089511 -0.995872  0.879235 0.176409 1 0 1.000000
0  0.905603 7.980731 -14.544676  -0.246568 -0.265552 -0.932034  0.885519 0.168771 1 0 1.000000
Material_0
0  0.122100 8.854523 -14.708215  0.015057 -0.089511 -0.995872  0.879235 0.176409 1 0 1.000000
0  1.293958 8.368742 -14.708213  -0.045352 -0.076451 -0.996041  0.887579 0.170150 1 0 1.000000
0  0.905603 7.980731 -14.544676  -0.246568 -0.265552 -0.932034  0.885519 0.168771 1 0 1.000000
Material_0
0  0.905603 7.980731 -14.544676  -0.246568 -0.265552 -0.932034  0.885519 0.168771 1 0 1.000000
0  1.293958 8.368742 -14.708213  -0.045352 -0.076451 -0.996041  0.887579 0.170150 1 0 1.000000
0  1.230030 7.197033 -14.544675  -0.368527 -0.037102 -0.928876  0.887888 0.162194 1 0 1.000000
Material_0
0  1.293958 8.368742 -14.708213  -0.045352 -0.076451 -0.996041  0.887579 0.170150 1 0 1.000000
0  1.779285 7.197033 -14.708213  -0.075459 -0.041494 -0.996285  0.890978 0.160390 1 0 1.000000
0  1.230030 7.197033 -14.544675  -0.368527 -0.037102 -0.928876  0.887888 0.162194 1 0 1.000000
Material_0
0  1.230030 7.197033 -14.544675  -0.368527 -0.037102 -0.928876  0.887888 0.162194 1 0 1.000000
0  1.779285 7.197033 -14.708213  -0.075459 -0.041494 -0.996285  0.890978 0.160390 1 0 1.000000
0  0.905604 6.413846 -14.544675  -0.268307 0.244445 -0.931804  0.885519 0.157208 1 0 1.000000
Material_0
0  1.779285 7.197033 -14.708213  -0.075459 -0.041494 -0.996285  0.890978 0.160390 1 0 1.000000
0  1.293958 6.025323 -14.708213  -0.060383 0.063386 -0.996161  0.887579 0.152858 1 0 1.000000
0  0.905604 6.413846 -14.544675  -0.268307 0.244445 -0.931804  0.885519 0.157208 1 0 1.000000
Material_0
0  0.122101 6.192198 -14.410872  0.014992 0.795470 -0.605807  0.880574 0.157844 1 0 1.000000
0  0.832874 6.486533 -14.410872  -0.550413 0.572476 -0.607714  0.885725 0.158375 1 0 1.000000
0  0.122101 6.089309 -14.544676  -0.015142 0.369082 -0.929274  0.879956 0.156571 1 0 1.000000
Material_0
0  0.122100 8.202379 -14.410872  0.000069 -0.999762 -0.021829  0.888609 0.156147 1 0 1.000000
0  0.122101 8.178831 -13.227085  0.000099 -0.999854 -0.017093  0.894069 0.160178 1 0 1.000000
0  -0.588673 7.908044 -14.410872  0.707668 -0.706340 -0.017017  0.883458 0.155617 1 0 1.000000
Material_0
0  0.122101 8.178831 -13.227085  0.000099 -0.999854 -0.017093  0.894069 0.160178 1 0 1.000000
0  -0.571996 7.891151 -13.227085  0.707667 -0.706341 -0.017031  0.889124 0.159648 1 0 1.000000
0  -0.588673 7.908044 -14.410872  0.707668 -0.706340 -0.017017  0.883458 0.155617 1 0 1.000000
Material_0
0  -0.588673 7.908044 -14.410872  0.707668 -0.706340 -0.017017  0.883458 0.155617 1 0 1.000000
0  -0.571996 7.891151 -13.227085  0.707667 -0.706341 -0.017031  0.889124 0.159648 1 0 1.000000
0  -0.883143 7.197032 -14.410872  0.999743 0.002135 -0.022590  0.881398 0.151055 1 0 1.000000
Material_0
0  -0.571996 7.891151 -13.227085  0.707667 -0.706341 -0.017031  0.889124 0.159648 1 0 1.000000
0  -0.859517 7.197033 -13.227084  0.999741 0.002176 -0.022642  0.887064 0.155192 1 0 1.000000
0  -0.883143 7.197032 -14.410872  0.999743 0.002135 -0.022590  0.881398 0.151055 1 0 1.000000
Material_0
0  -0.883143 7.197032 -14.410872  0.999743 0.002135 -0.022590  0.881398 0.151055 1 0 1.000000
0  -0.859517 7.197033 -13.227084  0.999741 0.002176 -0.022642  0.887064 0.155192 1 0 1.000000
0  -0.588673 6.486533 -14.410872  0.704536 0.709366 -0.020721  0.883458 0.145114 1 0 1.000000
Material_0
0  -0.859517 7.197033 -13.227084  0.999741 0.002176 -0.022642  0.887064 0.155192 1 0 1.000000
0  -0.571996 6.502914 -13.227084  0.704503 0.709398 -0.020734  0.889124 0.149358 1 0 1.000000
0  -0.588673 6.486533 -14.410872  0.704536 0.709366 -0.020721  0.883458 0.145114 1 0 1.000000
Material_0
0  -0.588673 6.486533 -14.410872  0.704536 0.709366 -0.020721  0.883458 0.145114 1 0 1.000000
0  -0.571996 6.502914 -13.227084  0.704503 0.709398 -0.020734  0.889124 0.149358 1 0 1.000000
0  0.122101 6.192198 -14.410872  0.000077 0.999858 -0.016858  0.888609 0.141295 1 0 1.000000
Material_0
0  -0.571996 6.502914 -13.227084  0.704503 0.709398 -0.020734  0.889124 0.149358 1 0 1.000000
0  0.122101 6.215746 -13.227084  0.000085 0.999761 -0.021846  0.894069 0.145645 1 0 1.000000
0  0.122101 6.192198 -14.410872  0.000077 0.999858 -0.016858  0.888609 0.141295 1 0 1.000000
Material_0
0  0.122101 8.178831 -13.227085  -0.000091 -0.999761 -0.021844  0.886137 0.176727 1 0 1.000000
0  0.122100 8.202379 -14.410872  -0.000070 -0.999854 -0.017093  0.880574 0.172696 1 0 1.000000
0  0.816197 7.891151 -13.227085  -0.704576 -0.709376 -0.018910  0.891081 0.173014 1 0 1.000000
Material_0
0  0.122100 8.202379 -14.410872  -0.000070 -0.999854 -0.017093  0.880574 0.172696 1 0 1.000000
0  0.832874 7.908044 -14.410872  -0.704524 -0.709429 -0.018886  0.885725 0.168877 1 0 1.000000
0  0.816197 7.891151 -13.227085  -0.704576 -0.709376 -0.018910  0.891081 0.173014 1 0 1.000000
Material_0
0  0.816197 7.891151 -13.227085  -0.704576 -0.709376 -0.018910  0.891081 0.173014 1 0 1.000000
0  0.832874 7.908044 -14.410872  -0.704524 -0.709429 -0.018886  0.885725 0.168877 1 0 1.000000
0  1.103719 7.197033 -13.227084  -0.999742 0.002141 -0.022599  0.893141 0.167180 1 0 1.000000
Material_0
0  0.832874 7.908044 -14.410872  -0.704524 -0.709429 -0.018886  0.885725 0.168877 1 0 1.000000
0  1.127344 7.197033 -14.410872  -0.999742 0.002148 -0.022606  0.887785 0.162936 1 0 1.000000
0  1.103719 7.197033 -13.227084  -0.999742 0.002141 -0.022599  0.893141 0.167180 1 0 1.000000
Material_0
0  1.103719 7.197033 -13.227084  -0.999742 0.002141 -0.022599  0.893141 0.167180 1 0 1.000000
0  1.127344 7.197033 -14.410872  -0.999742 0.002148 -0.022606  0.887785 0.162936 1 0 1.000000
0  0.816197 6.502914 -13.227084  -0.707562 0.706398 -0.018916  0.891081 0.162724 1 0 1.000000
Material_0
0  1.127344 7.197033 -14.410872  -0.999742 0.002148 -0.022606  0.887785 0.162936 1 0 1.000000
0  0.832874 6.486533 -14.410872  -0.707609 0.706352 -0.018868  0.885725 0.158375 1 0 1.000000
0  0.816197 6.502914 -13.227084  -0.707562 0.706398 -0.018916  0.891081 0.162724 1 0 1.000000
Material_0
0  0.816197 6.502914 -13.227084  -0.707562 0.706398 -0.018916  0.891081 0.162724 1 0 1.000000
0  0.832874 6.486533 -14.410872  -0.707609 0.706352 -0.018868  0.885725 0.158375 1 0 1.000000
0  0.122101 6.215746 -13.227084  -0.000092 0.999858 -0.016859  0.886137 0.162300 1 0 1.000000
Material_0
0  0.832874 6.486533 -14.410872  -0.707609 0.706352 -0.018868  0.885725 0.158375 1 0 1.000000
0  0.122101 6.192198 -14.410872  -0.000070 0.999762 -0.021828  0.880574 0.157844 1 0 1.000000
0  0.122101 6.215746 -13.227084  -0.000092 0.999858 -0.016859  0.886137 0.162300 1 0 1.000000
Material_0
0  -0.571996 7.891151 -13.227085  -0.000008 0.002136 -0.999998  0.889124 0.159648 1 0 1.000000
0  0.122101 7.197033 -13.713980  -0.000021 0.002157 -0.999998  0.894069 0.152858 1 0 1.000000
0  -0.859517 7.197033 -13.227084  -0.000038 0.002233 -0.999997  0.887064 0.155192 1 0 1.000000
Material_0
0  0.122101 7.197033 -13.713980  -0.000021 0.002157 -0.999998  0.894069 0.152858 1 0 1.000000
0  -0.571996 6.502914 -13.227084  0.000026 0.002170 -0.999998  0.889124 0.149358 1 0 1.000000
0  -0.859517 7.197033 -13.227084  -0.000038 0.002233 -0.999997  0.887064 0.155192 1 0 1.000000
Material_0
0  0.122101 6.215746 -13.227084  0.000008 0.002206 -0.999998  0.894069 0.145645 1 0 1.000000
0  0.122101 7.197033 -13.713980  0.000104 0.002207 -0.999997  0.894069 0.152858 1 0 1.000000
0  0.816197 6.502914 -13.227084  -0.000009 0.002141 -0.999998  0.899013 0.146175 1 0 1.000000
Material_0
0  0.816197 6.502914 -13.227084  -0.000009 0.002141 -0.999998  0.899013 0.146175 1 0 1.000000
0  0.122101 7.197033 -13.713980  0.000104 0.002207 -0.999997  0.894069 0.152858 1 0 1.000000
0  1.103719 7.197033 -13.227084  0.000038 0.002116 -0.999998  0.901073 0.150631 1 0 1.000000
Material_0
0  1.103719 7.197033 -13.227084  0.000038 0.002116 -0.999998  0.901073 0.150631 1 0 1.000000
0  0.122101 7.197033 -13.713980  0.000104 0.002207 -0.999997  0.894069 0.152858 1 0 1.000000
0  0.816197 7.891151 -13.227085  0.000030 0.002143 -0.999998  0.899013 0.156359 1 0 1.000000
Material_0
0  0.122101 7.197033 -13.713980  0.000104 0.002207 -0.999997  0.894069 0.152858 1 0 1.000000
0  0.122101 8.178831 -13.227085  -0.000001 0.002194 -0.999998  0.894069 0.160178 1 0 1.000000
0  0.816197 7.891151 -13.227085  0.000030 0.002143 -0.999998  0.899013 0.156359 1 0 1.000000
Material_0
0  0.122101 8.599091 -12.383380  0.007602 0.847619 -0.530551  0.863063 0.385498 1 0 1.000000
0  -0.869245 8.188559 -12.383380  -0.588812 0.607762 -0.532847  0.862650 0.385392 1 0 1.000000
0  0.122101 8.602163 -12.251435  -0.000086 0.999761 -0.021846  0.863063 0.385498 1 0 1.000000
Material_0
0  0.122101 8.602163 -12.251435  -0.000086 0.999761 -0.021846  0.863063 0.385498 1 0 1.000000
0  -0.869245 8.188559 -12.383380  -0.588812 0.607762 -0.532847  0.862650 0.385392 1 0 1.000000
0  -0.871253 8.190605 -12.251435  -0.707595 0.706363 -0.018978  0.862650 0.385498 1 0 1.000000
Material_0
0  -0.869245 8.188559 -12.383380  -0.588812 0.607762 -0.532847  0.862650 0.385392 1 0 1.000000
0  -1.279835 7.197032 -12.383379  -0.847874 0.002166 -0.530194  0.862444 0.385074 1 0 1.000000
0  -0.871253 8.190605 -12.251435  -0.707595 0.706363 -0.018978  0.862650 0.385498 1 0 1.000000
Material_0
0  -0.871253 8.190605 -12.251435  -0.707595 0.706363 -0.018978  0.862650 0.385498 1 0 1.000000
0  -1.279835 7.197032 -12.383379  -0.847874 0.002166 -0.530194  0.862444 0.385074 1 0 1.000000
0  -1.282615 7.197032 -12.251434  -0.999741 0.002178 -0.022652  0.862444 0.385074 1 0 1.000000
Material_0
0  -1.279835 7.197032 -12.383379  -0.847874 0.002166 -0.530194  0.862444 0.385074 1 0 1.000000
0  -0.869245 6.206019 -12.383379  -0.607577 -0.590257 -0.531457  0.862650 0.384544 1 0 1.000000
0  -1.282615 7.197032 -12.251434  -0.999741 0.002178 -0.022652  0.862444 0.385074 1 0 1.000000
Material_0
0  -1.282615 7.197032 -12.251434  -0.999741 0.002178 -0.022652  0.862444 0.385074 1 0 1.000000
0  -0.869245 6.206019 -12.383379  -0.607577 -0.590257 -0.531457  0.862650 0.384544 1 0 1.000000
0  -0.871252 6.203972 -12.251434  -0.707676 -0.706333 -0.016983  0.862650 0.384544 1 0 1.000000
Material_0
0  -0.869245 6.206019 -12.383379  -0.607577 -0.590257 -0.531457  0.862650 0.384544 1 0 1.000000
0  0.122101 5.794974 -12.383379  -0.007471 -0.847610 -0.530566  0.863063 0.384225 1 0 1.000000
0  -0.871252 6.203972 -12.251434  -0.707676 -0.706333 -0.016983  0.862650 0.384544 1 0 1.000000
Material_0
0  -0.871252 6.203972 -12.251434  -0.707676 -0.706333 -0.016983  0.862650 0.384544 1 0 1.000000
0  0.122101 5.794974 -12.383379  -0.007471 -0.847610 -0.530566  0.863063 0.384225 1 0 1.000000
0  0.122101 5.792415 -12.251434  -0.000061 -0.999762 -0.021822  0.863063 0.384225 1 0 1.000000
Material_0
0  0.122101 8.602163 -12.251435  0.000067 0.999762 -0.021814  0.863578 0.384544 1 0 1.000000
0  1.115454 8.190605 -12.251435  0.707626 0.706336 -0.018846  0.863990 0.384225 1 0 1.000000
0  0.122101 8.599091 -12.383380  0.007489 0.847600 -0.530582  0.863475 0.384438 1 0 1.000000
Material_0
0  0.122101 8.599091 -12.383380  0.007489 0.847600 -0.530582  0.863475 0.384438 1 0 1.000000
0  1.115454 8.190605 -12.251435  0.707626 0.706336 -0.018846  0.863990 0.384225 1 0 1.000000
0  1.113447 8.188559 -12.383380  0.606887 0.590258 -0.532244  0.863887 0.384119 1 0 1.000000
Material_0
0  1.115454 8.190605 -12.251435  0.707626 0.706336 -0.018846  0.863990 0.384225 1 0 1.000000
0  1.526817 7.197033 -12.251435  0.999741 0.002187 -0.022658  0.864196 0.383695 1 0 1.000000
0  1.113447 8.188559 -12.383380  0.606887 0.590258 -0.532244  0.863887 0.384119 1 0 1.000000
Material_0
0  1.113447 8.188559 -12.383380  0.606887 0.590258 -0.532244  0.863887 0.384119 1 0 1.000000
0  1.526817 7.197033 -12.251435  0.999741 0.002187 -0.022658  0.864196 0.383695 1 0 1.000000
0  1.524191 7.197033 -12.383380  0.847849 0.002177 -0.530234  0.864093 0.383695 1 0 1.000000
Material_0
0  1.526817 7.197033 -12.251435  0.999741 0.002187 -0.022658  0.864196 0.383695 1 0 1.000000
0  1.115454 6.203972 -12.251434  0.707664 -0.706344 -0.017054  0.863990 0.383271 1 0 1.000000
0  1.524191 7.197033 -12.383380  0.847849 0.002177 -0.530234  0.864093 0.383695 1 0 1.000000
Material_0
0  1.524191 7.197033 -12.383380  0.847849 0.002177 -0.530234  0.864093 0.383695 1 0 1.000000
0  1.115454 6.203972 -12.251434  0.707664 -0.706344 -0.017054  0.863990 0.383271 1 0 1.000000
0  1.113447 6.206019 -12.383379  0.590137 -0.607756 -0.531385  0.863887 0.383271 1 0 1.000000
Material_0
0  1.115454 6.203972 -12.251434  0.707664 -0.706344 -0.017054  0.863990 0.383271 1 0 1.000000
0  0.122101 5.792415 -12.251434  0.000060 -0.999762 -0.021833  0.863578 0.383271 1 0 1.000000
0  1.113447 6.206019 -12.383379  0.590137 -0.607756 -0.531385  0.863887 0.383271 1 0 1.000000
Material_0
0  1.113447 6.206019 -12.383379  0.590137 -0.607756 -0.531385  0.863887 0.383271 1 0 1.000000
0  0.122101 5.792415 -12.251434  0.000060 -0.999762 -0.021833  0.863578 0.383271 1 0 1.000000
0  0.122101 5.794974 -12.383379  -0.007621 -0.847593 -0.530592  0.863475 0.383271 1 0 1.000000
Material_0
0  0.122100 8.854523 -14.708215  0.015131 -0.089455 -0.995876  0.862341 0.385074 1 0 1.000000
0  -1.049603 8.368742 -14.708213  0.060321 -0.063341 -0.996167  0.861929 0.385074 1 0 1.000000
0  0.122100 8.911343 -14.643170  0.007441 0.754062 -0.656762  0.862444 0.385180 1 0 1.000000
Material_0
0  0.122100 8.911343 -14.643170  0.007441 0.754062 -0.656762  0.862444 0.385180 1 0 1.000000
0  -1.049603 8.368742 -14.708213  0.060321 -0.063341 -0.996167  0.861929 0.385074 1 0 1.000000
0  -1.089905 8.409182 -14.643170  -0.530300 0.536116 -0.656781  0.861929 0.385074 1 0 1.000000
Material_0
0  -1.049603 8.368742 -14.708213  0.060321 -0.063341 -0.996167  0.861929 0.385074 1 0 1.000000
0  -1.535084 7.197032 -14.708213  0.075389 0.041503 -0.996290  0.861723 0.384544 1 0 1.000000
0  -1.089905 8.409182 -14.643170  -0.530300 0.536116 -0.656781  0.861929 0.385074 1 0 1.000000
Material_0
0  -1.089905 8.409182 -14.643170  -0.530300 0.536116 -0.656781  0.861929 0.385074 1 0 1.000000
0  -1.535084 7.197032 -14.708213  0.075389 0.041503 -0.996290  0.861723 0.384544 1 0 1.000000
0  -1.591754 7.197032 -14.643169  -0.753507 0.002129 -0.657437  0.861723 0.384650 1 0 1.000000
Material_0
0  -1.535084 7.197032 -14.708213  0.075389 0.041503 -0.996290  0.861723 0.384544 1 0 1.000000
0  -1.049757 6.025323 -14.708213  0.045264 0.076410 -0.996049  0.861929 0.384013 1 0 1.000000
0  -1.591754 7.197032 -14.643169  -0.753507 0.002129 -0.657437  0.861723 0.384650 1 0 1.000000
Material_0
0  -1.591754 7.197032 -14.643169  -0.753507 0.002129 -0.657437  0.861723 0.384650 1 0 1.000000
0  -1.049757 6.025323 -14.708213  0.045264 0.076410 -0.996049  0.861929 0.384013 1 0 1.000000
0  -1.089905 5.985396 -14.643170  -0.537005 -0.532416 -0.654338  0.861929 0.384013 1 0 1.000000
Material_0
0  -1.049757 6.025323 -14.708213  0.045264 0.076410 -0.996049  0.861929 0.384013 1 0 1.000000
0  0.122101 5.540054 -14.708213  -0.015168 0.089501 -0.995871  0.862341 0.383589 1 0 1.000000
0  -1.089905 5.985396 -14.643170  -0.537005 -0.532416 -0.654338  0.861929 0.384013 1 0 1.000000
Material_0
0  -1.089905 5.985396 -14.643170  -0.537005 -0.532416 -0.654338  0.861929 0.384013 1 0 1.000000
0  0.122101 5.540054 -14.708213  -0.015168 0.089501 -0.995871  0.862341 0.383589 1 0 1.000000
0  0.122101 5.483235 -14.643170  -0.007634 -0.754055 -0.656767  0.862444 0.383589 1 0 1.000000
Material_0
0  0.122100 8.911343 -14.643170  0.007646 0.754056 -0.656766  0.862857 0.384119 1 0 1.000000
0  1.334106 8.409182 -14.643170  0.536549 0.528719 -0.657702  0.863372 0.383695 1 0 1.000000
0  0.122100 8.854523 -14.708215  0.015159 -0.089500 -0.995871  0.862857 0.384119 1 0 1.000000
Material_0
0  0.122100 8.854523 -14.708215  0.015159 -0.089500 -0.995871  0.862857 0.384119 1 0 1.000000
0  1.334106 8.409182 -14.643170  0.536549 0.528719 -0.657702  0.863372 0.383695 1 0 1.000000
0  1.293958 8.368742 -14.708213  -0.045290 -0.076384 -0.996049  0.863372 0.383695 1 0 1.000000
Material_0
0  1.334106 8.409182 -14.643170  0.536549 0.528719 -0.657702  0.863372 0.383695 1 0 1.000000
0  1.836110 7.197033 -14.643169  0.753496 0.002181 -0.657449  0.863578 0.383165 1 0 1.000000
0  1.293958 8.368742 -14.708213  -0.045290 -0.076384 -0.996049  0.863372 0.383695 1 0 1.000000
Material_0
0  1.293958 8.368742 -14.708213  -0.045290 -0.076384 -0.996049  0.863372 0.383695 1 0 1.000000
0  1.836110 7.197033 -14.643169  0.753496 0.002181 -0.657449  0.863578 0.383165 1 0 1.000000
0  1.779285 7.197033 -14.708213  -0.075411 -0.041472 -0.996290  0.863578 0.383165 1 0 1.000000
Material_0
0  1.836110 7.197033 -14.643169  0.753496 0.002181 -0.657449  0.863578 0.383165 1 0 1.000000
0  1.333952 5.985396 -14.643170  0.530940 -0.536123 -0.656258  0.863372 0.382634 1 0 1.000000
0  1.779285 7.197033 -14.708213  -0.075411 -0.041472 -0.996290  0.863578 0.383165 1 0 1.000000
Material_0
0  1.779285 7.197033 -14.708213  -0.075411 -0.041472 -0.996290  0.863578 0.383165 1 0 1.000000
0  1.333952 5.985396 -14.643170  0.530940 -0.536123 -0.656258  0.863372 0.382634 1 0 1.000000
0  1.293958 6.025323 -14.708213  -0.060300 0.063341 -0.996169  0.863372 0.382634 1 0 1.000000
Material_0
0  1.333952 5.985396 -14.643170  0.530940 -0.536123 -0.656258  0.863372 0.382634 1 0 1.000000
0  0.122101 5.483235 -14.643170  -0.007453 -0.754033 -0.656795  0.862857 0.382634 1 0 1.000000
0  1.293958 6.025323 -14.708213  -0.060300 0.063341 -0.996169  0.863372 0.382634 1 0 1.000000
Material_0
0  1.293958 6.025323 -14.708213  -0.060300 0.063341 -0.996169  0.863372 0.382634 1 0 1.000000
0  0.122101 5.483235 -14.643170  -0.007453 -0.754033 -0.656795  0.862857 0.382634 1 0 1.000000
0  0.122101 5.540054 -14.708213  -0.015171 0.089443 -0.995876  0.862857 0.382634 1 0 1.000000
Material_0
0  0.122101 8.602163 -13.318146  0.007580 0.861204 -0.508202  0.862754 0.385286 1 0 1.000000
0  -0.871253 8.190605 -13.318146  -0.602330 0.618089 -0.505137  0.862341 0.385180 1 0 1.000000
0  0.122101 8.599091 -13.184341  -0.000092 0.999762 0.021820  0.862857 0.385286 1 0 1.000000
Material_0
0  0.122101 8.599091 -13.184341  -0.000092 0.999762 0.021820  0.862857 0.385286 1 0 1.000000
0  -0.871253 8.190605 -13.318146  -0.602330 0.618089 -0.505137  0.862341 0.385180 1 0 1.000000
0  -0.869245 8.188557 -13.184341  -0.707622 0.706339 0.018868  0.862341 0.385286 1 0 1.000000
Material_0
0  -0.871253 8.190605 -13.318146  -0.602330 0.618089 -0.505137  0.862341 0.385180 1 0 1.000000
0  -1.282769 7.197032 -13.318145  -0.863033 0.032732 -0.504086  0.862135 0.384862 1 0 1.000000
0  -0.869245 8.188557 -13.184341  -0.707622 0.706339 0.018868  0.862341 0.385286 1 0 1.000000
Material_0
0  -0.869245 8.188557 -13.184341  -0.707622 0.706339 0.018868  0.862341 0.385286 1 0 1.000000
0  -1.282769 7.197032 -13.318145  -0.863033 0.032732 -0.504086  0.862135 0.384862 1 0 1.000000
0  -1.279836 7.197032 -13.184340  -0.999741 0.002146 0.022638  0.862238 0.384862 1 0 1.000000
Material_0
0  -1.282769 7.197032 -13.318145  -0.863033 0.032732 -0.504086  0.862135 0.384862 1 0 1.000000
0  -0.871253 6.203972 -13.318145  -0.615452 -0.600781 -0.510177  0.862341 0.384332 1 0 1.000000
0  -1.279836 7.197032 -13.184340  -0.999741 0.002146 0.022638  0.862238 0.384862 1 0 1.000000
Material_0
0  -1.279836 7.197032 -13.184340  -0.999741 0.002146 0.022638  0.862238 0.384862 1 0 1.000000
0  -0.871253 6.203972 -13.318145  -0.615452 -0.600781 -0.510177  0.862341 0.384332 1 0 1.000000
0  -0.869245 6.206019 -13.184341  -0.707591 -0.706317 0.020744  0.862341 0.384332 1 0 1.000000
Material_0
0  -0.871253 6.203972 -13.318145  -0.615452 -0.600781 -0.510177  0.862341 0.384332 1 0 1.000000
0  0.122101 5.792415 -13.318145  -0.007523 -0.861205 -0.508203  0.862754 0.384013 1 0 1.000000
0  -0.869245 6.206019 -13.184341  -0.707591 -0.706317 0.020744  0.862341 0.384332 1 0 1.000000
Material_0
0  -0.869245 6.206019 -13.184341  -0.707591 -0.706317 0.020744  0.862341 0.384332 1 0 1.000000
0  0.122101 5.792415 -13.318145  -0.007523 -0.861205 -0.508203  0.862754 0.384013 1 0 1.000000
0  0.122101 5.794974 -13.184341  -0.000096 -0.999761 0.021853  0.862857 0.384013 1 0 1.000000
Material_0
0  0.122101 8.599091 -12.849833  0.007603 0.847619 -0.530551  0.862857 0.385392 1 0 1.000000
0  -0.869245 8.188557 -12.849833  -0.588830 0.607720 -0.532875  0.862444 0.385286 1 0 1.000000
0  0.122101 8.599091 -12.719748  -0.000099 1.000000 -0.000019  0.862960 0.385392 1 0 1.000000
Material_0
0  0.122101 8.599091 -12.719748  -0.000099 1.000000 -0.000019  0.862960 0.385392 1 0 1.000000
0  -0.869245 8.188557 -12.849833  -0.588830 0.607720 -0.532875  0.862444 0.385286 1 0 1.000000
0  -0.869245 8.188559 -12.719748  -0.707857 0.706346 -0.003730  0.862547 0.385392 1 0 1.000000
Material_0
0  -0.869245 8.188557 -12.849833  -0.588830 0.607720 -0.532875  0.862444 0.385286 1 0 1.000000
0  -1.279835 7.197032 -12.849833  -0.847860 0.002186 -0.530216  0.862341 0.384968 1 0 1.000000
0  -0.869245 8.188559 -12.719748  -0.707857 0.706346 -0.003730  0.862547 0.385392 1 0 1.000000
Material_0
0  -0.869245 8.188559 -12.719748  -0.707857 0.706346 -0.003730  0.862547 0.385392 1 0 1.000000
0  -1.279835 7.197032 -12.849833  -0.847860 0.002186 -0.530216  0.862341 0.384968 1 0 1.000000
0  -1.279835 7.197032 -12.719747  -0.999998 0.002183 -0.000000  0.862341 0.384968 1 0 1.000000
Material_0
0  -1.279835 7.197032 -12.849833  -0.847860 0.002186 -0.530216  0.862341 0.384968 1 0 1.000000
0  -0.869245 6.206019 -12.849833  -0.607546 -0.590261 -0.531489  0.862444 0.384438 1 0 1.000000
0  -1.279835 7.197032 -12.719747  -0.999998 0.002183 -0.000000  0.862341 0.384968 1 0 1.000000
Material_0
0  -1.279835 7.197032 -12.719747  -0.999998 0.002183 -0.000000  0.862341 0.384968 1 0 1.000000
0  -0.869245 6.206019 -12.849833  -0.607546 -0.590261 -0.531489  0.862444 0.384438 1 0 1.000000
0  -0.869245 6.206019 -12.719747  -0.707857 -0.706353 -0.001828  0.862547 0.384438 1 0 1.000000
Material_0
0  -0.869245 6.206019 -12.849833  -0.607546 -0.590261 -0.531489  0.862444 0.384438 1 0 1.000000
0  0.122101 5.794974 -12.849833  -0.007509 -0.847609 -0.530568  0.862857 0.384119 1 0 1.000000
0  -0.869245 6.206019 -12.719747  -0.707857 -0.706353 -0.001828  0.862547 0.384438 1 0 1.000000
Material_0
0  -0.869245 6.206019 -12.719747  -0.707857 -0.706353 -0.001828  0.862547 0.384438 1 0 1.000000
0  0.122101 5.794974 -12.849833  -0.007509 -0.847609 -0.530568  0.862857 0.384119 1 0 1.000000
0  0.122101 5.794974 -12.719747  -0.000059 -1.000000 -0.000020  0.862960 0.384119 1 0 1.000000
Material_0
0  0.122101 8.599091 -13.184341  0.000057 0.999761 0.021872  0.863269 0.384332 1 0 1.000000
0  1.113447 8.188557 -13.184341  0.707626 0.706336 0.018867  0.863681 0.384013 1 0 1.000000
0  0.122101 8.602163 -13.318146  0.007460 0.861243 -0.508139  0.863269 0.384332 1 0 1.000000
Material_0
0  0.122101 8.602163 -13.318146  0.007460 0.861243 -0.508139  0.863269 0.384332 1 0 1.000000
0  1.113447 8.188557 -13.184341  0.707626 0.706336 0.018867  0.863681 0.384013 1 0 1.000000
0  1.115608 8.190605 -13.318146  0.619590 0.600791 -0.505133  0.863681 0.384013 1 0 1.000000
Material_0
0  1.113447 8.188557 -13.184341  0.707626 0.706336 0.018867  0.863681 0.384013 1 0 1.000000
0  1.524191 7.197033 -13.184340  0.999741 0.002166 0.022645  0.863887 0.383483 1 0 1.000000
0  1.115608 8.190605 -13.318146  0.619590 0.600791 -0.505133  0.863681 0.384013 1 0 1.000000
Material_0
0  1.115608 8.190605 -13.318146  0.619590 0.600791 -0.505133  0.863681 0.384013 1 0 1.000000
0  1.524191 7.197033 -13.184340  0.999741 0.002166 0.022645  0.863887 0.383483 1 0 1.000000
0  1.527125 7.197033 -13.318145  0.863020 -0.032744 -0.504107  0.863887 0.383483 1 0 1.000000
Material_0
0  1.524191 7.197033 -13.184340  0.999741 0.002166 0.022645  0.863887 0.383483 1 0 1.000000
0  1.113447 6.206020 -13.184341  0.707478 -0.706425 0.020963  0.863681 0.383059 1 0 1.000000
0  1.527125 7.197033 -13.318145  0.863020 -0.032744 -0.504107  0.863887 0.383483 1 0 1.000000
Material_0
0  1.527125 7.197033 -13.318145  0.863020 -0.032744 -0.504107  0.863887 0.383483 1 0 1.000000
0  1.113447 6.206020 -13.184341  0.707478 -0.706425 0.020963  0.863681 0.383059 1 0 1.000000
0  1.115609 6.203972 -13.318145  0.602994 -0.618094 -0.504339  0.863681 0.383059 1 0 1.000000
Material_0
0  1.113447 6.206020 -13.184341  0.707478 -0.706425 0.020963  0.863681 0.383059 1 0 1.000000
0  0.122101 5.794974 -13.184341  0.000083 -0.999762 0.021831  0.863269 0.383059 1 0 1.000000
0  1.115609 6.203972 -13.318145  0.602994 -0.618094 -0.504339  0.863681 0.383059 1 0 1.000000
Material_0
0  1.115609 6.203972 -13.318145  0.602994 -0.618094 -0.504339  0.863681 0.383059 1 0 1.000000
0  0.122101 5.794974 -13.184341  0.000083 -0.999762 0.021831  0.863269 0.383059 1 0 1.000000
0  0.122101 5.792415 -13.318145  -0.007606 -0.861204 -0.508202  0.863269 0.383059 1 0 1.000000
Material_0
0  0.122101 8.599091 -12.719748  0.000092 1.000000 -0.000018  0.863372 0.384438 1 0 1.000000
0  1.113447 8.188559 -12.719748  0.707854 0.706349 -0.003713  0.863887 0.384119 1 0 1.000000
0  0.122101 8.599091 -12.849833  0.007461 0.847605 -0.530575  0.863372 0.384332 1 0 1.000000
Material_0
0  0.122101 8.599091 -12.849833  0.007461 0.847605 -0.530575  0.863372 0.384332 1 0 1.000000
0  1.113447 8.188559 -12.719748  0.707854 0.706349 -0.003713  0.863887 0.384119 1 0 1.000000
0  1.113447 8.188557 -12.849833  0.606884 0.590234 -0.532274  0.863784 0.384013 1 0 1.000000
Material_0
0  1.113447 8.188559 -12.719748  0.707854 0.706349 -0.003713  0.863887 0.384119 1 0 1.000000
0  1.524191 7.197033 -12.719747  0.999998 0.002132 -0.000000  0.863990 0.383589 1 0 1.000000
0  1.113447 8.188557 -12.849833  0.606884 0.590234 -0.532274  0.863784 0.384013 1 0 1.000000
Material_0
0  1.113447 8.188557 -12.849833  0.606884 0.590234 -0.532274  0.863784 0.384013 1 0 1.000000
0  1.524191 7.197033 -12.719747  0.999998 0.002132 -0.000000  0.863990 0.383589 1 0 1.000000
0  1.524191 7.197033 -12.849833  0.847874 0.002185 -0.530193  0.863990 0.383589 1 0 1.000000
Material_0
0  1.524191 7.197033 -12.719747  0.999998 0.002132 -0.000000  0.863990 0.383589 1 0 1.000000
0  1.113447 6.206020 -12.719747  0.707880 -0.706330 -0.001902  0.863887 0.383165 1 0 1.000000
0  1.524191 7.197033 -12.849833  0.847874 0.002185 -0.530193  0.863990 0.383589 1 0 1.000000
Material_0
0  1.524191 7.197033 -12.849833  0.847874 0.002185 -0.530193  0.863990 0.383589 1 0 1.000000
0  1.113447 6.206020 -12.719747  0.707880 -0.706330 -0.001902  0.863887 0.383165 1 0 1.000000
0  1.113447 6.206020 -12.849833  0.590148 -0.607759 -0.531370  0.863784 0.383165 1 0 1.000000
Material_0
0  1.113447 6.206020 -12.719747  0.707880 -0.706330 -0.001902  0.863887 0.383165 1 0 1.000000
0  0.122101 5.794974 -12.719747  0.000058 -1.000000 -0.000017  0.863372 0.383165 1 0 1.000000
0  1.113447 6.206020 -12.849833  0.590148 -0.607759 -0.531370  0.863784 0.383165 1 0 1.000000
Material_0
0  1.113447 6.206020 -12.849833  0.590148 -0.607759 -0.531370  0.863784 0.383165 1 0 1.000000
0  0.122101 5.794974 -12.719747  0.000058 -1.000000 -0.000017  0.863372 0.383165 1 0 1.000000
0  0.122101 5.794974 -12.849833  -0.007621 -0.847590 -0.530597  0.863372 0.383165 1 0 1.000000
Material_0
0  0.725866 8.355434 -4.392345  0.334185 0.942506 0.001890  0.916937 0.796888 1 0 1.000000
0  -0.481816 8.355434 -4.392345  -0.334361 0.942443 0.001895  0.916937 0.770261 1 0 1.000000
0  0.725866 8.355434 -3.074754  0.334185 0.942506 0.001858  0.928989 0.796888 1 0 1.000000
Material_0
0  0.725866 8.355434 -3.074754  0.334185 0.942506 0.001858  0.928989 0.796888 1 0 1.000000
0  -0.481816 8.355434 -4.392345  -0.334361 0.942443 0.001895  0.916937 0.770261 1 0 1.000000
0  -0.481816 8.355434 -3.074754  -0.334338 0.942453 0.000000  0.928989 0.770261 1 0 1.000000
Material_0
0  -0.481816 8.355434 -4.392345  -0.334361 0.942443 0.001895  0.916937 0.770261 1 0 1.000000
0  -0.630827 7.872214 -4.392345  -0.931020 0.364963 0.001889  0.916937 0.759759 1 0 1.000000
0  -0.481816 8.355434 -3.074754  -0.334338 0.942453 0.000000  0.928989 0.770261 1 0 1.000000
Material_0
0  -0.481816 8.355434 -3.074754  -0.334338 0.942453 0.000000  0.928989 0.770261 1 0 1.000000
0  -0.630827 7.872214 -4.392345  -0.931020 0.364963 0.001889  0.916937 0.759759 1 0 1.000000
0  -0.630826 7.872214 -3.072895  -0.931018 0.364968 0.001889  0.928989 0.759759 1 0 1.000000
Material_0
0  -0.630827 7.872214 -4.392345  -0.931020 0.364963 0.001889  0.916937 0.759759 1 0 1.000000
0  -0.941664 7.181677 -4.392345  -0.999998 0.002168 -0.000000  0.916937 0.744695 1 0 1.000000
0  -0.630826 7.872214 -3.072895  -0.931018 0.364968 0.001889  0.928989 0.759759 1 0 1.000000
Material_0
0  -0.630826 7.872214 -3.072895  -0.931018 0.364968 0.001889  0.928989 0.759759 1 0 1.000000
0  -0.941664 7.181677 -4.392345  -0.999998 0.002168 -0.000000  0.916937 0.744695 1 0 1.000000
0  -0.941664 7.181677 -3.072895  -0.999998 0.002195 0.000000  0.928989 0.744695 1 0 1.000000
Material_0
0  -0.941664 7.181677 -4.392345  -0.999998 0.002168 -0.000000  0.916937 0.744695 1 0 1.000000
0  -0.570450 6.412312 -4.392344  -0.749664 -0.661819 -0.000046  0.916937 0.727934 1 0 1.000000
0  -0.941664 7.181677 -3.072895  -0.999998 0.002195 0.000000  0.928989 0.744695 1 0 1.000000
Material_0
0  -0.941664 7.181677 -3.072895  -0.999998 0.002195 0.000000  0.928989 0.744695 1 0 1.000000
0  -0.570450 6.412312 -4.392344  -0.749664 -0.661819 -0.000046  0.916937 0.727934 1 0 1.000000
0  -0.570450 6.412312 -3.074753  -0.749664 -0.661818 0.000316  0.928989 0.727934 1 0 1.000000
Material_0
0  -0.570450 6.412312 -4.392344  -0.749664 -0.661819 -0.000046  0.916937 0.727934 1 0 1.000000
0  -0.140403 6.276149 -4.392345  -0.301084 -0.953590 -0.003799  0.916937 0.722630 1 0 1.000000
0  -0.570450 6.412312 -3.074753  -0.749664 -0.661818 0.000316  0.928989 0.727934 1 0 1.000000
Material_0
0  -0.570450 6.412312 -3.074753  -0.749664 -0.661818 0.000316  0.928989 0.727934 1 0 1.000000
0  -0.140403 6.276149 -4.392345  -0.301084 -0.953590 -0.003799  0.916937 0.722630 1 0 1.000000
0  -0.140403 6.276150 -3.072895  -0.301085 -0.953590 -0.003799  0.928989 0.722630 1 0 1.000000
Material_0
0  0.725866 8.355434 -4.392345  -0.000000 0.002204 -0.999998  0.900970 0.803890 1 0 1.000000
0  0.874877 7.872214 -4.392345  -0.000000 0.002205 -0.999998  0.905091 0.801874 1 0 1.000000
0  -0.481816 8.355434 -4.392345  -0.000000 0.002204 -0.999998  0.900970 0.820651 1 0 1.000000
Material_0
0  -0.481816 8.355434 -4.392345  -0.000000 0.002204 -0.999998  0.900970 0.820651 1 0 1.000000
0  0.874877 7.872214 -4.392345  -0.000000 0.002205 -0.999998  0.905091 0.801874 1 0 1.000000
0  -0.630827 7.872214 -4.392345  0.000000 0.002205 -0.999998  0.905091 0.822666 1 0 1.000000
Material_0
0  0.874877 7.872214 -4.392345  -0.000000 0.002205 -0.999998  0.905091 0.801874 1 0 1.000000
0  1.185715 7.181678 -4.392345  0.000000 0.002205 -0.999998  0.911065 0.797525 1 0 1.000000
0  -0.630827 7.872214 -4.392345  0.000000 0.002205 -0.999998  0.905091 0.822666 1 0 1.000000
Material_0
0  -0.630827 7.872214 -4.392345  0.000000 0.002205 -0.999998  0.905091 0.822666 1 0 1.000000
0  1.185715 7.181678 -4.392345  0.000000 0.002205 -0.999998  0.911065 0.797525 1 0 1.000000
0  -0.941664 7.181677 -4.392345  0.000000 0.002205 -0.999998  0.911065 0.827016 1 0 1.000000
Material_0
0  1.185715 7.181678 -4.392345  0.000000 0.002205 -0.999998  0.911065 0.797525 1 0 1.000000
0  0.814501 6.412312 -4.392344  0.000000 0.002205 -0.999998  0.917658 0.802617 1 0 1.000000
0  -0.941664 7.181677 -4.392345  0.000000 0.002205 -0.999998  0.911065 0.827016 1 0 1.000000
Material_0
0  -0.941664 7.181677 -4.392345  0.000000 0.002205 -0.999998  0.911065 0.827016 1 0 1.000000
0  0.814501 6.412312 -4.392344  0.000000 0.002205 -0.999998  0.917658 0.802617 1 0 1.000000
0  -0.570450 6.412312 -4.392344  -0.000000 0.002205 -0.999998  0.917658 0.821818 1 0 1.000000
Material_0
0  0.814501 6.412312 -4.392344  0.000000 0.002205 -0.999998  0.917658 0.802617 1 0 1.000000
0  0.384454 6.276149 -4.392345  -0.000000 0.002209 -0.999998  0.919718 0.808664 1 0 1.000000
0  -0.570450 6.412312 -4.392344  -0.000000 0.002205 -0.999998  0.917658 0.821818 1 0 1.000000
Material_0
0  -0.570450 6.412312 -4.392344  -0.000000 0.002205 -0.999998  0.917658 0.821818 1 0 1.000000
0  0.384454 6.276149 -4.392345  -0.000000 0.002209 -0.999998  0.919718 0.808664 1 0 1.000000
0  -0.140403 6.276149 -4.392345  -0.000000 0.002209 -0.999998  0.919718 0.815877 1 0 1.000000
Material_0
0  0.384454 6.276149 -4.392345  0.301095 -0.953587 -0.003752  0.916937 0.722630 1 0 1.000000
0  0.814501 6.412312 -4.392344  0.749660 -0.661823 -0.000000  0.916937 0.727934 1 0 1.000000
0  0.384454 6.276150 -3.074753  0.301083 -0.953590 -0.003799  0.928989 0.722630 1 0 1.000000
Material_0
0  0.384454 6.276150 -3.074753  0.301083 -0.953590 -0.003799  0.928989 0.722630 1 0 1.000000
0  0.814501 6.412312 -4.392344  0.749660 -0.661823 -0.000000  0.916937 0.727934 1 0 1.000000
0  0.814501 6.412312 -3.072894  0.749665 -0.661817 -0.000002  0.928989 0.727934 1 0 1.000000
Material_0
0  0.814501 6.412312 -4.392344  0.749660 -0.661823 -0.000000  0.916937 0.727934 1 0 1.000000
0  1.185715 7.181678 -4.392345  0.999998 0.002155 -0.000000  0.916937 0.744695 1 0 1.000000
0  0.814501 6.412312 -3.072894  0.749665 -0.661817 -0.000002  0.928989 0.727934 1 0 1.000000
Material_0
0  0.814501 6.412312 -3.072894  0.749665 -0.661817 -0.000002  0.928989 0.727934 1 0 1.000000
0  1.185715 7.181678 -4.392345  0.999998 0.002155 -0.000000  0.916937 0.744695 1 0 1.000000
0  1.185715 7.181678 -3.072895  0.999998 0.002169 0.000011  0.928989 0.744695 1 0 1.000000
Material_0
0  1.185715 7.181678 -4.392345  0.999998 0.002155 -0.000000  0.916937 0.744695 1 0 1.000000
0  0.874877 7.872214 -4.392345  0.931027 0.364945 0.001886  0.916937 0.759759 1 0 1.000000
0  1.185715 7.181678 -3.072895  0.999998 0.002169 0.000011  0.928989 0.744695 1 0 1.000000
Material_0
0  1.185715 7.181678 -3.072895  0.999998 0.002169 0.000011  0.928989 0.744695 1 0 1.000000
0  0.874877 7.872214 -4.392345  0.931027 0.364945 0.001886  0.916937 0.759759 1 0 1.000000
0  0.874877 7.872214 -3.072895  0.931028 0.364943 0.001885  0.928989 0.759759 1 0 1.000000
Material_0
0  0.874877 7.872214 -4.392345  0.931027 0.364945 0.001886  0.916937 0.759759 1 0 1.000000
0  0.725866 8.355434 -4.392345  0.334207 0.942498 0.001884  0.916937 0.770261 1 0 1.000000
0  0.874877 7.872214 -3.072895  0.931028 0.364943 0.001885  0.928989 0.759759 1 0 1.000000
Material_0
0  0.874877 7.872214 -3.072895  0.931028 0.364943 0.001885  0.928989 0.759759 1 0 1.000000
0  0.725866 8.355434 -4.392345  0.334207 0.942498 0.001884  0.916937 0.770261 1 0 1.000000
0  0.725866 8.355434 -3.074754  0.334207 0.942498 0.001857  0.928989 0.770261 1 0 1.000000
Material_0
0  0.384454 6.276150 -3.074753  0.000000 -0.002195 0.999998  0.919718 0.808664 1 0 1.000000
0  0.814501 6.412312 -3.072894  -0.000018 0.002132 0.999998  0.917658 0.802617 1 0 1.000000
0  -0.140403 6.276150 -3.072895  -0.000003 0.002190 0.999998  0.919718 0.815877 1 0 1.000000
Material_0
0  -0.140403 6.276150 -3.072895  -0.000003 0.002190 0.999998  0.919718 0.815877 1 0 1.000000
0  0.814501 6.412312 -3.072894  -0.000018 0.002132 0.999998  0.917658 0.802617 1 0 1.000000
0  -0.570450 6.412312 -3.074753  -0.000015 0.002095 0.999998  0.917658 0.821818 1 0 1.000000
Material_0
0  0.814501 6.412312 -3.072894  -0.000018 0.002132 0.999998  0.917658 0.802617 1 0 1.000000
0  1.185715 7.181678 -3.072895  -0.000010 0.002125 0.999998  0.911065 0.797525 1 0 1.000000
0  -0.570450 6.412312 -3.074753  -0.000015 0.002095 0.999998  0.917658 0.821818 1 0 1.000000
Material_0
0  -0.570450 6.412312 -3.074753  -0.000015 0.002095 0.999998  0.917658 0.821818 1 0 1.000000
0  1.185715 7.181678 -3.072895  -0.000010 0.002125 0.999998  0.911065 0.797525 1 0 1.000000
0  -0.941664 7.181677 -3.072895  -0.000000 0.002116 0.999998  0.911065 0.827016 1 0 1.000000
Material_0
0  1.185715 7.181678 -3.072895  -0.000010 0.002125 0.999998  0.911065 0.797525 1 0 1.000000
0  0.874877 7.872214 -3.072895  0.000000 0.001498 0.999999  0.905091 0.801874 1 0 1.000000
0  -0.941664 7.181677 -3.072895  -0.000000 0.002116 0.999998  0.911065 0.827016 1 0 1.000000
Material_0
0  -0.941664 7.181677 -3.072895  -0.000000 0.002116 0.999998  0.911065 0.827016 1 0 1.000000
0  0.874877 7.872214 -3.072895  0.000000 0.001498 0.999999  0.905091 0.801874 1 0 1.000000
0  -0.630826 7.872214 -3.072895  0.000000 0.001498 0.999999  0.905091 0.822666 1 0 1.000000
Material_0
0  0.874877 7.872214 -3.072895  0.000000 0.001498 0.999999  0.905091 0.801874 1 0 1.000000
0  0.725866 8.355434 -3.074754  0.000000 0.002218 0.999998  0.900970 0.803890 1 0 1.000000
0  -0.630826 7.872214 -3.072895  0.000000 0.001498 0.999999  0.905091 0.822666 1 0 1.000000
Material_0
0  -0.630826 7.872214 -3.072895  0.000000 0.001498 0.999999  0.905091 0.822666 1 0 1.000000
0  0.725866 8.355434 -3.074754  0.000000 0.002218 0.999998  0.900970 0.803890 1 0 1.000000
0  -0.481816 8.355434 -3.074754  -0.000000 0.002218 0.999998  0.900970 0.820651 1 0 1.000000
Material_0
0  -1.113065 7.538463 -3.067319  -0.999998 0.002205 -0.000000  0.907872 0.803572 1 0 1.000000
0  -1.113065 7.813857 -3.732620  -0.999998 0.002205 0.000000  0.915701 0.784795 1 0 1.000000
0  -1.113065 6.874033 -2.792280  -0.999998 0.002205 0.000000  0.889124 0.811316 1 0 1.000000
Material_0
0  -1.113065 6.874033 -2.792280  -0.999998 0.002205 0.000000  0.889124 0.811316 1 0 1.000000
0  -1.113065 7.813857 -3.732620  -0.999998 0.002205 0.000000  0.915701 0.784795 1 0 1.000000
0  -1.113065 5.933697 -3.732620  -0.999998 0.002205 0.000000  0.862547 0.784795 1 0 1.000000
Material_0
0  -1.113065 7.813857 -3.732620  -0.999998 0.002205 0.000000  0.915701 0.784795 1 0 1.000000
0  -1.113065 6.874033 -4.672961  -0.999998 0.002205 0.000000  0.889124 0.811316 1 0 1.000000
0  -1.113065 5.933697 -3.732620  -0.999998 0.002205 0.000000  0.862547 0.784795 1 0 1.000000
Material_0
0  -1.113065 5.933697 -3.732620  -0.999998 0.002205 0.000000  0.862547 0.784795 1 0 1.000000
0  -1.113065 6.874033 -4.672961  -0.999998 0.002205 0.000000  0.889124 0.811316 1 0 1.000000
0  -1.113065 6.209092 -4.397920  -0.999998 0.002204 -0.000000  0.870376 0.803572 1 0 1.000000
Material_0
0  -1.113065 5.933697 -3.732620  -0.999998 0.002205 0.000000  0.862547 0.784795 1 0 1.000000
0  -1.113065 6.209092 -3.067319  -0.999998 0.002205 0.000000  0.870376 0.803572 1 0 1.000000
0  -1.113065 6.874033 -2.792280  -0.999998 0.002205 0.000000  0.889124 0.811316 1 0 1.000000
Material_0
0  -1.113065 7.813857 -3.732620  -0.999998 0.002205 0.000000  0.915701 0.784795 1 0 1.000000
0  -1.113065 7.538462 -4.397920  -0.999998 0.002205 0.000000  0.907872 0.803572 1 0 1.000000
0  -1.113065 6.874033 -4.672961  -0.999998 0.002205 0.000000  0.889124 0.811316 1 0 1.000000
Material_0
0  -0.606892 8.252033 -4.448097  -0.000001 -1.000000 -0.000004  0.934345 0.795085 1 0 1.000000
0  0.121948 8.252033 -4.749155  -0.000001 -1.000000 -0.000004  0.931667 0.796782 1 0 1.000000
0  -0.908774 8.252031 -3.719612  -0.000001 -1.000000 -0.000004  0.935479 0.790735 1 0 1.000000
Material_0
0  -0.908774 8.252031 -3.719612  0.000002 -1.000000 -0.000000  0.935479 0.790735 1 0 1.000000
0  0.121948 8.252033 -4.749155  0.000002 -1.000000 -0.000000  0.931667 0.796782 1 0 1.000000
0  0.121948 8.252033 -2.688210  0.000002 -1.000000 -0.000000  0.931667 0.784689 1 0 1.000000
Material_0
0  0.121948 8.252033 -4.749155  0.000000 -1.000000 0.000000  0.931667 0.796782 1 0 1.000000
0  1.152670 8.252033 -3.719612  0.000000 -1.000000 0.000000  0.935479 0.790735 1 0 1.000000
0  0.121948 8.252033 -2.688210  0.000000 -1.000000 0.000000  0.931667 0.784689 1 0 1.000000
Material_0
0  0.121948 8.252033 -2.688210  0.000000 -1.000000 -0.000002  0.931667 0.784689 1 0 1.000000
0  1.152670 8.252033 -3.719612  0.000000 -1.000000 -0.000002  0.935479 0.790735 1 0 1.000000
0  0.850788 8.252033 -2.991127  0.000000 -1.000000 -0.000002  0.934345 0.786492 1 0 1.000000
Material_0
0  0.121948 8.252033 -2.688210  -0.000001 -1.000000 0.000005  0.931667 0.784689 1 0 1.000000
0  -0.606892 8.252033 -2.991127  -0.000001 -1.000000 0.000005  0.934345 0.786492 1 0 1.000000
0  -0.908774 8.252031 -3.719612  -0.000001 -1.000000 0.000005  0.935479 0.790735 1 0 1.000000
Material_0
0  0.121948 8.252033 -4.749155  0.000000 -1.000000 -0.000001  0.931667 0.796782 1 0 1.000000
0  0.850788 8.252033 -4.448097  0.000000 -1.000000 -0.000001  0.934345 0.795085 1 0 1.000000
0  1.152670 8.252033 -3.719612  0.000000 -1.000000 -0.000001  0.935479 0.790735 1 0 1.000000
Material_0
0  -0.459426 9.060816 -3.137939  0.000002 1.000000 -0.000003  0.917246 0.797207 1 0 1.000000
0  0.121948 9.060816 -2.896349  0.000002 1.000000 -0.000003  0.921675 0.800177 1 0 1.000000
0  -0.700314 9.060814 -3.719612  0.000002 1.000000 -0.000003  0.915392 0.789887 1 0 1.000000
Material_0
0  -0.700314 9.060814 -3.719612  -0.000001 1.000000 -0.000002  0.915392 0.789887 1 0 1.000000
0  0.121948 9.060816 -2.896349  -0.000001 1.000000 -0.000002  0.921675 0.800177 1 0 1.000000
0  0.121948 9.060814 -4.541016  -0.000001 1.000000 -0.000002  0.921675 0.779703 1 0 1.000000
Material_0
0  0.121948 9.060816 -2.896349  -0.000000 1.000000 -0.000001  0.921675 0.800177 1 0 1.000000
0  0.703476 9.060816 -3.137939  -0.000000 1.000000 -0.000001  0.917246 0.797207 1 0 1.000000
0  0.121948 9.060814 -4.541016  -0.000000 1.000000 -0.000001  0.921675 0.779703 1 0 1.000000
Material_0
0  0.703476 9.060816 -3.137939  0.000002 1.000000 -0.000001  0.917246 0.797207 1 0 1.000000
0  0.944363 9.060814 -3.719612  0.000002 1.000000 -0.000001  0.915392 0.789887 1 0 1.000000
0  0.121948 9.060814 -4.541016  0.000002 1.000000 -0.000001  0.921675 0.779703 1 0 1.000000
Material_0
0  0.121948 9.060814 -4.541016  0.000000 1.000000 -0.000002  0.921675 0.779703 1 0 1.000000
0  0.944363 9.060814 -3.719612  0.000000 1.000000 -0.000002  0.915392 0.789887 1 0 1.000000
0  0.703475 9.060814 -4.301285  0.000000 1.000000 -0.000002  0.917246 0.782673 1 0 1.000000
Material_0
0  0.121948 9.060814 -4.541016  0.000000 1.000000 0.000003  0.921675 0.779703 1 0 1.000000
0  -0.459426 9.060814 -4.301285  0.000000 1.000000 0.000003  0.917246 0.782673 1 0 1.000000
0  -0.700314 9.060814 -3.719612  0.000000 1.000000 0.000003  0.915392 0.789887 1 0 1.000000
Material_0
0  -0.645496 6.874033 -2.645467  0.999998 0.002205 -0.000000  0.925693 0.784264 1 0 1.000000
0  -0.645496 6.104156 -2.963251  0.999998 0.002205 0.000000  0.941350 0.784264 1 0 1.000000
0  -0.645496 7.643400 -2.963251  0.999998 0.002205 -0.000000  0.941350 0.784264 1 0 1.000000
Material_0
0  -0.645496 6.104156 -2.963251  0.999998 0.002205 0.000000  0.941350 0.784264 1 0 1.000000
0  -0.645496 7.643400 -4.501989  0.999998 0.002205 -0.000000  0.941350 0.784264 1 0 1.000000
0  -0.645496 7.643400 -2.963251  0.999998 0.002205 -0.000000  0.941350 0.784264 1 0 1.000000
Material_0
0  -0.645496 7.643400 -2.963251  0.999998 0.002205 -0.000000  0.941350 0.784264 1 0 1.000000
0  -0.645496 7.643400 -4.501989  0.999998 0.002205 -0.000000  0.941350 0.784264 1 0 1.000000
0  -0.645496 7.961792 -3.732620  0.999998 0.002206 -0.000000  0.925693 0.784264 1 0 1.000000
Material_0
0  -0.645496 6.874033 -4.821631  0.999997 0.002205 -0.000000  0.925693 0.784264 1 0 1.000000
0  -0.645496 7.643400 -4.501989  0.999998 0.002205 -0.000000  0.941350 0.784264 1 0 1.000000
0  -0.645496 6.104155 -4.501989  0.999998 0.002205 -0.000000  0.941350 0.784264 1 0 1.000000
Material_0
0  -0.645496 7.643400 -4.501989  0.999998 0.002205 -0.000000  0.941350 0.784264 1 0 1.000000
0  -0.645496 6.104156 -2.963251  0.999998 0.002205 0.000000  0.941350 0.784264 1 0 1.000000
0  -0.645496 6.104155 -4.501989  0.999998 0.002205 -0.000000  0.941350 0.784264 1 0 1.000000
Material_0
0  -0.645496 6.104155 -4.501989  0.999998 0.002205 -0.000000  0.941350 0.784264 1 0 1.000000
0  -0.645496 6.104156 -2.963251  0.999998 0.002205 0.000000  0.941350 0.784264 1 0 1.000000
0  -0.645496 5.785762 -3.732620  0.999998 0.002205 -0.000000  0.925693 0.784264 1 0 1.000000
Material_0
0  -1.071064 5.432559 -6.059312  -0.988396 -0.111119 -0.103571  0.524057 0.103424 1 0 1.000000
0  -1.071064 5.301516 -5.741529  -0.987999 -0.154414 -0.003775  0.521584 0.109258 1 0 1.000000
0  -1.071065 5.749417 -6.189398  -0.995868 -0.037112 -0.082884  0.529825 0.101090 1 0 1.000000
Material_0
0  -1.071065 5.749417 -6.189398  -0.995868 -0.037112 -0.082884  0.529825 0.101090 1 0 1.000000
0  -1.071064 5.301516 -5.741529  -0.987999 -0.154414 -0.003775  0.521584 0.109258 1 0 1.000000
0  -1.071064 5.749417 -5.293659  -0.995868 -0.037116 0.082883  0.529825 0.117533 1 0 1.000000
Material_0
0  -1.071064 5.301516 -5.741529  -0.987999 -0.154414 -0.003775  0.521584 0.109258 1 0 1.000000
0  -1.071064 5.432559 -5.425604  -0.987992 -0.111140 0.107333  0.524057 0.115199 1 0 1.000000
0  -1.071064 5.749417 -5.293659  -0.995868 -0.037116 0.082883  0.529825 0.117533 1 0 1.000000
Material_0
0  -1.071064 5.749417 -5.293659  -0.995868 -0.037116 0.082883  0.529825 0.117533 1 0 1.000000
0  -1.071064 6.066275 -5.425604  -0.987992 0.111135 0.107338  0.524057 0.115199 1 0 1.000000
0  -1.071065 5.749417 -6.189398  -0.995868 -0.037112 -0.082884  0.529825 0.101090 1 0 1.000000
Material_0
0  -1.071064 6.066275 -5.425604  -0.987992 0.111135 0.107338  0.524057 0.115199 1 0 1.000000
0  -1.071064 6.197319 -5.741529  -0.987999 0.154414 -0.003769  0.521584 0.109258 1 0 1.000000
0  -1.071065 5.749417 -6.189398  -0.995868 -0.037112 -0.082884  0.529825 0.101090 1 0 1.000000
Material_0
0  -1.071065 5.749417 -6.189398  -0.995868 -0.037112 -0.082884  0.529825 0.101090 1 0 1.000000
0  -1.071064 6.197319 -5.741529  -0.987999 0.154414 -0.003769  0.521584 0.109258 1 0 1.000000
0  -1.071065 6.066275 -6.059312  -0.988396 0.111122 -0.103566  0.524057 0.103424 1 0 1.000000
Material_0
0  1.315115 5.432559 -6.059312  0.988396 -0.111121 -0.103566  0.524057 0.103424 1 0 1.000000
0  1.315114 5.749417 -6.189398  0.995868 -0.037115 -0.082883  0.529825 0.101090 1 0 1.000000
0  1.315115 5.301517 -5.741529  0.987999 -0.154413 -0.003769  0.521584 0.109258 1 0 1.000000
Material_0
0  1.315115 5.301517 -5.741529  0.987999 -0.154413 -0.003769  0.521584 0.109258 1 0 1.000000
0  1.315114 5.749417 -6.189398  0.995868 -0.037115 -0.082883  0.529825 0.101090 1 0 1.000000
0  1.315115 5.749418 -5.293659  0.995872 -0.037092 0.082841  0.529825 0.117533 1 0 1.000000
Material_0
0  1.315115 5.749418 -5.293659  0.995872 -0.037092 0.082841  0.529825 0.117533 1 0 1.000000
0  1.315114 5.749417 -6.189398  0.995868 -0.037115 -0.082883  0.529825 0.101090 1 0 1.000000
0  1.315115 6.066276 -5.425604  0.987992 0.111140 0.107333  0.524057 0.115199 1 0 1.000000
Material_0
0  1.315115 6.066276 -5.425604  0.987992 0.111140 0.107333  0.524057 0.115199 1 0 1.000000
0  1.315114 5.749417 -6.189398  0.995868 -0.037115 -0.082883  0.529825 0.101090 1 0 1.000000
0  1.315115 6.197319 -5.741529  0.987999 0.154414 -0.003776  0.521584 0.109258 1 0 1.000000
Material_0
0  1.315114 5.749417 -6.189398  0.995868 -0.037115 -0.082883  0.529825 0.101090 1 0 1.000000
0  1.315114 6.066276 -6.059312  0.988396 0.111118 -0.103571  0.524057 0.103424 1 0 1.000000
0  1.315115 6.197319 -5.741529  0.987999 0.154414 -0.003776  0.521584 0.109258 1 0 1.000000
Material_0
0  1.315115 5.301517 -5.741529  0.987999 -0.154413 -0.003769  0.521584 0.109258 1 0 1.000000
0  1.315115 5.749418 -5.293659  0.995872 -0.037092 0.082841  0.529825 0.117533 1 0 1.000000
0  1.315115 5.432559 -5.425604  0.987992 -0.111135 0.107338  0.524057 0.115199 1 0 1.000000
Material_0
0  1.505203 4.196867 9.827979  0.423162 -0.906054 -0.000000  0.889742 0.121352 1 0 1.000000
0  0.885689 3.909698 9.651436  0.423180 -0.906045 0.000022  0.884489 0.119973 1 0 1.000000
0  1.505203 4.196867 8.430478  0.423118 -0.906074 -0.000000  0.883253 0.116366 1 0 1.000000
Material_0
0  1.505203 4.196867 8.430478  0.423118 -0.906074 -0.000000  0.883253 0.116366 1 0 1.000000
0  0.885689 3.909698 9.651436  0.423180 -0.906045 0.000022  0.884489 0.119973 1 0 1.000000
0  0.885689 3.909698 8.607024  0.423167 -0.906052 -0.000010  0.879647 0.116260 1 0 1.000000
Material_0
0  0.885689 3.909698 9.651436  0.423180 -0.906045 0.000022  0.884489 0.119973 1 0 1.000000
0  0.739612 3.959863 8.631185  -0.906958 -0.421216 0.001856  0.878720 0.117108 1 0 1.000000
0  0.885689 3.909698 8.607024  0.423167 -0.906052 -0.000010  0.879647 0.116260 1 0 1.000000
Material_0
0  0.885689 3.909698 8.607024  0.423167 -0.906052 -0.000010  0.879647 0.116260 1 0 1.000000
0  0.739612 3.959863 8.631185  -0.906958 -0.421216 0.001856  0.878720 0.117108 1 0 1.000000
0  0.837357 4.005421 8.489947  -0.224517 -0.102543 -0.969060  0.878823 0.116684 1 0 1.000000
Material_0
0  1.462739 4.295661 9.946918  -0.224491 -0.102480 0.969073  0.890051 0.122519 1 0 1.000000
0  1.191122 4.874605 9.946918  -0.224540 -0.102561 0.969053  0.888094 0.127505 1 0 1.000000
0  0.837357 4.005421 9.768513  -0.224493 -0.102534 0.969066  0.884695 0.121246 1 0 1.000000
Material_0
0  1.191122 4.874605 9.946918  -0.224540 -0.102561 0.969053  0.888094 0.127505 1 0 1.000000
0  0.565740 4.584365 9.768512  -0.224549 -0.102489 0.969058  0.882840 0.126126 1 0 1.000000
0  0.837357 4.005421 9.768513  -0.224493 -0.102534 0.969066  0.884695 0.121246 1 0 1.000000
Material_0
0  0.837357 4.005421 9.768513  -0.224493 -0.102534 0.969066  0.884695 0.121246 1 0 1.000000
0  0.565740 4.584365 9.768512  -0.224549 -0.102489 0.969058  0.882840 0.126126 1 0 1.000000
0  0.739612 3.959863 9.627277  -0.906983 -0.421163 0.001925  0.883355 0.120609 1 0 1.000000
Material_0
0  0.565740 4.584365 9.768512  -0.224549 -0.102489 0.969058  0.882840 0.126126 1 0 1.000000
0  0.467995 4.539319 9.627276  -0.906981 -0.421167 0.001890  0.881398 0.125595 1 0 1.000000
0  0.739612 3.959863 9.627277  -0.906983 -0.421163 0.001925  0.883355 0.120609 1 0 1.000000
Material_0
0  0.739612 3.959863 9.627277  -0.906983 -0.421163 0.001925  0.883355 0.120609 1 0 1.000000
0  0.467995 4.539319 9.627276  -0.906981 -0.421167 0.001890  0.881398 0.125595 1 0 1.000000
0  0.739612 3.959863 8.631185  -0.906958 -0.421216 0.001856  0.878720 0.117108 1 0 1.000000
Material_0
0  0.467995 4.539319 9.627276  -0.906981 -0.421167 0.001890  0.881398 0.125595 1 0 1.000000
0  0.467995 4.539319 8.631185  -0.906969 -0.421194 0.001868  0.876763 0.121988 1 0 1.000000
0  0.739612 3.959863 8.631185  -0.906958 -0.421216 0.001856  0.878720 0.117108 1 0 1.000000
Material_0
0  0.739612 3.959863 8.631185  -0.906958 -0.421216 0.001856  0.878720 0.117108 1 0 1.000000
0  0.467995 4.539319 8.631185  -0.906969 -0.421194 0.001868  0.876763 0.121988 1 0 1.000000
0  0.837357 4.005421 8.489947  -0.224517 -0.102543 -0.969060  0.878823 0.116684 1 0 1.000000
Material_0
0  0.739612 3.959863 8.631185  -0.906958 -0.421216 0.001856  0.878720 0.117108 1 0 1.000000
0  0.885689 3.909698 9.651436  0.423180 -0.906045 0.000022  0.884489 0.119973 1 0 1.000000
0  0.739612 3.959863 9.627277  -0.906983 -0.421163 0.001925  0.883355 0.120609 1 0 1.000000
Material_0
0  0.739612 3.959863 9.627277  -0.906983 -0.421163 0.001925  0.883355 0.120609 1 0 1.000000
0  0.885689 3.909698 9.651436  0.423180 -0.906045 0.000022  0.884489 0.119973 1 0 1.000000
0  0.837357 4.005421 9.768513  -0.224493 -0.102534 0.969066  0.884695 0.121246 1 0 1.000000
Material_0
0  0.565740 4.584365 9.768512  -0.224549 -0.102489 0.969058  0.882840 0.126126 1 0 1.000000
0  0.523122 4.682647 9.651435  -0.423176 0.906046 -0.001890  0.881913 0.126550 1 0 1.000000
0  0.467995 4.539319 9.627276  -0.906981 -0.421167 0.001890  0.881398 0.125595 1 0 1.000000
Material_0
0  0.467995 4.539319 9.627276  -0.906981 -0.421167 0.001890  0.881398 0.125595 1 0 1.000000
0  0.523122 4.682647 9.651435  -0.423176 0.906046 -0.001890  0.881913 0.126550 1 0 1.000000
0  0.523121 4.682647 8.607024  -0.423174 0.906047 -0.001873  0.877072 0.122837 1 0 1.000000
Material_0
0  0.523121 4.682647 8.607024  -0.423174 0.906047 -0.001873  0.877072 0.122837 1 0 1.000000
0  0.523122 4.682647 9.651435  -0.423176 0.906046 -0.001890  0.881913 0.126550 1 0 1.000000
0  1.142635 4.970328 8.430478  -0.423117 0.906073 -0.001839  0.880677 0.122837 1 0 1.000000
Material_0
0  0.523122 4.682647 9.651435  -0.423176 0.906046 -0.001890  0.881913 0.126550 1 0 1.000000
0  1.142636 4.970327 9.827979  -0.423150 0.906058 -0.001870  0.887167 0.127823 1 0 1.000000
0  1.142635 4.970328 8.430478  -0.423117 0.906073 -0.001839  0.880677 0.122837 1 0 1.000000
Material_0
0  0.467995 4.539319 9.627276  -0.906981 -0.421167 0.001890  0.881398 0.125595 1 0 1.000000
0  0.523121 4.682647 8.607024  -0.423174 0.906047 -0.001873  0.877072 0.122837 1 0 1.000000
0  0.467995 4.539319 8.631185  -0.906969 -0.421194 0.001868  0.876763 0.121988 1 0 1.000000
Material_0
0  0.523121 4.682647 8.607024  -0.423174 0.906047 -0.001873  0.877072 0.122837 1 0 1.000000
0  0.565740 4.584365 8.489947  -0.224526 -0.102481 -0.969064  0.876866 0.121564 1 0 1.000000
0  0.467995 4.539319 8.631185  -0.906969 -0.421194 0.001868  0.876763 0.121988 1 0 1.000000
Material_0
0  0.467995 4.539319 8.631185  -0.906969 -0.421194 0.001868  0.876763 0.121988 1 0 1.000000
0  0.565740 4.584365 8.489947  -0.224526 -0.102481 -0.969064  0.876866 0.121564 1 0 1.000000
0  0.837357 4.005421 8.489947  -0.224517 -0.102543 -0.969060  0.878823 0.116684 1 0 1.000000
Material_0
0  0.837357 4.005421 8.489947  -0.224517 -0.102543 -0.969060  0.878823 0.116684 1 0 1.000000
0  0.565740 4.584365 8.489947  -0.224526 -0.102481 -0.969064  0.876866 0.121564 1 0 1.000000
0  1.462738 4.295660 8.311543  -0.224512 -0.102520 -0.969063  0.882428 0.116790 1 0 1.000000
Material_0
0  0.565740 4.584365 8.489947  -0.224526 -0.102481 -0.969064  0.876866 0.121564 1 0 1.000000
0  1.191122 4.874605 8.311543  -0.224509 -0.102521 -0.969064  0.880471 0.121670 1 0 1.000000
0  1.462738 4.295660 8.311543  -0.224512 -0.102520 -0.969063  0.882428 0.116790 1 0 1.000000
Material_0
0  1.560483 4.340706 8.398887  0.906948 0.421239 0.001856  0.883458 0.117108 1 0 1.000000
0  1.288867 4.920163 8.398887  0.906965 0.421201 0.001879  0.881604 0.122094 1 0 1.000000
0  1.560483 4.340707 9.859572  0.906983 0.421163 0.001902  0.890360 0.122413 1 0 1.000000
Material_0
0  1.288867 4.920163 8.398887  0.906965 0.421201 0.001879  0.881604 0.122094 1 0 1.000000
0  1.288867 4.920163 9.859572  0.906965 0.421202 0.001879  0.888403 0.127292 1 0 1.000000
0  1.560483 4.340707 9.859572  0.906983 0.421163 0.001902  0.890360 0.122413 1 0 1.000000
Material_0
0  0.837357 4.005421 8.489947  -0.224545 -0.102440 -0.969064  0.862341 0.381467 1 0 1.000000
0  1.462738 4.295660 8.311543  -0.224622 -0.102458 -0.969045  0.862547 0.381467 1 0 1.000000
0  0.885689 3.909698 8.607024  0.423185 -0.906043 0.000088  0.862444 0.381467 1 0 1.000000
Material_0
0  0.885689 3.909698 8.607024  0.423185 -0.906043 0.000088  0.862444 0.381467 1 0 1.000000
0  1.462738 4.295660 8.311543  -0.224622 -0.102458 -0.969045  0.862547 0.381467 1 0 1.000000
0  1.505203 4.196867 8.430478  0.423195 -0.906039 0.000042  0.862650 0.381467 1 0 1.000000
Material_0
0  1.462738 4.295660 8.311543  -0.224622 -0.102458 -0.969045  0.862547 0.381467 1 0 1.000000
0  1.560483 4.340706 8.398887  0.906936 0.421264 0.001936  0.862650 0.381573 1 0 1.000000
0  1.505203 4.196867 8.430478  0.423195 -0.906039 0.000042  0.862650 0.381467 1 0 1.000000
Material_0
0  1.505203 4.196867 8.430478  0.423195 -0.906039 0.000042  0.862650 0.381467 1 0 1.000000
0  1.560483 4.340706 8.398887  0.906936 0.421264 0.001936  0.862650 0.381573 1 0 1.000000
0  1.560483 4.340707 9.859572  0.906947 0.421242 0.001811  0.863063 0.381892 1 0 1.000000
Material_0
0  1.462738 4.295660 8.311543  -0.224622 -0.102458 -0.969045  0.862547 0.381467 1 0 1.000000
0  1.191122 4.874605 8.311543  -0.224551 -0.102619 -0.969044  0.862444 0.381786 1 0 1.000000
0  1.560483 4.340706 8.398887  0.906936 0.421264 0.001936  0.862650 0.381573 1 0 1.000000
Material_0
0  1.560483 4.340706 8.398887  0.906936 0.421264 0.001936  0.862650 0.381573 1 0 1.000000
0  1.191122 4.874605 8.311543  -0.224551 -0.102619 -0.969044  0.862444 0.381786 1 0 1.000000
0  1.288867 4.920163 8.398887  0.906999 0.421128 0.001985  0.862547 0.381786 1 0 1.000000
Material_0
0  1.191122 4.874605 8.311543  -0.224551 -0.102619 -0.969044  0.862444 0.381786 1 0 1.000000
0  1.142635 4.970328 8.430478  -0.423218 0.906026 -0.001872  0.862444 0.381892 1 0 1.000000
0  1.288867 4.920163 8.398887  0.906999 0.421128 0.001985  0.862547 0.381786 1 0 1.000000
Material_0
0  1.142635 4.970328 8.430478  -0.423218 0.906026 -0.001872  0.862444 0.381892 1 0 1.000000
0  1.142636 4.970327 9.827979  -0.423130 0.906067 -0.001917  0.862857 0.382210 1 0 1.000000
0  1.288867 4.920163 8.398887  0.906999 0.421128 0.001985  0.862547 0.381786 1 0 1.000000
Material_0
0  1.288867 4.920163 8.398887  0.906999 0.421128 0.001985  0.862547 0.381786 1 0 1.000000
0  1.142636 4.970327 9.827979  -0.423130 0.906067 -0.001917  0.862857 0.382210 1 0 1.000000
0  1.288867 4.920163 9.859572  0.907014 0.421097 0.001799  0.862960 0.382104 1 0 1.000000
Material_0
0  1.142636 4.970327 9.827979  -0.423130 0.906067 -0.001917  0.862857 0.382210 1 0 1.000000
0  1.191122 4.874605 9.946918  -0.224526 -0.102567 0.969055  0.862960 0.382104 1 0 1.000000
0  1.288867 4.920163 9.859572  0.907014 0.421097 0.001799  0.862960 0.382104 1 0 1.000000
Material_0
0  1.191122 4.874605 9.946918  -0.224526 -0.102567 0.969055  0.862960 0.382104 1 0 1.000000
0  1.462739 4.295661 9.946918  -0.224609 -0.102429 0.969051  0.863063 0.381892 1 0 1.000000
0  1.288867 4.920163 9.859572  0.907014 0.421097 0.001799  0.862960 0.382104 1 0 1.000000
Material_0
0  1.288867 4.920163 9.859572  0.907014 0.421097 0.001799  0.862960 0.382104 1 0 1.000000
0  1.462739 4.295661 9.946918  -0.224609 -0.102429 0.969051  0.863063 0.381892 1 0 1.000000
0  1.560483 4.340707 9.859572  0.906947 0.421242 0.001811  0.863063 0.381892 1 0 1.000000
Material_0
0  1.462739 4.295661 9.946918  -0.224609 -0.102429 0.969051  0.863063 0.381892 1 0 1.000000
0  1.505203 4.196867 9.827979  0.423133 -0.906068 0.000038  0.863063 0.381786 1 0 1.000000
0  1.560483 4.340707 9.859572  0.906947 0.421242 0.001811  0.863063 0.381892 1 0 1.000000
Material_0
0  1.560483 4.340707 9.859572  0.906947 0.421242 0.001811  0.863063 0.381892 1 0 1.000000
0  1.505203 4.196867 9.827979  0.423133 -0.906068 0.000038  0.863063 0.381786 1 0 1.000000
0  1.505203 4.196867 8.430478  0.423195 -0.906039 0.000042  0.862650 0.381467 1 0 1.000000
Material_0
0  1.191122 4.874605 8.311543  -0.224551 -0.102619 -0.969044  0.862444 0.381786 1 0 1.000000
0  0.565740 4.584365 8.489947  -0.224470 -0.102575 -0.969067  0.862238 0.381786 1 0 1.000000
0  1.142635 4.970328 8.430478  -0.423218 0.906026 -0.001872  0.862444 0.381892 1 0 1.000000
Material_0
0  1.142635 4.970328 8.430478  -0.423218 0.906026 -0.001872  0.862444 0.381892 1 0 1.000000
0  0.565740 4.584365 8.489947  -0.224470 -0.102575 -0.969067  0.862238 0.381786 1 0 1.000000
0  0.523121 4.682647 8.607024  -0.423136 0.906064 -0.001831  0.862238 0.381892 1 0 1.000000
Material_0
0  1.142636 4.970327 9.827979  -0.423130 0.906067 -0.001917  0.862857 0.382210 1 0 1.000000
0  0.523122 4.682647 9.651435  -0.423148 0.906059 -0.001958  0.862547 0.382104 1 0 1.000000
0  1.191122 4.874605 9.946918  -0.224526 -0.102567 0.969055  0.862960 0.382104 1 0 1.000000
Material_0
0  1.191122 4.874605 9.946918  -0.224526 -0.102567 0.969055  0.862960 0.382104 1 0 1.000000
0  0.523122 4.682647 9.651435  -0.423148 0.906059 -0.001958  0.862547 0.382104 1 0 1.000000
0  0.565740 4.584365 9.768512  -0.224505 -0.102583 0.969059  0.862547 0.382104 1 0 1.000000
Material_0
0  1.462739 4.295661 9.946918  -0.224609 -0.102429 0.969051  0.863063 0.381892 1 0 1.000000
0  0.837357 4.005421 9.768513  -0.224563 -0.102395 0.969065  0.862754 0.381786 1 0 1.000000
0  1.505203 4.196867 9.827979  0.423133 -0.906068 0.000038  0.863063 0.381786 1 0 1.000000
Material_0
0  1.505203 4.196867 9.827979  0.423133 -0.906068 0.000038  0.863063 0.381786 1 0 1.000000
0  0.837357 4.005421 9.768513  -0.224563 -0.102395 0.969065  0.862754 0.381786 1 0 1.000000
0  0.885689 3.909698 9.651436  0.423181 -0.906045 -0.000083  0.862754 0.381679 1 0 1.000000
Material_0
0  -0.225328 4.201986 13.970309  0.000000 0.002208 0.999998  0.896335 0.200171 1 0 1.000000
0  -0.225328 3.883080 13.970310  0.000001 0.002207 0.999998  0.896335 0.200171 1 0 1.000000
0  -0.003588 4.423633 13.970309  -0.000000 0.002207 0.999998  0.896335 0.200278 1 0 1.000000
Material_0
0  -0.003588 4.423633 13.970309  -0.000000 0.002207 0.999998  0.896335 0.200278 1 0 1.000000
0  -0.225328 3.883080 13.970310  0.000001 0.002207 0.999998  0.896335 0.200171 1 0 1.000000
0  0.526211 4.201986 13.970309  -0.000000 0.002207 0.999998  0.896438 0.200171 1 0 1.000000
Material_0
0  -0.225328 3.883080 13.970310  0.000001 0.002207 0.999998  0.896335 0.200171 1 0 1.000000
0  0.304471 3.661433 13.970310  0.000001 0.002207 0.999998  0.896438 0.200065 1 0 1.000000
0  0.526211 4.201986 13.970309  -0.000000 0.002207 0.999998  0.896438 0.200171 1 0 1.000000
Material_0
0  0.526211 4.201986 13.970309  -0.000000 0.002207 0.999998  0.896438 0.200171 1 0 1.000000
0  0.304471 3.661433 13.970310  0.000001 0.002207 0.999998  0.896438 0.200065 1 0 1.000000
0  0.526211 3.883080 13.970310  -0.000007 0.002208 0.999998  0.896438 0.200065 1 0 1.000000
Material_0
0  -0.003588 4.423633 13.970309  -0.000000 0.002207 0.999998  0.896335 0.200278 1 0 1.000000
0  0.526211 4.201986 13.970309  -0.000000 0.002207 0.999998  0.896438 0.200171 1 0 1.000000
0  0.304470 4.423633 13.970309  -0.000000 0.002205 0.999998  0.896438 0.200278 1 0 1.000000
Material_0
0  -0.003588 3.661433 13.970310  0.000000 0.002205 0.999997  0.896335 0.200065 1 0 1.000000
0  0.304471 3.661433 13.970310  0.000001 0.002207 0.999998  0.896438 0.200065 1 0 1.000000
0  -0.225328 3.883080 13.970310  0.000001 0.002207 0.999998  0.896335 0.200171 1 0 1.000000
Material_0
0  1.433400 4.465607 10.069570  0.423186 -0.906043 -0.000000  0.578549 0.136522 1 0 1.000000
0  0.863762 4.201473 9.904174  0.423186 -0.906043 -0.000000  0.574016 0.135355 1 0 1.000000
0  1.433399 4.465607 7.451112  0.423141 -0.906064 -0.000000  0.567115 0.127717 1 0 1.000000
Material_0
0  0.863762 4.201473 9.904174  0.423186 -0.906043 -0.000000  0.574016 0.135355 1 0 1.000000
0  0.863761 4.201473 7.460405  0.423184 -0.906044 0.000001  0.563303 0.127186 1 0 1.000000
0  1.433399 4.465607 7.451112  0.423141 -0.906064 -0.000000  0.567115 0.127717 1 0 1.000000
Material_0
0  0.863761 4.201473 7.460405  0.423184 -0.906044 0.000001  0.563303 0.127186 1 0 1.000000
0  0.573152 4.066846 6.367676  0.423182 -0.906044 0.000001  0.556608 0.123155 1 0 1.000000
0  1.433399 4.465607 7.451112  0.423141 -0.906064 -0.000000  0.567115 0.127717 1 0 1.000000
Material_0
0  1.433399 4.465607 7.451112  0.423141 -0.906064 -0.000000  0.567115 0.127717 1 0 1.000000
0  0.573152 4.066846 6.367676  0.423182 -0.906044 0.000001  0.556608 0.123155 1 0 1.000000
0  1.142790 4.330980 6.358385  0.423096 -0.906085 -0.000003  0.560316 0.123792 1 0 1.000000
Material_0
0  1.303382 4.742538 10.069570  0.906974 0.421182 0.001889  0.577725 0.138749 1 0 1.000000
0  1.433400 4.465607 10.069570  0.906974 0.421183 0.001889  0.578549 0.136522 1 0 1.000000
0  1.303382 4.742538 7.451112  0.895957 0.421164 -0.141006  0.566188 0.129945 1 0 1.000000
Material_0
0  1.433400 4.465607 10.069570  0.906974 0.421183 0.001889  0.578549 0.136522 1 0 1.000000
0  1.433399 4.465607 7.451112  0.895961 0.421141 -0.141048  0.567115 0.127717 1 0 1.000000
0  1.303382 4.742538 7.451112  0.895957 0.421164 -0.141006  0.566188 0.129945 1 0 1.000000
Material_0
0  1.433399 4.465607 7.451112  0.895961 0.421141 -0.141048  0.567115 0.127717 1 0 1.000000
0  1.142790 4.330980 6.358385  0.867785 0.409223 -0.281933  0.560316 0.123792 1 0 1.000000
0  1.303382 4.742538 7.451112  0.895957 0.421164 -0.141006  0.566188 0.129945 1 0 1.000000
Material_0
0  1.303382 4.742538 7.451112  0.895957 0.421164 -0.141006  0.566188 0.129945 1 0 1.000000
0  1.142790 4.330980 6.358385  0.867785 0.409223 -0.281933  0.560316 0.123792 1 0 1.000000
0  1.012772 4.607911 6.358385  0.867785 0.409223 -0.281932  0.559492 0.125913 1 0 1.000000
Material_0
0  0.863762 4.201473 9.904174  -0.228216 -0.111207 0.967239  0.574016 0.135355 1 0 1.000000
0  1.433400 4.465607 10.069570  -0.228217 -0.111208 0.967238  0.578549 0.136522 1 0 1.000000
0  0.733744 4.478404 9.904174  -0.228247 -0.111170 0.967236  0.573089 0.137582 1 0 1.000000
Material_0
0  0.733744 4.478404 9.904174  -0.228247 -0.111170 0.967236  0.573089 0.137582 1 0 1.000000
0  1.433400 4.465607 10.069570  -0.228217 -0.111208 0.967238  0.578549 0.136522 1 0 1.000000
0  1.303382 4.742538 10.069570  -0.228218 -0.111209 0.967238  0.577725 0.138749 1 0 1.000000
Material_0
0  0.863762 4.201473 9.904174  -0.906973 -0.421183 0.001889  0.574016 0.135355 1 0 1.000000
0  0.733744 4.478404 9.904174  -0.906973 -0.421184 0.001890  0.573089 0.137582 1 0 1.000000
0  0.863761 4.201473 7.460405  -0.895367 -0.421182 0.144651  0.563303 0.127186 1 0 1.000000
Material_0
0  0.733744 4.478404 9.904174  -0.906973 -0.421184 0.001890  0.573089 0.137582 1 0 1.000000
0  0.733744 4.478405 7.460405  -0.895375 -0.421176 0.144622  0.562479 0.129414 1 0 1.000000
0  0.863761 4.201473 7.460405  -0.895367 -0.421182 0.144651  0.563303 0.127186 1 0 1.000000
Material_0
0  0.863761 4.201473 7.460405  -0.895367 -0.421182 0.144651  0.563303 0.127186 1 0 1.000000
0  0.733744 4.478405 7.460405  -0.895375 -0.421176 0.144622  0.562479 0.129414 1 0 1.000000
0  0.573152 4.066846 6.367676  -0.867066 -0.409254 0.284091  0.556608 0.123155 1 0 1.000000
Material_0
0  0.733744 4.478405 7.460405  -0.895375 -0.421176 0.144622  0.562479 0.129414 1 0 1.000000
0  0.443288 4.343777 6.367676  -0.869380 -0.409270 0.276904  0.555681 0.125383 1 0 1.000000
0  0.573152 4.066846 6.367676  -0.867066 -0.409254 0.284091  0.556608 0.123155 1 0 1.000000
Material_0
0  1.303382 4.742538 10.069570  -0.423177 0.906045 -0.001893  0.577725 0.138749 1 0 1.000000
0  1.303382 4.742538 7.451112  -0.423120 0.906072 -0.001849  0.566188 0.129945 1 0 1.000000
0  0.733744 4.478404 9.904174  -0.423141 0.906062 -0.001865  0.573089 0.137582 1 0 1.000000
Material_0
0  0.733744 4.478404 9.904174  -0.423141 0.906062 -0.001865  0.573089 0.137582 1 0 1.000000
0  1.303382 4.742538 7.451112  -0.423120 0.906072 -0.001849  0.566188 0.129945 1 0 1.000000
0  0.733744 4.478405 7.460405  -0.423129 0.906068 -0.001856  0.562479 0.129414 1 0 1.000000
Material_0
0  1.303382 4.742538 7.451112  -0.423120 0.906072 -0.001849  0.566188 0.129945 1 0 1.000000
0  1.012772 4.607911 6.358385  -0.423148 0.906058 -0.001870  0.559492 0.125913 1 0 1.000000
0  0.733744 4.478405 7.460405  -0.423129 0.906068 -0.001856  0.562479 0.129414 1 0 1.000000
Material_0
0  0.733744 4.478405 7.460405  -0.423129 0.906068 -0.001856  0.562479 0.129414 1 0 1.000000
0  1.012772 4.607911 6.358385  -0.423148 0.906058 -0.001870  0.559492 0.125913 1 0 1.000000
0  0.443288 4.343777 6.367676  -0.423136 0.906064 -0.001859  0.555681 0.125383 1 0 1.000000
Material_0
0  1.012772 4.607911 6.358385  -0.015098 0.002170 -0.999884  0.559492 0.125913 1 0 1.000000
0  1.142790 4.330980 6.358385  -0.015099 0.002172 -0.999884  0.560316 0.123792 1 0 1.000000
0  0.443288 4.343777 6.367676  -0.015102 0.002174 -0.999884  0.555681 0.125383 1 0 1.000000
Material_0
0  0.443288 4.343777 6.367676  -0.015102 0.002174 -0.999884  0.555681 0.125383 1 0 1.000000
0  1.142790 4.330980 6.358385  -0.015099 0.002172 -0.999884  0.560316 0.123792 1 0 1.000000
0  0.573152 4.066846 6.367676  -0.015104 0.002176 -0.999884  0.556608 0.123155 1 0 1.000000
Material_0
0  -0.200008 5.465320 -7.337877  0.000000 0.002204 -0.999997  0.578343 0.179910 1 0 1.000000
0  0.419660 5.465320 -7.337877  -0.000001 0.002204 -0.999998  0.590601 0.179910 1 0 1.000000
0  -0.200008 4.033571 -7.337876  -0.000002 0.002204 -0.999998  0.578343 0.183410 1 0 1.000000
Material_0
0  -0.200008 4.033571 -7.337876  -0.000002 0.002204 -0.999998  0.578343 0.183410 1 0 1.000000
0  0.419660 5.465320 -7.337877  -0.000001 0.002204 -0.999998  0.590601 0.179910 1 0 1.000000
0  0.419660 4.033572 -7.337876  -0.000002 0.002204 -0.999998  0.590601 0.183410 1 0 1.000000
Material_0
0  0.419660 5.971576 -8.319102  -0.000000 0.002205 -0.999998  0.590601 0.175136 1 0 1.000000
0  0.419660 5.465831 -8.319102  -0.000000 0.002205 -0.999998  0.590601 0.177151 1 0 1.000000
0  -0.200008 5.971576 -8.319102  0.000000 0.002205 -0.999998  0.578343 0.175136 1 0 1.000000
Material_0
0  -0.200008 5.971576 -8.319102  0.000000 0.002205 -0.999998  0.578343 0.175136 1 0 1.000000
0  0.419660 5.465831 -8.319102  -0.000000 0.002205 -0.999998  0.590601 0.177151 1 0 1.000000
0  -0.200008 5.465831 -8.319102  -0.000000 0.002205 -0.999998  0.578343 0.177151 1 0 1.000000
Material_0
0  0.419660 5.465831 -8.319102  0.000000 -1.000000 -0.000186  0.590601 0.177151 1 0 1.000000
0  0.419660 5.465320 -7.337877  -0.000000 -1.000000 0.000054  0.590601 0.179910 1 0 1.000000
0  -0.200008 5.465831 -8.319102  0.000000 -1.000000 0.000054  0.578343 0.177151 1 0 1.000000
Material_0
0  -0.200008 5.465831 -8.319102  0.000000 -1.000000 0.000054  0.578343 0.177151 1 0 1.000000
0  0.419660 5.465320 -7.337877  -0.000000 -1.000000 0.000054  0.590601 0.179910 1 0 1.000000
0  -0.200008 5.465320 -7.337877  0.000000 -1.000000 -0.000185  0.578343 0.179910 1 0 1.000000
Material_0
0  -0.200008 4.033571 -7.337876  -0.999998 0.002205 0.000000  0.578343 0.183410 1 0 1.000000
0  -0.200008 4.033572 -6.717177  -0.999998 0.002205 0.000000  0.578343 0.183410 1 0 1.000000
0  -0.200008 5.465320 -7.337877  -0.999998 -0.002109 0.000000  0.578343 0.179910 1 0 1.000000
Material_0
0  -0.200008 4.033572 -6.717177  -0.999998 0.002205 0.000000  0.578343 0.183410 1 0 1.000000
0  -0.200008 5.465320 -6.717178  -0.999998 0.002205 -0.000000  0.578343 0.179910 1 0 1.000000
0  -0.200008 5.465320 -7.337877  -0.999998 -0.002109 0.000000  0.578343 0.179910 1 0 1.000000
Material_0
0  -0.200008 5.465320 -7.337877  -0.999998 -0.002109 0.000000  0.578343 0.179910 1 0 1.000000
0  -0.200008 5.465320 -6.717178  -0.999998 0.002205 -0.000000  0.578343 0.179910 1 0 1.000000
0  -0.200008 5.465831 -8.319102  -0.999998 0.002205 0.000000  0.578343 0.177151 1 0 1.000000
Material_0
0  -0.200008 5.465320 -6.717178  -0.999998 0.002205 -0.000000  0.578343 0.179910 1 0 1.000000
0  -0.200008 5.465832 -6.719037  -0.999998 0.002205 0.000000  0.578343 0.177151 1 0 1.000000
0  -0.200008 5.465831 -8.319102  -0.999998 0.002205 0.000000  0.578343 0.177151 1 0 1.000000
Material_0
0  -0.200008 5.465831 -8.319102  -0.999998 0.002205 0.000000  0.578343 0.177151 1 0 1.000000
0  -0.200008 5.465832 -6.719037  -0.999998 0.002205 0.000000  0.578343 0.177151 1 0 1.000000
0  -0.200008 5.971576 -8.319102  -0.999998 0.002205 0.000000  0.578343 0.175136 1 0 1.000000
Material_0
0  -0.200008 5.465832 -6.719037  -0.999998 0.002205 0.000000  0.578343 0.177151 1 0 1.000000
0  -0.200008 5.971577 -6.719037  -0.999998 0.002205 0.000000  0.578343 0.175136 1 0 1.000000
0  -0.200008 5.971576 -8.319102  -0.999998 0.002205 0.000000  0.578343 0.175136 1 0 1.000000
Material_0
0  0.419661 4.033572 -6.717177  0.999998 0.002205 -0.000000  0.590601 0.183410 1 0 1.000000
0  0.419660 4.033572 -7.337876  0.999998 0.002205 -0.000000  0.590601 0.183410 1 0 1.000000
0  0.419660 5.465320 -6.717178  0.999998 0.002205 -0.000000  0.590601 0.179910 1 0 1.000000
Material_0
0  0.419660 4.033572 -7.337876  0.999998 0.002205 -0.000000  0.590601 0.183410 1 0 1.000000
0  0.419660 5.465320 -7.337877  0.999998 0.002109 -0.000000  0.590601 0.179910 1 0 1.000000
0  0.419660 5.465320 -6.717178  0.999998 0.002205 -0.000000  0.590601 0.179910 1 0 1.000000
Material_0
0  0.419660 5.465320 -6.717178  0.999998 0.002205 -0.000000  0.590601 0.179910 1 0 1.000000
0  0.419660 5.465320 -7.337877  0.999998 0.002109 -0.000000  0.590601 0.179910 1 0 1.000000
0  0.419660 5.465832 -6.719037  0.999998 0.002205 -0.000000  0.590601 0.177151 1 0 1.000000
Material_0
0  0.419660 5.465320 -7.337877  0.999998 0.002109 -0.000000  0.590601 0.179910 1 0 1.000000
0  0.419660 5.465831 -8.319102  0.999998 0.002205 -0.000000  0.590601 0.177151 1 0 1.000000
0  0.419660 5.465832 -6.719037  0.999998 0.002205 -0.000000  0.590601 0.177151 1 0 1.000000
Material_0
0  0.419660 5.465832 -6.719037  0.999998 0.002205 -0.000000  0.590601 0.177151 1 0 1.000000
0  0.419660 5.465831 -8.319102  0.999998 0.002205 -0.000000  0.590601 0.177151 1 0 1.000000
0  0.419660 5.971577 -6.719037  0.999998 0.002205 -0.000000  0.590601 0.175136 1 0 1.000000
Material_0
0  0.419660 5.465831 -8.319102  0.999998 0.002205 -0.000000  0.590601 0.177151 1 0 1.000000
0  0.419660 5.971576 -8.319102  0.999997 0.002205 -0.000000  0.590601 0.175136 1 0 1.000000
0  0.419660 5.971577 -6.719037  0.999998 0.002205 -0.000000  0.590601 0.175136 1 0 1.000000
Material_0
0  0.419661 4.033572 -2.632458  -0.000000 0.002205 0.999997  0.590601 0.183410 1 0 1.000000
0  0.419661 5.465321 -2.632459  -0.000000 0.002205 0.999998  0.590601 0.179910 1 0 1.000000
0  -0.200007 4.033572 -2.632458  0.000000 0.002205 0.999998  0.578343 0.183410 1 0 1.000000
Material_0
0  0.419661 5.465321 -2.632459  -0.000000 0.002205 0.999998  0.590601 0.179910 1 0 1.000000
0  -0.200007 5.465321 -2.632459  0.000000 0.002205 0.999998  0.578343 0.179910 1 0 1.000000
0  -0.200007 4.033572 -2.632458  0.000000 0.002205 0.999998  0.578343 0.183410 1 0 1.000000
Material_0
0  -0.200007 5.465832 -1.651234  0.000000 0.002205 0.999998  0.578343 0.177151 1 0 1.000000
0  0.419661 5.465832 -1.651234  -0.000000 0.002205 0.999998  0.590601 0.177151 1 0 1.000000
0  -0.200007 5.971577 -1.651234  0.000000 0.002205 0.999998  0.578343 0.175136 1 0 1.000000
Material_0
0  0.419661 5.465832 -1.651234  -0.000000 0.002205 0.999998  0.590601 0.177151 1 0 1.000000
0  0.419661 5.971577 -1.651234  -0.000000 0.002205 0.999998  0.590601 0.175136 1 0 1.000000
0  -0.200007 5.971577 -1.651234  0.000000 0.002205 0.999998  0.578343 0.175136 1 0 1.000000
Material_0
0  -0.200007 5.465321 -2.632459  0.000000 -1.000000 0.000042  0.578343 0.179910 1 0 1.000000
0  0.419661 5.465321 -2.632459  -0.000000 -1.000000 -0.000054  0.590601 0.179910 1 0 1.000000
0  -0.200007 5.465832 -1.651234  -0.000000 -1.000000 -0.000054  0.578343 0.177151 1 0 1.000000
Material_0
0  0.419661 5.465321 -2.632459  -0.000000 -1.000000 -0.000054  0.590601 0.179910 1 0 1.000000
0  0.419661 5.465832 -1.651234  -0.000000 -1.000000 0.000042  0.590601 0.177151 1 0 1.000000
0  -0.200007 5.465832 -1.651234  -0.000000 -1.000000 -0.000054  0.578343 0.177151 1 0 1.000000
Material_0
0  -0.200007 4.033572 -2.632458  -0.999998 0.002205 0.000000  0.578343 0.183410 1 0 1.000000
0  -0.200007 5.465321 -2.632459  -0.999998 -0.002157 0.000000  0.578343 0.179910 1 0 1.000000
0  -0.200007 4.033572 -3.253157  -0.999998 0.002205 0.000000  0.578343 0.183410 1 0 1.000000
Material_0
0  -0.200007 4.033572 -3.253157  -0.999998 0.002205 0.000000  0.578343 0.183410 1 0 1.000000
0  -0.200007 5.465321 -2.632459  -0.999998 -0.002157 0.000000  0.578343 0.179910 1 0 1.000000
0  -0.200007 5.465321 -3.253158  -0.999998 0.002205 0.000000  0.578343 0.179910 1 0 1.000000
Material_0
0  -0.200007 5.465321 -2.632459  -0.999998 -0.002157 0.000000  0.578343 0.179910 1 0 1.000000
0  -0.200007 5.465832 -1.651234  -0.999998 0.002205 0.000000  0.578343 0.177151 1 0 1.000000
0  -0.200007 5.465321 -3.253158  -0.999998 0.002205 0.000000  0.578343 0.179910 1 0 1.000000
Material_0
0  -0.200007 5.465321 -3.253158  -0.999998 0.002205 0.000000  0.578343 0.179910 1 0 1.000000
0  -0.200007 5.465832 -1.651234  -0.999998 0.002205 0.000000  0.578343 0.177151 1 0 1.000000
0  -0.200007 5.465832 -3.251299  -0.999998 0.002205 0.000000  0.578343 0.177151 1 0 1.000000
Material_0
0  -0.200007 5.465832 -1.651234  -0.999998 0.002205 0.000000  0.578343 0.177151 1 0 1.000000
0  -0.200007 5.971577 -1.651234  -0.999998 0.002205 0.000000  0.578343 0.175136 1 0 1.000000
0  -0.200007 5.465832 -3.251299  -0.999998 0.002205 0.000000  0.578343 0.177151 1 0 1.000000
Material_0
0  -0.200007 5.465832 -3.251299  -0.999998 0.002205 0.000000  0.578343 0.177151 1 0 1.000000
0  -0.200007 5.971577 -1.651234  -0.999998 0.002205 0.000000  0.578343 0.175136 1 0 1.000000
0  -0.200008 5.971577 -3.251299  -0.999998 0.002205 0.000000  0.578343 0.175136 1 0 1.000000
Material_0
0  0.419661 4.033572 -3.253157  0.999998 0.002205 -0.000000  0.590601 0.183410 1 0 1.000000
0  0.419661 5.465321 -3.253158  0.999998 0.002205 -0.000000  0.590601 0.179910 1 0 1.000000
0  0.419661 4.033572 -2.632458  0.999998 0.002205 -0.000000  0.590601 0.183410 1 0 1.000000
Material_0
0  0.419661 4.033572 -2.632458  0.999998 0.002205 -0.000000  0.590601 0.183410 1 0 1.000000
0  0.419661 5.465321 -3.253158  0.999998 0.002205 -0.000000  0.590601 0.179910 1 0 1.000000
0  0.419661 5.465321 -2.632459  0.999998 0.002205 -0.000000  0.590601 0.179910 1 0 1.000000
Material_0
0  0.419661 5.465321 -3.253158  0.999998 0.002205 -0.000000  0.590601 0.179910 1 0 1.000000
0  0.419661 5.465832 -3.251299  0.999998 0.002205 -0.000000  0.590601 0.177151 1 0 1.000000
0  0.419661 5.465321 -2.632459  0.999998 0.002205 -0.000000  0.590601 0.179910 1 0 1.000000
Material_0
0  0.419661 5.465321 -2.632459  0.999998 0.002205 -0.000000  0.590601 0.179910 1 0 1.000000
0  0.419661 5.465832 -3.251299  0.999998 0.002205 -0.000000  0.590601 0.177151 1 0 1.000000
0  0.419661 5.465832 -1.651234  0.999998 0.002205 -0.000000  0.590601 0.177151 1 0 1.000000
Material_0
0  0.419661 5.465832 -3.251299  0.999998 0.002205 -0.000000  0.590601 0.177151 1 0 1.000000
0  0.419661 5.971577 -3.251299  0.999998 0.002205 -0.000000  0.590601 0.175136 1 0 1.000000
0  0.419661 5.465832 -1.651234  0.999998 0.002205 -0.000000  0.590601 0.177151 1 0 1.000000
Material_0
0  0.419661 5.465832 -1.651234  0.999998 0.002205 -0.000000  0.590601 0.177151 1 0 1.000000
0  0.419661 5.971577 -3.251299  0.999998 0.002205 -0.000000  0.590601 0.175136 1 0 1.000000
0  0.419661 5.971577 -1.651234  0.999998 0.002205 -0.000000  0.590601 0.175136 1 0 1.000000
Material_0
0  -0.541883 4.843889 -6.414262  -0.978779 -0.201762 -0.035841  0.879544 0.117639 1 0 1.000000
0  -0.541883 4.843889 -3.535631  -0.978636 -0.201751 0.039610  0.893038 0.127929 1 0 1.000000
0  -0.830486 6.747085 -6.414263  -0.994016 -0.102513 -0.037725  0.877484 0.132384 1 0 1.000000
Material_0
0  -0.830486 6.747085 -6.414263  -0.994016 -0.102513 -0.037725  0.877484 0.132384 1 0 1.000000
0  -0.541883 4.843889 -3.535631  -0.978636 -0.201751 0.039610  0.893038 0.127929 1 0 1.000000
0  -0.830485 6.747086 -3.535632  -0.994016 -0.102513 0.037726  0.890978 0.142674 1 0 1.000000
Material_0
0  -0.830485 6.747086 -3.535632  -0.994013 -0.102521 0.037777  0.890978 0.142674 1 0 1.000000
0  -0.712666 6.746062 -3.418554  -0.071725 0.045872 0.996369  0.892317 0.142781 1 0 1.000000
0  -0.731505 6.862260 -3.535632  -0.064259 0.997243 0.037122  0.891699 0.143311 1 0 1.000000
Material_0
0  -0.731505 6.862260 -3.535632  -0.064259 0.997243 0.037122  0.891699 0.143311 1 0 1.000000
0  -0.712666 6.746062 -3.418554  -0.071725 0.045872 0.996369  0.892317 0.142781 1 0 1.000000
0  0.956563 6.746062 -3.418554  0.071678 0.045935 0.996369  0.904267 0.138962 1 0 1.000000
Material_0
0  0.956563 6.746062 -3.418554  0.071678 0.045935 0.996369  0.904267 0.138962 1 0 1.000000
0  -0.712666 6.746062 -3.418554  -0.071725 0.045872 0.996369  0.892317 0.142781 1 0 1.000000
0  0.668424 4.844913 -3.418553  0.071671 -0.045853 0.996374  0.902206 0.125595 1 0 1.000000
Material_0
0  -0.712666 6.746062 -3.418554  -0.071725 0.045872 0.996369  0.892317 0.142781 1 0 1.000000
0  -0.424373 4.844913 -3.418553  -0.071670 -0.045854 0.996374  0.894378 0.128141 1 0 1.000000
0  0.668424 4.844913 -3.418553  0.071671 -0.045853 0.996374  0.902206 0.125595 1 0 1.000000
Material_0
0  0.956563 6.746062 -3.418554  0.071678 0.045935 0.996369  0.904267 0.138962 1 0 1.000000
0  0.975556 6.862260 -3.535632  0.064244 0.997241 0.037190  0.903854 0.139280 1 0 1.000000
0  -0.731505 6.862260 -3.535632  -0.064259 0.997243 0.037122  0.891699 0.143311 1 0 1.000000
Material_0
0  -0.731505 6.862260 -3.535632  -0.064259 0.997243 0.037122  0.891699 0.143311 1 0 1.000000
0  0.975556 6.862260 -3.535632  0.064244 0.997241 0.037190  0.903854 0.139280 1 0 1.000000
0  -0.731506 6.862259 -6.414263  -0.062319 0.997244 -0.040252  0.878205 0.133021 1 0 1.000000
Material_0
0  0.975556 6.862260 -3.535632  0.064244 0.997241 0.037190  0.903854 0.139280 1 0 1.000000
0  0.975555 6.862259 -6.414263  0.062319 0.997244 -0.040252  0.890360 0.129096 1 0 1.000000
0  -0.731506 6.862259 -6.414263  -0.062319 0.997244 -0.040252  0.878205 0.133021 1 0 1.000000
Material_0
0  -0.712667 6.746061 -6.531341  -0.075443 0.045850 -0.996095  0.877793 0.131748 1 0 1.000000
0  0.956562 6.746061 -6.531341  0.075442 0.045851 -0.996095  0.889742 0.127823 1 0 1.000000
0  -0.424373 4.844913 -6.531340  -0.075437 -0.045861 -0.996095  0.879853 0.117002 1 0 1.000000
Material_0
0  0.956562 6.746061 -6.531341  0.075442 0.045851 -0.996095  0.889742 0.127823 1 0 1.000000
0  0.668423 4.844913 -6.531340  0.075441 -0.045855 -0.996095  0.887682 0.114456 1 0 1.000000
0  -0.424373 4.844913 -6.531340  -0.075437 -0.045861 -0.996095  0.879853 0.117002 1 0 1.000000
Material_0
0  -0.408160 4.728714 -6.414262  -0.093853 -0.994961 -0.035272  0.880574 0.116578 1 0 1.000000
0  0.652056 4.728715 -6.414262  0.093848 -0.994961 -0.035285  0.888094 0.114032 1 0 1.000000
0  -0.408159 4.728715 -3.535631  -0.092446 -0.994961 0.038809  0.893966 0.126762 1 0 1.000000
Material_0
0  0.652056 4.728715 -6.414262  0.093848 -0.994961 -0.035285  0.888094 0.114032 1 0 1.000000
0  0.652056 4.728715 -3.535631  0.092447 -0.994961 0.038809  0.901485 0.124322 1 0 1.000000
0  -0.408159 4.728715 -3.535631  -0.092446 -0.994961 0.038809  0.893966 0.126762 1 0 1.000000
Material_0
0  0.785934 4.843890 -3.535631  0.978636 -0.201751 0.039609  0.902515 0.124853 1 0 1.000000
0  0.785934 4.843889 -6.414262  0.978779 -0.201761 -0.035841  0.889021 0.114562 1 0 1.000000
0  1.074536 6.747086 -3.535632  0.994016 -0.102513 0.037725  0.904576 0.138219 1 0 1.000000
Material_0
0  0.785934 4.843889 -6.414262  0.978779 -0.201761 -0.035841  0.889021 0.114562 1 0 1.000000
0  1.074535 6.747085 -6.414263  0.994016 -0.102513 -0.037726  0.891081 0.127929 1 0 1.000000
0  1.074536 6.747086 -3.535632  0.994016 -0.102513 0.037725  0.904576 0.138219 1 0 1.000000
Material_0
0  -0.731505 6.862260 -3.535632  -0.064195 0.997248 0.037093  0.863166 0.383059 1 0 1.000000
0  -0.731506 6.862259 -6.414263  -0.062284 0.997248 -0.040215  0.862341 0.382528 1 0 1.000000
0  -0.830485 6.747086 -3.535632  -0.994007 -0.102617 0.037675  0.863063 0.383059 1 0 1.000000
Material_0
0  -0.830485 6.747086 -3.535632  -0.994007 -0.102617 0.037675  0.863063 0.383059 1 0 1.000000
0  -0.731506 6.862259 -6.414263  -0.062284 0.997248 -0.040215  0.862341 0.382528 1 0 1.000000
0  -0.830486 6.747085 -6.414263  -0.994011 -0.102575 -0.037676  0.862341 0.382422 1 0 1.000000
Material_0
0  -0.731506 6.862259 -6.414263  -0.062284 0.997248 -0.040215  0.862341 0.382528 1 0 1.000000
0  -0.712667 6.746061 -6.531341  -0.075416 0.045909 -0.996095  0.862341 0.382422 1 0 1.000000
0  -0.830486 6.747085 -6.414263  -0.994011 -0.102575 -0.037676  0.862341 0.382422 1 0 1.000000
Material_0
0  -0.830486 6.747085 -6.414263  -0.994011 -0.102575 -0.037676  0.862341 0.382422 1 0 1.000000
0  -0.712667 6.746061 -6.531341  -0.075416 0.045909 -0.996095  0.862341 0.382422 1 0 1.000000
0  -0.424373 4.844913 -6.531340  -0.075398 -0.045779 -0.996102  0.862444 0.381573 1 0 1.000000
Material_0
0  -0.731506 6.862259 -6.414263  -0.062284 0.997248 -0.040215  0.862341 0.382528 1 0 1.000000
0  0.975555 6.862259 -6.414263  0.062249 0.997252 -0.040170  0.863063 0.382210 1 0 1.000000
0  -0.712667 6.746061 -6.531341  -0.075416 0.045909 -0.996095  0.862341 0.382422 1 0 1.000000
Material_0
0  -0.712667 6.746061 -6.531341  -0.075416 0.045909 -0.996095  0.862341 0.382422 1 0 1.000000
0  0.975555 6.862259 -6.414263  0.062249 0.997252 -0.040170  0.863063 0.382210 1 0 1.000000
0  0.956562 6.746061 -6.531341  0.075471 0.045817 -0.996095  0.863063 0.382210 1 0 1.000000
Material_0
0  0.956562 6.746061 -6.531341  0.075471 0.045817 -0.996095  0.863063 0.382210 1 0 1.000000
0  0.975555 6.862259 -6.414263  0.062249 0.997252 -0.040170  0.863063 0.382210 1 0 1.000000
0  1.074535 6.747085 -6.414263  0.994015 -0.102553 -0.037658  0.863063 0.382210 1 0 1.000000
Material_0
0  0.975555 6.862259 -6.414263  0.062249 0.997252 -0.040170  0.863063 0.382210 1 0 1.000000
0  0.975556 6.862260 -3.535632  0.064188 0.997248 0.037090  0.863887 0.382846 1 0 1.000000
0  1.074535 6.747085 -6.414263  0.994015 -0.102553 -0.037658  0.863063 0.382210 1 0 1.000000
Material_0
0  1.074535 6.747085 -6.414263  0.994015 -0.102553 -0.037658  0.863063 0.382210 1 0 1.000000
0  0.975556 6.862260 -3.535632  0.064188 0.997248 0.037090  0.863887 0.382846 1 0 1.000000
0  1.074536 6.747086 -3.535632  0.994011 -0.102571 0.037692  0.863887 0.382846 1 0 1.000000
Material_0
0  0.975556 6.862260 -3.535632  0.064188 0.997248 0.037090  0.863887 0.382846 1 0 1.000000
0  0.956563 6.746062 -3.418554  0.071619 0.045825 0.996379  0.863887 0.382846 1 0 1.000000
0  1.074536 6.747086 -3.535632  0.994011 -0.102571 0.037692  0.863887 0.382846 1 0 1.000000
Material_0
0  0.956563 6.746062 -3.418554  0.071619 0.045825 0.996379  0.863887 0.382846 1 0 1.000000
0  0.668424 4.844913 -3.418553  0.071630 -0.045804 0.996379  0.863784 0.381998 1 0 1.000000
0  1.074536 6.747086 -3.535632  0.994011 -0.102571 0.037692  0.863887 0.382846 1 0 1.000000
Material_0
0  1.074536 6.747086 -3.535632  0.994011 -0.102571 0.037692  0.863887 0.382846 1 0 1.000000
0  0.668424 4.844913 -3.418553  0.071630 -0.045804 0.996379  0.863784 0.381998 1 0 1.000000
0  0.785934 4.843890 -3.535631  0.978628 -0.201785 0.039619  0.863784 0.381998 1 0 1.000000
Material_0
0  0.668424 4.844913 -3.418553  0.071630 -0.045804 0.996379  0.863784 0.381998 1 0 1.000000
0  0.652056 4.728715 -3.535631  0.092452 -0.994959 0.038855  0.863681 0.381998 1 0 1.000000
0  0.785934 4.843890 -3.535631  0.978628 -0.201785 0.039619  0.863784 0.381998 1 0 1.000000
Material_0
0  0.785934 4.843890 -3.535631  0.978628 -0.201785 0.039619  0.863784 0.381998 1 0 1.000000
0  0.652056 4.728715 -3.535631  0.092452 -0.994959 0.038855  0.863681 0.381998 1 0 1.000000
0  0.652056 4.728715 -6.414262  0.093882 -0.994958 -0.035269  0.862960 0.381361 1 0 1.000000
Material_0
0  0.668424 4.844913 -3.418553  0.071630 -0.045804 0.996379  0.863784 0.381998 1 0 1.000000
0  -0.424373 4.844913 -3.418553  -0.071610 -0.045774 0.996382  0.863269 0.382210 1 0 1.000000
0  0.652056 4.728715 -3.535631  0.092452 -0.994959 0.038855  0.863681 0.381998 1 0 1.000000
Material_0
0  0.652056 4.728715 -3.535631  0.092452 -0.994959 0.038855  0.863681 0.381998 1 0 1.000000
0  -0.424373 4.844913 -3.418553  -0.071610 -0.045774 0.996382  0.863269 0.382210 1 0 1.000000
0  -0.408159 4.728715 -3.535631  -0.092501 -0.994954 0.038856  0.863269 0.382104 1 0 1.000000
Material_0
0  -0.424373 4.844913 -3.418553  -0.071610 -0.045774 0.996382  0.863269 0.382210 1 0 1.000000
0  -0.541883 4.843889 -3.535631  -0.978639 -0.201724 0.039651  0.863166 0.382210 1 0 1.000000
0  -0.408159 4.728715 -3.535631  -0.092501 -0.994954 0.038856  0.863269 0.382104 1 0 1.000000
Material_0
0  -0.541883 4.843889 -3.535631  -0.978639 -0.201724 0.039651  0.863166 0.382210 1 0 1.000000
0  -0.541883 4.843889 -6.414262  -0.978782 -0.201750 -0.035826  0.862444 0.381573 1 0 1.000000
0  -0.408159 4.728715 -3.535631  -0.092501 -0.994954 0.038856  0.863269 0.382104 1 0 1.000000
Material_0
0  -0.408159 4.728715 -3.535631  -0.092501 -0.994954 0.038856  0.863269 0.382104 1 0 1.000000
0  -0.541883 4.843889 -6.414262  -0.978782 -0.201750 -0.035826  0.862444 0.381573 1 0 1.000000
0  -0.408160 4.728714 -6.414262  -0.093863 -0.994958 -0.035323  0.862444 0.381467 1 0 1.000000
Material_0
0  -0.541883 4.843889 -6.414262  -0.978782 -0.201750 -0.035826  0.862444 0.381573 1 0 1.000000
0  -0.424373 4.844913 -6.531340  -0.075398 -0.045779 -0.996102  0.862444 0.381573 1 0 1.000000
0  -0.408160 4.728714 -6.414262  -0.093863 -0.994958 -0.035323  0.862444 0.381467 1 0 1.000000
Material_0
0  -0.424373 4.844913 -6.531340  -0.075398 -0.045779 -0.996102  0.862444 0.381573 1 0 1.000000
0  0.668423 4.844913 -6.531340  0.075393 -0.045818 -0.996101  0.862857 0.381361 1 0 1.000000
0  -0.408160 4.728714 -6.414262  -0.093863 -0.994958 -0.035323  0.862444 0.381467 1 0 1.000000
Material_0
0  -0.408160 4.728714 -6.414262  -0.093863 -0.994958 -0.035323  0.862444 0.381467 1 0 1.000000
0  0.668423 4.844913 -6.531340  0.075393 -0.045818 -0.996101  0.862857 0.381361 1 0 1.000000
0  0.652056 4.728715 -6.414262  0.093882 -0.994958 -0.035269  0.862960 0.381361 1 0 1.000000
Material_0
0  0.668423 4.844913 -6.531340  0.075393 -0.045818 -0.996101  0.862857 0.381361 1 0 1.000000
0  0.785934 4.843889 -6.414262  0.978783 -0.201734 -0.035865  0.862960 0.381361 1 0 1.000000
0  0.652056 4.728715 -6.414262  0.093882 -0.994958 -0.035269  0.862960 0.381361 1 0 1.000000
Material_0
0  0.652056 4.728715 -6.414262  0.093882 -0.994958 -0.035269  0.862960 0.381361 1 0 1.000000
0  0.785934 4.843889 -6.414262  0.978783 -0.201734 -0.035865  0.862960 0.381361 1 0 1.000000
0  0.785934 4.843890 -3.535631  0.978628 -0.201785 0.039619  0.863784 0.381998 1 0 1.000000
Material_0
0  -0.424373 4.844913 -3.418553  -0.071610 -0.045774 0.996382  0.863269 0.382210 1 0 1.000000
0  -0.712666 6.746062 -3.418554  -0.071582 0.045835 0.996381  0.863166 0.383059 1 0 1.000000
0  -0.541883 4.843889 -3.535631  -0.978639 -0.201724 0.039651  0.863166 0.382210 1 0 1.000000
Material_0
0  -0.541883 4.843889 -3.535631  -0.978639 -0.201724 0.039651  0.863166 0.382210 1 0 1.000000
0  -0.712666 6.746062 -3.418554  -0.071582 0.045835 0.996381  0.863166 0.383059 1 0 1.000000
0  -0.830485 6.747086 -3.535632  -0.994019 -0.102506 0.037663  0.863063 0.383059 1 0 1.000000
Material_0
0  -0.541883 4.843889 -6.414262  -0.978782 -0.201750 -0.035826  0.862444 0.381573 1 0 1.000000
0  -0.830486 6.747085 -6.414263  -0.994011 -0.102575 -0.037676  0.862341 0.382422 1 0 1.000000
0  -0.424373 4.844913 -6.531340  -0.075398 -0.045779 -0.996102  0.862444 0.381573 1 0 1.000000
Material_0
0  0.668423 4.844913 -6.531340  0.075393 -0.045818 -0.996101  0.862857 0.381361 1 0 1.000000
0  0.956562 6.746061 -6.531341  0.075471 0.045817 -0.996095  0.863063 0.382210 1 0 1.000000
0  0.785934 4.843889 -6.414262  0.978783 -0.201734 -0.035865  0.862960 0.381361 1 0 1.000000
Material_0
0  0.956562 6.746061 -6.531341  0.075471 0.045817 -0.996095  0.863063 0.382210 1 0 1.000000
0  1.074535 6.747085 -6.414263  0.994015 -0.102553 -0.037658  0.863063 0.382210 1 0 1.000000
0  0.785934 4.843889 -6.414262  0.978783 -0.201734 -0.035865  0.862960 0.381361 1 0 1.000000
Material_0
0  -0.110755 5.988981 -0.625408  0.000000 0.002205 0.999997  0.905194 0.153707 1 0 1.000000
0  0.354807 5.988981 -0.625408  -0.000000 0.002205 0.999998  0.905194 0.139068 1 0 1.000000
0  -0.110755 6.480905 -0.625409  0.000000 0.002205 0.999998  0.903236 0.152328 1 0 1.000000
Material_0
0  0.354807 5.988981 -0.625408  -0.000000 0.002205 0.999998  0.905194 0.139068 1 0 1.000000
0  0.354807 6.480905 -0.625409  -0.000000 0.002205 0.999997  0.903236 0.140553 1 0 1.000000
0  -0.110755 6.480905 -0.625409  0.000000 0.002205 0.999998  0.903236 0.152328 1 0 1.000000
Material_0
0  -0.110757 6.481927 -8.412021  0.000000 0.002205 -0.999998  0.862650 0.152328 1 0 1.000000
0  0.354960 6.481927 -8.412021  -0.000000 0.002205 -0.999998  0.870788 0.141826 1 0 1.000000
0  -0.110756 5.988980 -8.412021  -0.000000 0.002205 -0.999998  0.859869 0.153707 1 0 1.000000
Material_0
0  0.354960 6.481927 -8.412021  -0.000000 0.002205 -0.999998  0.870788 0.141826 1 0 1.000000
0  0.354960 5.988980 -8.412021  -0.000000 0.002205 -0.999998  0.859869 0.139068 1 0 1.000000
0  -0.110756 5.988980 -8.412021  -0.000000 0.002205 -0.999998  0.859869 0.153707 1 0 1.000000
Material_0
0  -0.110756 5.885579 -8.309810  0.000000 -1.000000 0.000000  0.915804 0.153707 1 0 1.000000
0  0.354960 5.885579 -8.309810  0.000000 -1.000000 0.000000  0.915804 0.139068 1 0 1.000000
0  -0.110755 5.885580 -0.729478  0.000000 -1.000000 0.000000  0.906121 0.153707 1 0 1.000000
Material_0
0  0.354960 5.885579 -8.309810  0.000000 -1.000000 0.000000  0.915804 0.139068 1 0 1.000000
0  0.354807 5.885580 -0.729478  0.000000 -1.000000 0.000000  0.906121 0.139068 1 0 1.000000
0  -0.110755 5.885580 -0.729478  0.000000 -1.000000 0.000000  0.906121 0.153707 1 0 1.000000
Material_0
0  -0.213905 6.480905 -0.729477  -0.000131 1.000000 0.000135  0.903442 0.155086 1 0 1.000000
0  -0.110755 6.480905 -0.625409  -0.000131 1.000000 0.000135  0.903236 0.152328 1 0 1.000000
0  -0.213906 6.481927 -8.309810  -0.000131 1.000000 0.000135  0.915804 0.163467 1 0 1.000000
Material_0
0  -0.110755 6.480905 -0.625409  0.000024 1.000000 0.000133  0.903236 0.152328 1 0 1.000000
0  0.354960 6.481927 -8.412021  0.000024 1.000000 0.000133  0.870788 0.141826 1 0 1.000000
0  -0.213906 6.481927 -8.309810  0.000024 1.000000 0.000133  0.915804 0.163467 1 0 1.000000
Material_0
0  -0.213906 6.481927 -8.309810  0.000000 1.000000 0.000010  0.915804 0.163467 1 0 1.000000
0  0.354960 6.481927 -8.412021  0.000000 1.000000 0.000010  0.870788 0.141826 1 0 1.000000
0  -0.110757 6.481927 -8.412021  0.000000 1.000000 0.000010  0.907769 0.159648 1 0 1.000000
Material_0
0  0.457955 6.481927 -8.309810  -0.000134 1.000000 0.000135  0.862341 0.138219 1 0 1.000000
0  0.354960 6.481927 -8.412021  -0.000134 1.000000 0.000135  0.870788 0.141826 1 0 1.000000
0  0.457956 6.480905 -0.729477  -0.000134 1.000000 0.000135  0.844109 0.163255 1 0 1.000000
Material_0
0  0.354960 6.481927 -8.412021  0.000023 1.000000 0.000133  0.870788 0.141826 1 0 1.000000
0  -0.110755 6.480905 -0.625409  0.000023 1.000000 0.000133  0.903236 0.152328 1 0 1.000000
0  0.457956 6.480905 -0.729477  0.000023 1.000000 0.000133  0.844109 0.163255 1 0 1.000000
Material_0
0  0.457956 6.480905 -0.729477  0.000000 1.000000 0.000000  0.844109 0.163255 1 0 1.000000
0  -0.110755 6.480905 -0.625409  0.000000 1.000000 0.000000  0.903236 0.152328 1 0 1.000000
0  0.354807 6.480905 -0.625409  0.000000 1.000000 0.000000  0.852968 0.162194 1 0 1.000000
Material_0
0  -0.213905 5.988981 -0.729478  -0.999998 0.002205 0.000000  0.850804 0.158693 1 0 1.000000
0  -0.213905 6.480905 -0.729477  -0.999998 0.002205 0.000000  0.903442 0.155086 1 0 1.000000
0  -0.213906 5.988980 -8.309810  -0.999998 0.002205 0.000000  0.913022 0.158693 1 0 1.000000
Material_0
0  -0.213906 5.988980 -8.309810  -0.999998 0.002205 0.000000  0.913022 0.158693 1 0 1.000000
0  -0.213905 6.480905 -0.729477  -0.999998 0.002205 0.000000  0.903442 0.155086 1 0 1.000000
0  -0.213906 6.481927 -8.309810  -0.999997 0.002205 0.000000  0.915804 0.163467 1 0 1.000000
Material_0
0  0.457955 5.988980 -8.309810  0.999998 0.002205 -0.000000  0.909211 0.158056 1 0 1.000000
0  0.457955 6.481927 -8.309810  0.999998 0.002205 -0.000000  0.862341 0.138219 1 0 1.000000
0  0.457956 5.988981 -0.729478  0.999998 0.002205 -0.000000  0.846993 0.158056 1 0 1.000000
Material_0
0  0.457956 5.988981 -0.729478  0.999998 0.002205 -0.000000  0.846993 0.158056 1 0 1.000000
0  0.457955 6.481927 -8.309810  0.999998 0.002205 -0.000000  0.862341 0.138219 1 0 1.000000
0  0.457956 6.480905 -0.729477  0.999998 0.002205 -0.000000  0.844109 0.163255 1 0 1.000000
Material_0
0  0.457956 5.988981 -0.729478  0.706727 -0.032773 0.706727  0.846993 0.158056 1 0 1.000000
0  0.457956 6.480905 -0.729477  0.706727 -0.032772 0.706727  0.844109 0.163255 1 0 1.000000
0  0.354807 5.988981 -0.625408  0.706726 -0.032773 0.706728  0.847096 0.158375 1 0 1.000000
Material_0
0  0.354807 5.988981 -0.625408  0.706726 -0.032773 0.706728  0.847096 0.158375 1 0 1.000000
0  0.457956 6.480905 -0.729477  0.706727 -0.032772 0.706727  0.844109 0.163255 1 0 1.000000
0  0.354807 6.480905 -0.625409  0.706728 -0.032773 0.706726  0.846066 0.162724 1 0 1.000000
Material_0
0  -0.213905 6.480905 -0.729477  -0.706726 0.032772 0.706728  0.903442 0.155086 1 0 1.000000
0  -0.213905 5.988981 -0.729478  -0.706728 0.032773 0.706726  0.850804 0.158693 1 0 1.000000
0  -0.110755 6.480905 -0.625409  -0.706725 0.032772 0.706728  0.898189 0.154874 1 0 1.000000
Material_0
0  -0.110755 6.480905 -0.625409  -0.706725 0.032772 0.706728  0.898189 0.154874 1 0 1.000000
0  -0.213905 5.988981 -0.729478  -0.706728 0.032773 0.706726  0.850804 0.158693 1 0 1.000000
0  -0.110755 5.988981 -0.625408  -0.706728 0.032773 0.706725  0.850289 0.158056 1 0 1.000000
Material_0
0  -0.110755 5.885580 -0.729478  -0.003762 -0.706346 0.707857  0.906121 0.153707 1 0 1.000000
0  0.354807 5.885580 -0.729478  -0.003765 -0.706348 0.707855  0.906121 0.139068 1 0 1.000000
0  -0.110755 5.988981 -0.625408  -0.003763 -0.706347 0.707856  0.905194 0.153707 1 0 1.000000
Material_0
0  -0.110755 5.988981 -0.625408  -0.003763 -0.706347 0.707856  0.905194 0.153707 1 0 1.000000
0  0.354807 5.885580 -0.729478  -0.003765 -0.706348 0.707855  0.906121 0.139068 1 0 1.000000
0  0.354807 5.988981 -0.625408  0.003765 -0.706348 0.707855  0.905194 0.139068 1 0 1.000000
Material_0
0  0.457955 6.481927 -8.309810  0.706727 -0.032754 -0.706728  0.862341 0.138219 1 0 1.000000
0  0.457955 5.988980 -8.309810  0.706725 -0.032754 -0.706729  0.909211 0.158056 1 0 1.000000
0  0.354960 6.481927 -8.412021  0.706723 -0.032754 -0.706732  0.867080 0.141295 1 0 1.000000
Material_0
0  0.354960 6.481927 -8.412021  0.706723 -0.032754 -0.706732  0.867080 0.141295 1 0 1.000000
0  0.457955 5.988980 -8.309810  0.706725 -0.032754 -0.706729  0.909211 0.158056 1 0 1.000000
0  0.354960 5.988980 -8.412021  0.706724 -0.032754 -0.706730  0.909829 0.158587 1 0 1.000000
Material_0
0  0.354960 5.885579 -8.309810  -0.000000 -0.706331 -0.707882  0.915804 0.139068 1 0 1.000000
0  -0.110756 5.885579 -8.309810  0.000000 -0.706336 -0.707877  0.915804 0.153707 1 0 1.000000
0  0.354960 5.988980 -8.412021  0.000000 -0.706332 -0.707881  0.912301 0.139492 1 0 1.000000
Material_0
0  0.354960 5.988980 -8.412021  0.000000 -0.706332 -0.707881  0.912301 0.139492 1 0 1.000000
0  -0.110756 5.885579 -8.309810  0.000000 -0.706336 -0.707877  0.915804 0.153707 1 0 1.000000
0  -0.110756 5.988980 -8.412021  0.000000 -0.706337 -0.707876  0.912301 0.153283 1 0 1.000000
Material_0
0  -0.213906 5.988980 -8.309810  -0.706725 -0.032755 -0.706730  0.913022 0.158693 1 0 1.000000
0  -0.213906 6.481927 -8.309810  -0.706725 -0.032755 -0.706730  0.915804 0.163467 1 0 1.000000
0  -0.110756 5.988980 -8.412021  -0.706727 -0.032755 -0.706728  0.913125 0.158693 1 0 1.000000
Material_0
0  -0.110756 5.988980 -8.412021  -0.706727 -0.032755 -0.706728  0.913125 0.158693 1 0 1.000000
0  -0.213906 6.481927 -8.309810  -0.706725 -0.032755 -0.706730  0.915804 0.163467 1 0 1.000000
0  -0.110757 6.481927 -8.412021  -0.706724 -0.032755 -0.706731  0.914155 0.162830 1 0 1.000000
Material_0
0  0.457955 5.988980 -8.309810  0.707883 -0.706327 -0.001869  0.909211 0.158056 1 0 1.000000
0  0.457956 5.988981 -0.729478  0.707877 -0.706333 -0.001850  0.846993 0.158056 1 0 1.000000
0  0.354960 5.885579 -8.309810  0.707896 -0.706314 -0.001829  0.909829 0.157526 1 0 1.000000
Material_0
0  0.354960 5.885579 -8.309810  0.707896 -0.706314 -0.001829  0.909829 0.157526 1 0 1.000000
0  0.457956 5.988981 -0.729478  0.707877 -0.706333 -0.001850  0.846993 0.158056 1 0 1.000000
0  0.354807 5.885580 -0.729478  0.707872 -0.706338 -0.001946  0.846684 0.157526 1 0 1.000000
Material_0
0  -0.213905 5.988981 -0.729478  -0.707881 -0.706330 -0.001769  0.850804 0.158693 1 0 1.000000
0  -0.213906 5.988980 -8.309810  -0.707878 -0.706333 -0.001865  0.913022 0.158693 1 0 1.000000
0  -0.110755 5.885580 -0.729478  -0.707876 -0.706334 -0.001865  0.850083 0.159329 1 0 1.000000
Material_0
0  -0.110755 5.885580 -0.729478  -0.707876 -0.706334 -0.001865  0.850083 0.159329 1 0 1.000000
0  -0.213906 5.988980 -8.309810  -0.707878 -0.706333 -0.001865  0.913022 0.158693 1 0 1.000000
0  -0.110756 5.885579 -8.309810  -0.707883 -0.706328 -0.001769  0.913331 0.159329 1 0 1.000000
Material_0
0  2.481719 2.061781 -23.347822  -0.999997 0.002205 0.000000  0.953917 0.804951 1 0 1.000000
0  2.481719 1.761303 -24.072590  -0.999998 0.002205 0.000000  0.951960 0.809618 1 0 1.000000
0  2.481719 1.761303 -22.623053  -0.999998 0.002205 0.000000  0.951960 0.800283 1 0 1.000000
Material_0
0  2.481719 1.761303 -24.072590  -0.999998 0.002205 0.000000  0.951960 0.809618 1 0 1.000000
0  2.481719 1.036471 -24.373648  -0.999998 0.002205 0.000000  0.947325 0.811634 1 0 1.000000
0  2.481719 1.761303 -22.623053  -0.999998 0.002205 0.000000  0.951960 0.800283 1 0 1.000000
Material_0
0  2.481719 1.761303 -22.623053  -0.999998 0.002205 0.000000  0.951960 0.800283 1 0 1.000000
0  2.481719 1.036471 -24.373648  -0.999998 0.002205 0.000000  0.947325 0.811634 1 0 1.000000
0  2.481720 1.036471 -22.323854  -0.999998 0.002205 0.000000  0.947325 0.798267 1 0 1.000000
Material_0
0  2.481719 1.036471 -24.373648  -0.999998 0.002205 0.000000  0.947325 0.811634 1 0 1.000000
0  2.481719 0.311639 -24.072590  -0.999998 0.002205 -0.000000  0.951960 0.809618 1 0 1.000000
0  2.481720 1.036471 -22.323854  -0.999998 0.002205 0.000000  0.947325 0.798267 1 0 1.000000
Material_0
0  2.481720 1.036471 -22.323854  -0.999998 0.002205 0.000000  0.947325 0.798267 1 0 1.000000
0  2.481719 0.311639 -24.072590  -0.999998 0.002205 -0.000000  0.951960 0.809618 1 0 1.000000
0  2.481720 0.311639 -22.623053  -0.999998 0.002205 0.000000  0.951960 0.800283 1 0 1.000000
Material_0
0  2.481719 0.311639 -24.072590  -0.999998 0.002205 -0.000000  0.951960 0.809618 1 0 1.000000
0  2.481719 0.011673 -23.347822  -0.999998 0.002205 0.000000  0.953917 0.804951 1 0 1.000000
0  2.481720 0.311639 -22.623053  -0.999998 0.002205 0.000000  0.951960 0.800283 1 0 1.000000
Material_0
0  3.032982 1.854467 -23.347822  0.999998 0.002207 -0.000000  0.888197 0.790099 1 0 1.000000
0  3.032982 1.614904 -22.769865  0.999998 0.002204 -0.000000  0.891493 0.797949 1 0 1.000000
0  3.032982 1.614903 -23.927637  0.999998 0.002206 0.000000  0.891493 0.782143 1 0 1.000000
Material_0
0  3.032982 1.614904 -22.769865  0.999998 0.002204 -0.000000  0.891493 0.797949 1 0 1.000000
0  3.032982 1.036471 -22.530134  0.999998 0.002205 -0.000000  0.899322 0.801238 1 0 1.000000
0  3.032982 1.614903 -23.927637  0.999998 0.002206 0.000000  0.891493 0.782143 1 0 1.000000
Material_0
0  3.032982 1.614903 -23.927637  0.999998 0.002206 0.000000  0.891493 0.782143 1 0 1.000000
0  3.032982 1.036471 -22.530134  0.999998 0.002205 -0.000000  0.899322 0.801238 1 0 1.000000
0  3.032982 1.036471 -24.165510  0.999998 0.002206 -0.000000  0.899322 0.778854 1 0 1.000000
Material_0
0  3.032982 1.036471 -22.530134  0.999998 0.002205 -0.000000  0.899322 0.801238 1 0 1.000000
0  3.032982 0.458551 -22.769865  0.999998 0.002205 0.000000  0.891493 0.797949 1 0 1.000000
0  3.032982 1.036471 -24.165510  0.999998 0.002206 -0.000000  0.899322 0.778854 1 0 1.000000
Material_0
0  3.032982 0.458551 -22.769865  0.999998 0.002205 0.000000  0.891493 0.797949 1 0 1.000000
0  3.032982 0.218988 -23.347822  0.999998 0.002205 -0.000001  0.888197 0.790099 1 0 1.000000
0  3.032982 1.036471 -24.165510  0.999998 0.002206 -0.000000  0.899322 0.778854 1 0 1.000000
Material_0
0  3.032982 1.036471 -24.165510  0.999998 0.002206 -0.000000  0.899322 0.778854 1 0 1.000000
0  3.032982 0.218988 -23.347822  0.999998 0.002205 -0.000001  0.888197 0.790099 1 0 1.000000
0  3.032982 0.458551 -23.925777  0.999998 0.002205 0.000000  0.891493 0.782143 1 0 1.000000
Material_0
0  1.112676 0.569631 -13.589467  0.653450 -0.252845 -0.713494  0.886652 0.208764 1 0 1.000000
0  1.336423 0.559906 -13.379470  0.653447 -0.252846 -0.713495  0.887064 0.208658 1 0 1.000000
0  1.112676 0.184692 -13.450088  0.683074 -0.491140 -0.540547  0.886652 0.208976 1 0 1.000000
Material_0
0  1.336423 0.559906 -13.379470  0.653447 -0.252846 -0.713495  0.887064 0.208658 1 0 1.000000
0  1.336424 0.324949 -13.295842  0.683068 -0.491158 -0.540538  0.887064 0.208870 1 0 1.000000
0  1.112676 0.184692 -13.450088  0.683074 -0.491140 -0.540547  0.886652 0.208976 1 0 1.000000
Material_0
0  1.112676 0.184692 -13.450088  0.683074 -0.491140 -0.540547  0.886652 0.208976 1 0 1.000000
0  1.336424 0.324949 -13.295842  0.683068 -0.491158 -0.540538  0.887064 0.208870 1 0 1.000000
0  1.112676 0.009627 -13.080270  0.681716 -0.730643 -0.037745  0.886652 0.208976 1 0 1.000000
Material_0
0  1.336424 0.324949 -13.295842  0.683068 -0.491158 -0.540538  0.887064 0.208870 1 0 1.000000
0  1.336424 0.218477 -13.070979  0.681768 -0.730601 -0.037606  0.887064 0.208870 1 0 1.000000
0  1.112676 0.009627 -13.080270  0.681716 -0.730643 -0.037745  0.886652 0.208976 1 0 1.000000
Material_0
0  1.112676 0.009627 -13.080270  0.681716 -0.730643 -0.037745  0.886652 0.208976 1 0 1.000000
0  1.336424 0.218477 -13.070979  0.681768 -0.730601 -0.037606  0.887064 0.208870 1 0 1.000000
0  1.112676 0.148348 -12.695586  0.685368 -0.539843 0.488712  0.886652 0.208764 1 0 1.000000
Material_0
0  1.336424 0.218477 -13.070979  0.681768 -0.730601 -0.037606  0.887064 0.208870 1 0 1.000000
0  1.336424 0.302938 -12.834964  0.685422 -0.539812 0.488672  0.887064 0.208658 1 0 1.000000
0  1.112676 0.148348 -12.695586  0.685368 -0.539843 0.488712  0.886652 0.208764 1 0 1.000000
Material_0
0  1.112676 0.148348 -12.695586  0.685368 -0.539843 0.488712  0.886652 0.208764 1 0 1.000000
0  1.336424 0.302938 -12.834964  0.685422 -0.539812 0.488672  0.887064 0.208658 1 0 1.000000
0  1.112676 0.518443 -12.520898  0.685428 0.002186 0.728137  0.886652 0.208446 1 0 1.000000
Material_0
0  1.336424 0.302938 -12.834964  0.685422 -0.539812 0.488672  0.887064 0.208658 1 0 1.000000
0  1.336424 0.528680 -12.729036  0.685422 0.002153 0.728143  0.887064 0.208446 1 0 1.000000
0  1.112676 0.518443 -12.520898  0.685428 0.002186 0.728137  0.886652 0.208446 1 0 1.000000
Material_0
0  1.112676 0.518443 -12.520898  0.685428 0.002186 0.728137  0.886652 0.208446 1 0 1.000000
0  1.336424 0.528680 -12.729036  0.685422 0.002153 0.728143  0.887064 0.208446 1 0 1.000000
0  1.112676 0.903894 -12.658418  0.685367 0.491145 0.537632  0.886652 0.208234 1 0 1.000000
Material_0
0  1.336424 0.528680 -12.729036  0.685422 0.002153 0.728143  0.887064 0.208446 1 0 1.000000
0  1.336424 0.763125 -12.812663  0.685384 0.491146 0.537609  0.887064 0.208340 1 0 1.000000
0  1.112676 0.903894 -12.658418  0.685367 0.491145 0.537632  0.886652 0.208234 1 0 1.000000
Material_0
0  1.112676 0.903894 -12.658418  0.685367 0.491145 0.537632  0.886652 0.208234 1 0 1.000000
0  1.336424 0.763125 -12.812663  0.685384 0.491146 0.537609  0.887064 0.208340 1 0 1.000000
0  1.112676 1.078447 -13.028236  0.682064 0.730415 0.035814  0.886652 0.208234 1 0 1.000000
Material_0
0  1.336424 0.763125 -12.812663  0.685384 0.491146 0.537609  0.887064 0.208340 1 0 1.000000
0  1.336423 0.869597 -13.039386  0.681851 0.730617 0.035751  0.887064 0.208340 1 0 1.000000
0  1.112676 1.078447 -13.028236  0.682064 0.730415 0.035814  0.886652 0.208234 1 0 1.000000
Material_0
0  1.112676 1.078447 -13.028236  0.682064 0.730415 0.035814  0.886652 0.208234 1 0 1.000000
0  1.336423 0.869597 -13.039386  0.681851 0.730617 0.035751  0.887064 0.208340 1 0 1.000000
0  1.112676 0.940238 -13.414779  0.654721 0.712489 -0.252386  0.886652 0.208446 1 0 1.000000
Material_0
0  1.336423 0.869597 -13.039386  0.681851 0.730617 0.035751  0.887064 0.208340 1 0 1.000000
0  1.336423 0.785136 -13.273541  0.654735 0.712486 -0.252360  0.887064 0.208446 1 0 1.000000
0  1.112676 0.940238 -13.414779  0.654721 0.712489 -0.252386  0.886652 0.208446 1 0 1.000000
Material_0
0  1.112675 1.210002 -14.065212  0.633462 0.332208 -0.698830  0.886652 0.208446 1 0 1.000000
0  1.336423 1.081518 -13.922117  0.633466 0.332203 -0.698829  0.887064 0.208446 1 0 1.000000
0  1.112675 0.899798 -14.210166  0.633472 0.332165 -0.698841  0.886652 0.208764 1 0 1.000000
Material_0
0  1.336423 1.081518 -13.922117  0.633466 0.332203 -0.698829  0.887064 0.208446 1 0 1.000000
0  1.336423 0.873180 -14.020610  0.633140 0.336276 -0.697175  0.887064 0.208658 1 0 1.000000
0  1.112675 0.899798 -14.210166  0.633472 0.332165 -0.698841  0.886652 0.208764 1 0 1.000000
Material_0
0  1.112676 1.078447 -13.028236  -0.999998 0.002205 0.000000  0.886652 0.208234 1 0 1.000000
0  1.112676 0.940238 -13.414779  -0.999998 0.002205 -0.000000  0.886652 0.208446 1 0 1.000000
0  1.112676 0.903894 -12.658418  -0.999998 0.002205 0.000000  0.886652 0.208234 1 0 1.000000
Material_0
0  1.112676 0.940238 -13.414779  -0.999998 0.002205 -0.000000  0.886652 0.208446 1 0 1.000000
0  1.112676 0.148348 -12.695586  -0.999998 0.002205 0.000000  0.886652 0.208764 1 0 1.000000
0  1.112676 0.903894 -12.658418  -0.999998 0.002205 0.000000  0.886652 0.208234 1 0 1.000000
Material_0
0  1.112676 0.903894 -12.658418  -0.999998 0.002205 0.000000  0.886652 0.208234 1 0 1.000000
0  1.112676 0.148348 -12.695586  -0.999998 0.002205 0.000000  0.886652 0.208764 1 0 1.000000
0  1.112676 0.518443 -12.520898  -0.999997 0.002205 -0.000000  0.886652 0.208446 1 0 1.000000
Material_0
0  1.112676 0.009627 -13.080270  -0.999998 0.002204 0.000001  0.886652 0.208976 1 0 1.000000
0  1.112676 0.148348 -12.695586  -0.999998 0.002205 0.000000  0.886652 0.208764 1 0 1.000000
0  1.112676 0.184692 -13.450088  -0.999998 0.002205 -0.000000  0.886652 0.208976 1 0 1.000000
Material_0
0  1.112676 0.148348 -12.695586  -0.999998 0.002205 0.000000  0.886652 0.208764 1 0 1.000000
0  1.112676 0.940238 -13.414779  -0.999998 0.002205 -0.000000  0.886652 0.208446 1 0 1.000000
0  1.112676 0.184692 -13.450088  -0.999998 0.002205 -0.000000  0.886652 0.208976 1 0 1.000000
Material_0
0  1.112676 0.184692 -13.450088  -0.999998 0.002205 -0.000000  0.886652 0.208976 1 0 1.000000
0  1.112676 0.940238 -13.414779  -0.999998 0.002205 -0.000000  0.886652 0.208446 1 0 1.000000
0  1.112676 0.569631 -13.589467  -0.999998 0.002205 -0.000000  0.886652 0.208764 1 0 1.000000
Material_0
0  1.112676 0.940238 -13.414779  -0.999998 0.002205 -0.000000  0.886652 0.208446 1 0 1.000000
0  1.112675 1.210002 -14.065212  -0.999998 0.002205 0.000000  0.886652 0.208446 1 0 1.000000
0  1.112676 0.569631 -13.589467  -0.999998 0.002205 -0.000000  0.886652 0.208764 1 0 1.000000
Material_0
0  1.112676 0.569631 -13.589467  -0.999998 0.002205 -0.000000  0.886652 0.208764 1 0 1.000000
0  1.112675 1.210002 -14.065212  -0.999998 0.002205 0.000000  0.886652 0.208446 1 0 1.000000
0  1.112675 0.899798 -14.210166  -0.999997 0.002205 0.000000  0.886652 0.208764 1 0 1.000000
Material_0
0  1.336424 0.324949 -13.295842  0.999998 0.002207 -0.000000  0.887064 0.208870 1 0 1.000000
0  1.336423 0.559906 -13.379470  0.999998 0.002205 0.000000  0.887064 0.208658 1 0 1.000000
0  1.336424 0.218477 -13.070979  0.999998 0.002206 -0.000000  0.887064 0.208870 1 0 1.000000
Material_0
0  1.336424 0.218477 -13.070979  0.999998 0.002206 -0.000000  0.887064 0.208870 1 0 1.000000
0  1.336423 0.559906 -13.379470  0.999998 0.002205 0.000000  0.887064 0.208658 1 0 1.000000
0  1.336424 0.528680 -12.729036  0.999998 0.002205 -0.000000  0.887064 0.208446 1 0 1.000000
Material_0
0  1.336423 0.559906 -13.379470  0.999998 0.002205 0.000000  0.887064 0.208658 1 0 1.000000
0  1.336423 0.869597 -13.039386  0.999998 0.002205 -0.000000  0.887064 0.208340 1 0 1.000000
0  1.336424 0.528680 -12.729036  0.999998 0.002205 -0.000000  0.887064 0.208446 1 0 1.000000
Material_0
0  1.336424 0.528680 -12.729036  0.999998 0.002205 -0.000000  0.887064 0.208446 1 0 1.000000
0  1.336423 0.869597 -13.039386  0.999998 0.002205 -0.000000  0.887064 0.208340 1 0 1.000000
0  1.336424 0.763125 -12.812663  0.999998 0.002205 -0.000000  0.887064 0.208340 1 0 1.000000
Material_0
0  1.336424 0.218477 -13.070979  0.999998 0.002206 -0.000000  0.887064 0.208870 1 0 1.000000
0  1.336424 0.528680 -12.729036  0.999998 0.002205 -0.000000  0.887064 0.208446 1 0 1.000000
0  1.336424 0.302938 -12.834964  0.999997 0.002205 0.000000  0.887064 0.208658 1 0 1.000000
Material_0
0  1.336423 0.869597 -13.039386  0.999998 0.002205 -0.000000  0.887064 0.208340 1 0 1.000000
0  1.336423 0.559906 -13.379470  0.999998 0.002205 0.000000  0.887064 0.208658 1 0 1.000000
0  1.336423 0.785136 -13.273541  0.999998 0.002206 0.000000  0.887064 0.208446 1 0 1.000000
Material_0
0  1.336423 0.559906 -13.379470  0.999998 0.002205 0.000000  0.887064 0.208658 1 0 1.000000
0  1.336423 0.873180 -14.020610  0.999998 0.002205 -0.000000  0.887064 0.208658 1 0 1.000000
0  1.336423 0.785136 -13.273541  0.999998 0.002206 0.000000  0.887064 0.208446 1 0 1.000000
Material_0
0  1.336423 0.785136 -13.273541  0.999998 0.002206 0.000000  0.887064 0.208446 1 0 1.000000
0  1.336423 0.873180 -14.020610  0.999998 0.002205 -0.000000  0.887064 0.208658 1 0 1.000000
0  1.336423 1.081518 -13.922117  0.999998 0.002205 -0.000000  0.887064 0.208446 1 0 1.000000
Material_0
0  1.112676 0.569631 -13.589467  0.368781 -0.821156 -0.435549  0.886652 0.208764 1 0 1.000000
0  1.112675 0.899798 -14.210166  0.291675 -0.854551 -0.429731  0.886652 0.208764 1 0 1.000000
0  1.336423 0.559906 -13.379470  0.337211 -0.835833 -0.433212  0.887064 0.208658 1 0 1.000000
Material_0
0  1.336423 0.559906 -13.379470  0.337211 -0.835833 -0.433212  0.887064 0.208658 1 0 1.000000
0  1.112675 0.899798 -14.210166  0.291675 -0.854551 -0.429731  0.886652 0.208764 1 0 1.000000
0  1.336423 0.873180 -14.020610  0.258651 -0.867857 -0.424175  0.887064 0.208658 1 0 1.000000
Material_0
0  1.336423 0.785136 -13.273541  0.341855 0.854511 0.391083  0.887064 0.208446 1 0 1.000000
0  1.336423 1.081518 -13.922117  0.287095 0.882663 0.372132  0.887064 0.208446 1 0 1.000000
0  1.112676 0.940238 -13.414779  0.335142 0.859012 0.387012  0.886652 0.208446 1 0 1.000000
Material_0
0  1.112676 0.940238 -13.414779  0.335142 0.859012 0.387012  0.886652 0.208446 1 0 1.000000
0  1.336423 1.081518 -13.922117  0.287095 0.882663 0.372132  0.887064 0.208446 1 0 1.000000
0  1.112675 1.210002 -14.065212  0.276728 0.888715 0.365524  0.886652 0.208446 1 0 1.000000
Material_0
0  -0.811642 0.907480 14.410748  0.510281 0.154460 0.846023  0.529825 0.117533 1 0 1.000000
0  -0.877732 1.064630 14.382870  0.358590 0.506270 0.784285  0.524057 0.115199 1 0 1.000000
0  -0.877732 0.750843 14.438624  0.361330 -0.206089 0.909378  0.524057 0.115199 1 0 1.000000
Material_0
0  -0.877732 0.750843 14.438624  0.361330 -0.206089 0.909378  0.524057 0.115199 1 0 1.000000
0  -0.877732 1.064630 14.382870  0.358590 0.506270 0.784285  0.524057 0.115199 1 0 1.000000
0  -1.196445 0.750843 14.438624  -0.361378 -0.206016 0.909375  0.524057 0.103424 1 0 1.000000
Material_0
0  -0.877732 1.064630 14.382870  0.358590 0.506270 0.784285  0.524057 0.115199 1 0 1.000000
0  -1.196445 1.064630 14.382870  -0.358531 0.502546 0.786704  0.524057 0.103424 1 0 1.000000
0  -1.196445 0.750843 14.438624  -0.361378 -0.206016 0.909375  0.524057 0.103424 1 0 1.000000
Material_0
0  -1.196445 0.750843 14.438624  -0.361378 -0.206016 0.909375  0.524057 0.103424 1 0 1.000000
0  -1.196445 1.064630 14.382870  -0.358531 0.502546 0.786704  0.524057 0.103424 1 0 1.000000
0  -1.262535 0.907480 14.410748  -0.510302 0.154540 0.845996  0.529825 0.101090 1 0 1.000000
Material_0
0  -1.196445 0.750843 14.438624  -0.361378 -0.206016 0.909375  0.524057 0.103424 1 0 1.000000
0  -1.037089 0.685322 14.449775  -0.000041 -0.348642 0.937256  0.521584 0.109258 1 0 1.000000
0  -0.877732 0.750843 14.438624  0.361330 -0.206089 0.909378  0.524057 0.115199 1 0 1.000000
Material_0
0  -1.037089 1.129640 14.371721  0.000038 0.651802 0.758389  0.521584 0.109258 1 0 1.000000
0  -1.196445 1.064630 14.382870  -0.358531 0.502546 0.786704  0.524057 0.103424 1 0 1.000000
0  -0.877732 1.064630 14.382870  0.358590 0.506270 0.784285  0.524057 0.115199 1 0 1.000000
Material_0
0  1.281148 0.685322 14.449775  -0.000041 -0.348552 0.937289  0.521584 0.109258 1 0 1.000000
0  1.440659 0.750844 14.438624  0.361315 -0.206072 0.909387  0.524057 0.103424 1 0 1.000000
0  1.121637 0.750844 14.438624  -0.361393 -0.206030 0.909366  0.524057 0.115199 1 0 1.000000
Material_0
0  1.121637 0.750844 14.438624  -0.361393 -0.206030 0.909366  0.524057 0.115199 1 0 1.000000
0  1.440659 0.750844 14.438624  0.361315 -0.206072 0.909387  0.524057 0.103424 1 0 1.000000
0  1.121637 1.064630 14.382870  -0.358536 0.506329 0.784272  0.524057 0.115199 1 0 1.000000
Material_0
0  1.440659 0.750844 14.438624  0.361315 -0.206072 0.909387  0.524057 0.103424 1 0 1.000000
0  1.440504 1.064631 14.382870  0.358540 0.502530 0.786710  0.524057 0.103424 1 0 1.000000
0  1.121637 1.064630 14.382870  -0.358536 0.506329 0.784272  0.524057 0.115199 1 0 1.000000
Material_0
0  1.121637 1.064630 14.382870  -0.358536 0.506329 0.784272  0.524057 0.115199 1 0 1.000000
0  1.440504 1.064631 14.382870  0.358540 0.502530 0.786710  0.524057 0.103424 1 0 1.000000
0  1.281148 1.129640 14.371721  0.000007 0.651839 0.758357  0.521584 0.109258 1 0 1.000000
Material_0
0  1.121637 1.064630 14.382870  -0.358536 0.506329 0.784272  0.524057 0.115199 1 0 1.000000
0  1.055701 0.907481 14.410748  -0.510304 0.154539 0.845995  0.529825 0.117533 1 0 1.000000
0  1.121637 0.750844 14.438624  -0.361393 -0.206030 0.909366  0.524057 0.115199 1 0 1.000000
Material_0
0  1.506594 0.907481 14.410748  0.510282 0.154487 0.846018  0.529825 0.101090 1 0 1.000000
0  1.440504 1.064631 14.382870  0.358540 0.502530 0.786710  0.524057 0.103424 1 0 1.000000
0  1.440659 0.750844 14.438624  0.361315 -0.206072 0.909387  0.524057 0.103424 1 0 1.000000
Material_0
0  -1.044507 0.416063 -23.057915  -0.999998 0.002205 0.000000  0.928989 0.744695 1 0 1.000000
0  -1.044508 2.208692 -23.057915  -0.999998 0.002205 0.000000  0.928989 0.759759 1 0 1.000000
0  -1.044507 0.416063 -23.678614  -0.999998 0.002205 0.000000  0.916937 0.744695 1 0 1.000000
Material_0
0  -1.044507 0.416063 -23.678614  -0.999998 0.002205 0.000000  0.916937 0.744695 1 0 1.000000
0  -1.044508 2.208692 -23.057915  -0.999998 0.002205 0.000000  0.928989 0.759759 1 0 1.000000
0  -1.044508 2.208692 -23.678614  -0.999998 0.002205 0.000000  0.916937 0.759759 1 0 1.000000
Material_0
0  -1.044508 -0.593378 -26.222736  -0.817406 0.576059 -0.001866  0.916937 0.759759 1 0 1.000000
0  -1.148429 -0.740802 -26.148401  -0.817406 0.576059 -0.001866  0.916937 0.752227 1 0 1.000000
0  -1.044507 -0.593378 -22.149166  -0.817406 0.576059 -0.001866  0.928989 0.759759 1 0 1.000000
Material_0
0  -1.044507 -0.593378 -22.149166  -0.817406 0.576059 -0.001866  0.928989 0.759759 1 0 1.000000
0  -1.148429 -0.740802 -26.148401  -0.817406 0.576059 -0.001866  0.916937 0.752227 1 0 1.000000
0  -1.148428 -0.740801 -22.223501  -0.817404 0.576062 -0.001818  0.928989 0.752227 1 0 1.000000
Material_0
0  -1.044507 -0.888737 -22.149166  -0.817396 -0.576077 0.000000  0.928989 0.744695 1 0 1.000000
0  -1.148428 -0.740801 -22.223501  -0.817423 -0.576037 0.000000  0.928989 0.752227 1 0 1.000000
0  -1.044508 -0.888737 -26.222736  -0.817478 -0.575960 0.000000  0.916937 0.744695 1 0 1.000000
Material_0
0  -1.044508 -0.888737 -26.222736  -0.817478 -0.575960 0.000000  0.916937 0.744695 1 0 1.000000
0  -1.148428 -0.740801 -22.223501  -0.817423 -0.576037 0.000000  0.928989 0.752227 1 0 1.000000
0  -1.148429 -0.740802 -26.148401  -0.817423 -0.576038 0.000000  0.916937 0.752227 1 0 1.000000
Material_0
0  -1.187342 1.890810 -23.083933  -0.373060 -0.464285 -0.803284  0.146319 0.635218 1 0 1.000000
0  -1.432399 2.145730 -23.349680  -0.999998 0.002126 -0.000332  0.142405 0.637233 1 0 1.000000
0  -1.186415 2.047447 -23.349680  -0.371047 -0.928614 -0.000028  0.144774 0.635536 1 0 1.000000
Material_0
0  -1.186415 2.047447 -23.349680  -0.371047 -0.928614 -0.000028  0.144774 0.635536 1 0 1.000000
0  -1.432399 2.145730 -23.349680  -0.999998 0.002126 -0.000332  0.142405 0.637233 1 0 1.000000
0  -1.187342 1.890298 -23.617287  -0.369817 -0.471995 0.800285  0.143126 0.632778 1 0 1.000000
Material_0
0  -1.432399 2.145730 -23.349680  -0.999998 0.002126 -0.000332  0.142405 0.637233 1 0 1.000000
0  -1.433943 1.929713 -23.706490  -0.999998 0.002137 0.000009  0.140241 0.633520 1 0 1.000000
0  -1.187342 1.890298 -23.617287  -0.369817 -0.471995 0.800285  0.143126 0.632778 1 0 1.000000
Material_0
0  -1.187342 1.890298 -23.617287  -0.369817 -0.471995 0.800285  0.143126 0.632778 1 0 1.000000
0  -1.433943 1.929713 -23.706490  -0.999998 0.002137 0.000009  0.140241 0.633520 1 0 1.000000
0  -1.195371 0.818406 -23.619146  -0.372686 0.468143 0.801216  0.143023 0.622382 1 0 1.000000
Material_0
0  -1.433943 1.929713 -23.706490  -0.999998 0.002137 0.000009  0.140241 0.633520 1 0 1.000000
0  -1.442436 0.778991 -23.708349  -0.999998 0.002184 0.000012  0.140138 0.622382 1 0 1.000000
0  -1.195371 0.818406 -23.619146  -0.372686 0.468143 0.801216  0.143023 0.622382 1 0 1.000000
Material_0
0  -1.442436 0.778991 -23.708349  -0.999998 0.002184 0.000012  0.140138 0.622382 1 0 1.000000
0  -1.443980 0.562975 -23.353395  -0.999998 0.002237 -0.000025  0.142302 0.621957 1 0 1.000000
0  -1.195371 0.818406 -23.619146  -0.372686 0.468143 0.801216  0.143023 0.622382 1 0 1.000000
Material_0
0  -1.195371 0.818406 -23.619146  -0.372686 0.468143 0.801216  0.143023 0.622382 1 0 1.000000
0  -1.443980 0.562975 -23.353395  -0.999998 0.002237 -0.000025  0.142302 0.621957 1 0 1.000000
0  -1.196452 0.661769 -23.353395  -0.371029 0.928614 0.003739  0.144568 0.622170 1 0 1.000000
Material_0
0  -1.196452 0.661769 -23.353395  -0.371029 0.928614 0.003739  0.144568 0.622170 1 0 1.000000
0  -1.443980 0.562975 -23.353395  -0.999998 0.002237 -0.000025  0.142302 0.621957 1 0 1.000000
0  -1.195371 0.818406 -23.087648  -0.372766 0.471995 -0.798916  0.146216 0.624928 1 0 1.000000
Material_0
0  -1.443980 0.562975 -23.353395  -0.999998 0.002237 -0.000025  0.142302 0.621957 1 0 1.000000
0  -1.442436 0.778991 -22.998446  -0.999997 0.002223 0.000018  0.144465 0.625670 1 0 1.000000
0  -1.195371 0.818406 -23.087648  -0.372766 0.471995 -0.798916  0.146216 0.624928 1 0 1.000000
Material_0
0  -1.195371 0.818406 -23.087648  -0.372766 0.471995 -0.798916  0.146216 0.624928 1 0 1.000000
0  -1.442436 0.778991 -22.998446  -0.999997 0.002223 0.000018  0.144465 0.625670 1 0 1.000000
0  -1.187342 1.890810 -23.083933  -0.373060 -0.464285 -0.803284  0.146319 0.635218 1 0 1.000000
Material_0
0  -1.442436 0.778991 -22.998446  -0.999997 0.002223 0.000018  0.144465 0.625670 1 0 1.000000
0  -1.433943 1.929713 -22.994730  -0.999998 0.002127 -0.000021  0.144568 0.636809 1 0 1.000000
0  -1.187342 1.890810 -23.083933  -0.373060 -0.464285 -0.803284  0.146319 0.635218 1 0 1.000000
Material_0
0  -1.187342 1.890810 -23.083933  -0.373060 -0.464285 -0.803284  0.146319 0.635218 1 0 1.000000
0  -1.433943 1.929713 -22.994730  -0.999998 0.002127 -0.000021  0.144568 0.636809 1 0 1.000000
0  -1.432399 2.145730 -23.349680  -0.999998 0.002126 -0.000332  0.142405 0.637233 1 0 1.000000
Material_0
0  -1.433943 1.929713 -22.994730  -0.999998 0.002127 -0.000021  0.144568 0.636809 1 0 1.000000
0  -1.418038 3.437733 -21.008121  -0.999998 0.002191 0.000042  0.156826 0.660678 1 0 1.000000
0  -1.432399 2.145730 -23.349680  -0.999998 0.002126 -0.000332  0.142405 0.637233 1 0 1.000000
Material_0
0  -1.418038 3.437733 -21.008121  -0.999998 0.002191 0.000042  0.156826 0.660678 1 0 1.000000
0  -1.418039 3.437732 -27.426970  -0.999997 0.002201 -0.000023  0.117682 0.630550 1 0 1.000000
0  -1.432399 2.145730 -23.349680  -0.999998 0.002126 -0.000332  0.142405 0.637233 1 0 1.000000
Material_0
0  -1.432399 2.145730 -23.349680  -0.999998 0.002126 -0.000332  0.142405 0.637233 1 0 1.000000
0  -1.418039 3.437732 -27.426970  -0.999997 0.002201 -0.000023  0.117682 0.630550 1 0 1.000000
0  -1.433943 1.929713 -23.706490  -0.999998 0.002137 0.000009  0.140241 0.633520 1 0 1.000000
Material_0
0  -1.418039 3.437732 -27.426970  -0.999997 0.002201 -0.000023  0.117682 0.630550 1 0 1.000000
0  -1.453091 -0.182333 -26.336098  -0.999998 0.002181 0.000023  0.123966 0.600847 1 0 1.000000
0  -1.433943 1.929713 -23.706490  -0.999998 0.002137 0.000009  0.140241 0.633520 1 0 1.000000
Material_0
0  -1.433943 1.929713 -23.706490  -0.999998 0.002137 0.000009  0.140241 0.633520 1 0 1.000000
0  -1.453091 -0.182333 -26.336098  -0.999998 0.002181 0.000023  0.123966 0.600847 1 0 1.000000
0  -1.442436 0.778991 -23.708349  -0.999998 0.002184 0.000012  0.140138 0.622382 1 0 1.000000
Material_0
0  -1.442436 0.778991 -23.708349  -0.999998 0.002184 0.000012  0.140138 0.622382 1 0 1.000000
0  -1.453091 -0.182333 -26.336098  -0.999998 0.002181 0.000023  0.123966 0.600847 1 0 1.000000
0  -1.443980 0.562975 -23.353395  -0.999998 0.002237 -0.000025  0.142302 0.621957 1 0 1.000000
Material_0
0  -1.453091 -0.182333 -26.336098  -0.999998 0.002181 0.000023  0.123966 0.600847 1 0 1.000000
0  -1.453090 -0.181821 -22.098989  -0.999998 0.002157 -0.000012  0.149924 0.620578 1 0 1.000000
0  -1.443980 0.562975 -23.353395  -0.999998 0.002237 -0.000025  0.142302 0.621957 1 0 1.000000
Material_0
0  -1.443980 0.562975 -23.353395  -0.999998 0.002237 -0.000025  0.142302 0.621957 1 0 1.000000
0  -1.453090 -0.181821 -22.098989  -0.999998 0.002157 -0.000012  0.149924 0.620578 1 0 1.000000
0  -1.442436 0.778991 -22.998446  -0.999997 0.002223 0.000018  0.144465 0.625670 1 0 1.000000
Material_0
0  -1.442436 0.778991 -22.998446  -0.999997 0.002223 0.000018  0.144465 0.625670 1 0 1.000000
0  -1.453090 -0.181821 -22.098989  -0.999998 0.002157 -0.000012  0.149924 0.620578 1 0 1.000000
0  -1.433943 1.929713 -22.994730  -0.999998 0.002127 -0.000021  0.144568 0.636809 1 0 1.000000
Material_0
0  -1.453090 -0.181821 -22.098989  -0.999998 0.002157 -0.000012  0.149924 0.620578 1 0 1.000000
0  -1.418038 3.437733 -21.008121  -0.999998 0.002191 0.000042  0.156826 0.660678 1 0 1.000000
0  -1.433943 1.929713 -22.994730  -0.999998 0.002127 -0.000021  0.144568 0.636809 1 0 1.000000
Material_0
0  -1.453090 -0.181821 -22.098989  -0.999998 0.002157 -0.000012  0.149924 0.620578 1 0 1.000000
0  -1.453091 -0.182333 -26.336098  -0.999998 0.002181 0.000023  0.123966 0.600847 1 0 1.000000
0  -1.155995 -0.537582 -22.190050  -0.135609 -0.988316 0.069588  0.152087 0.615805 1 0 1.000000
Material_0
0  -1.453091 -0.182333 -26.336098  -0.999998 0.002181 0.000023  0.123966 0.600847 1 0 1.000000
0  -1.155996 -0.538095 -26.245037  -0.130103 -0.988972 -0.070770  0.127262 0.596922 1 0 1.000000
0  -1.155995 -0.537582 -22.190050  -0.135609 -0.988316 0.069588  0.152087 0.615805 1 0 1.000000
Material_0
0  -1.155995 -0.537582 -22.190050  -0.135609 -0.988316 0.069588  0.152087 0.615805 1 0 1.000000
0  -1.155996 -0.538095 -26.245037  -0.130103 -0.988972 -0.070770  0.127262 0.596922 1 0 1.000000
0  1.400041 -0.537582 -22.190050  0.135660 -0.988310 0.069565  0.175986 0.608061 1 0 1.000000
Material_0
0  1.400041 -0.537582 -22.190050  0.135660 -0.988310 0.069565  0.175986 0.608061 1 0 1.000000
0  -1.155996 -0.538095 -26.245037  -0.130103 -0.988972 -0.070770  0.127262 0.596922 1 0 1.000000
0  1.400040 -0.538094 -26.245037  0.130112 -0.988970 -0.070780  0.151160 0.589072 1 0 1.000000
Material_0
0  1.400040 -0.538094 -26.245037  0.130112 -0.988970 -0.070780  0.151160 0.589072 1 0 1.000000
0  -1.155996 -0.538095 -26.245037  -0.130103 -0.988972 -0.070770  0.127262 0.596922 1 0 1.000000
0  -1.152753 -0.194619 -26.741224  -0.000017 -0.282291 -0.959329  0.124275 0.597877 1 0 1.000000
Material_0
0  -1.155996 -0.538095 -26.245037  -0.130103 -0.988972 -0.070770  0.127262 0.596922 1 0 1.000000
0  -1.453091 -0.182333 -26.336098  -0.999998 0.002181 0.000023  0.123966 0.600847 1 0 1.000000
0  -1.152753 -0.194619 -26.741224  -0.000017 -0.282291 -0.959329  0.124275 0.597877 1 0 1.000000
Material_0
0  -1.152753 -0.194619 -26.741224  -0.000017 -0.282291 -0.959329  0.124275 0.597877 1 0 1.000000
0  -1.453091 -0.182333 -26.336098  -0.999998 0.002181 0.000023  0.123966 0.600847 1 0 1.000000
0  -1.418039 3.437732 -27.426970  -0.999997 0.002201 -0.000023  0.117682 0.630550 1 0 1.000000
Material_0
0  1.400041 -0.537582 -22.190050  0.135660 -0.988310 0.069565  0.175986 0.608061 1 0 1.000000
0  1.396644 -0.193594 -21.693865  -0.000025 -0.282320 0.959320  0.178973 0.613683 1 0 1.000000
0  -1.155995 -0.537582 -22.190050  -0.135609 -0.988316 0.069588  0.152087 0.615805 1 0 1.000000
Material_0
0  -1.155995 -0.537582 -22.190050  -0.135609 -0.988316 0.069588  0.152087 0.615805 1 0 1.000000
0  1.396644 -0.193594 -21.693865  -0.000025 -0.282320 0.959320  0.178973 0.613683 1 0 1.000000
0  -1.152752 -0.193594 -21.693865  0.000023 -0.282304 0.959325  0.155178 0.621533 1 0 1.000000
Material_0
0  1.396644 -0.193594 -21.693865  -0.000025 -0.282320 0.959320  0.178973 0.613683 1 0 1.000000
0  1.361437 3.437733 -20.614147  0.003735 -0.278140 0.960533  0.185257 0.653995 1 0 1.000000
0  -1.152752 -0.193594 -21.693865  0.000023 -0.282304 0.959325  0.155178 0.621533 1 0 1.000000
Material_0
0  1.361437 3.437733 -20.614147  0.003735 -0.278140 0.960533  0.185257 0.653995 1 0 1.000000
0  -1.117391 3.437733 -20.614147  0.003761 -0.278171 0.960524  0.162079 0.661526 1 0 1.000000
0  -1.152752 -0.193594 -21.693865  0.000023 -0.282304 0.959325  0.155178 0.621533 1 0 1.000000
Material_0
0  -1.152752 -0.193594 -21.693865  0.000023 -0.282304 0.959325  0.155178 0.621533 1 0 1.000000
0  -1.117391 3.437733 -20.614147  0.003761 -0.278171 0.960524  0.162079 0.661526 1 0 1.000000
0  -1.453090 -0.181821 -22.098989  -0.999998 0.002157 -0.000012  0.149924 0.620578 1 0 1.000000
Material_0
0  -1.117391 3.437733 -20.614147  0.003761 -0.278171 0.960524  0.162079 0.661526 1 0 1.000000
0  -1.418038 3.437733 -21.008121  -0.999998 0.002191 0.000042  0.156826 0.660678 1 0 1.000000
0  -1.453090 -0.181821 -22.098989  -0.999998 0.002157 -0.000012  0.149924 0.620578 1 0 1.000000
Material_0
0  -1.453090 -0.181821 -22.098989  -0.999998 0.002157 -0.000012  0.149924 0.620578 1 0 1.000000
0  -1.155995 -0.537582 -22.190050  -0.135609 -0.988316 0.069588  0.152087 0.615805 1 0 1.000000
0  -1.152752 -0.193594 -21.693865  0.000023 -0.282304 0.959325  0.155178 0.621533 1 0 1.000000
Material_0
0  1.361437 3.437733 -20.614147  0.003735 -0.278140 0.960533  0.185257 0.653995 1 0 1.000000
0  1.396644 -0.193594 -21.693865  -0.000025 -0.282320 0.959320  0.178973 0.613683 1 0 1.000000
0  1.697136 -0.181820 -22.098989  0.999998 0.002183 -0.000015  0.179282 0.611031 1 0 1.000000
Material_0
0  1.396644 -0.193594 -21.693865  -0.000025 -0.282320 0.959320  0.178973 0.613683 1 0 1.000000
0  1.400041 -0.537582 -22.190050  0.135660 -0.988310 0.069565  0.175986 0.608061 1 0 1.000000
0  1.697136 -0.181820 -22.098989  0.999998 0.002183 -0.000015  0.179282 0.611031 1 0 1.000000
Material_0
0  1.697136 -0.181820 -22.098989  0.999998 0.002183 -0.000015  0.179282 0.611031 1 0 1.000000
0  1.400041 -0.537582 -22.190050  0.135660 -0.988310 0.069565  0.175986 0.608061 1 0 1.000000
0  1.697135 -0.182333 -26.336098  0.999998 0.002191 -0.000004  0.153427 0.591193 1 0 1.000000
Material_0
0  1.400041 -0.537582 -22.190050  0.135660 -0.988310 0.069565  0.175986 0.608061 1 0 1.000000
0  1.400040 -0.538094 -26.245037  0.130112 -0.988970 -0.070780  0.151160 0.589072 1 0 1.000000
0  1.697135 -0.182333 -26.336098  0.999998 0.002191 -0.000004  0.153427 0.591193 1 0 1.000000
Material_0
0  1.697135 -0.182333 -26.336098  0.999998 0.002191 -0.000004  0.153427 0.591193 1 0 1.000000
0  1.400040 -0.538094 -26.245037  0.130112 -0.988970 -0.070780  0.151160 0.589072 1 0 1.000000
0  1.396643 -0.194618 -26.741224  0.000033 -0.282306 -0.959324  0.148173 0.590026 1 0 1.000000
Material_0
0  1.400040 -0.538094 -26.245037  0.130112 -0.988970 -0.070780  0.151160 0.589072 1 0 1.000000
0  -1.152753 -0.194619 -26.741224  -0.000017 -0.282291 -0.959329  0.124275 0.597877 1 0 1.000000
0  1.396643 -0.194618 -26.741224  0.000033 -0.282306 -0.959324  0.148173 0.590026 1 0 1.000000
Material_0
0  1.396643 -0.194618 -26.741224  0.000033 -0.282306 -0.959324  0.148173 0.590026 1 0 1.000000
0  -1.152753 -0.194619 -26.741224  -0.000017 -0.282291 -0.959329  0.124275 0.597877 1 0 1.000000
0  -1.117393 3.437732 -27.820946  -0.000034 -0.278154 -0.960536  0.117991 0.627898 1 0 1.000000
Material_0
0  -1.152753 -0.194619 -26.741224  -0.000017 -0.282291 -0.959329  0.124275 0.597877 1 0 1.000000
0  -1.418039 3.437732 -27.426970  -0.999997 0.002201 -0.000023  0.117682 0.630550 1 0 1.000000
0  -1.117393 3.437732 -27.820946  -0.000034 -0.278154 -0.960536  0.117991 0.627898 1 0 1.000000
Material_0
0  -1.117393 3.437732 -27.820946  -0.000034 -0.278154 -0.960536  0.117991 0.627898 1 0 1.000000
0  -1.418039 3.437732 -27.426970  -0.999997 0.002201 -0.000023  0.117682 0.630550 1 0 1.000000
0  -0.804239 4.154886 -27.426970  -0.277177 0.959929 -0.041340  0.123348 0.635642 1 0 1.000000
Material_0
0  -1.418039 3.437732 -27.426970  -0.999997 0.002201 -0.000023  0.117682 0.630550 1 0 1.000000
0  -1.418038 3.437733 -21.008121  -0.999998 0.002191 0.000042  0.156826 0.660678 1 0 1.000000
0  -0.804239 4.154886 -27.426970  -0.277177 0.959929 -0.041340  0.123348 0.635642 1 0 1.000000
Material_0
0  -0.804239 4.154886 -27.426970  -0.277177 0.959929 -0.041340  0.123348 0.635642 1 0 1.000000
0  -1.418038 3.437733 -21.008121  -0.999998 0.002191 0.000042  0.156826 0.660678 1 0 1.000000
0  -0.804237 4.154887 -21.008121  -0.273228 0.961144 0.039365  0.162595 0.665664 1 0 1.000000
Material_0
0  -1.418038 3.437733 -21.008121  -0.999998 0.002191 0.000042  0.156826 0.660678 1 0 1.000000
0  -1.117391 3.437733 -20.614147  0.003761 -0.278171 0.960524  0.162079 0.661526 1 0 1.000000
0  -0.804237 4.154887 -21.008121  -0.273228 0.961144 0.039365  0.162595 0.665664 1 0 1.000000
Material_0
0  -0.804237 4.154887 -21.008121  -0.273228 0.961144 0.039365  0.162595 0.665664 1 0 1.000000
0  -1.117391 3.437733 -20.614147  0.003761 -0.278171 0.960524  0.162079 0.661526 1 0 1.000000
0  -0.681014 3.798613 -20.614147  0.000013 0.002225 0.999998  0.166200 0.663754 1 0 1.000000
Material_0
0  -1.117391 3.437733 -20.614147  0.003761 -0.278171 0.960524  0.162079 0.661526 1 0 1.000000
0  0.924905 3.798614 -20.614147  0.000020 0.002218 0.999997  0.181239 0.658768 1 0 1.000000
0  -0.681014 3.798613 -20.614147  0.000013 0.002225 0.999998  0.166200 0.663754 1 0 1.000000
Material_0
0  -0.681014 3.798613 -20.614147  0.000013 0.002225 0.999998  0.166200 0.663754 1 0 1.000000
0  0.924905 3.798614 -20.614147  0.000020 0.002218 0.999997  0.181239 0.658768 1 0 1.000000
0  1.048128 4.154887 -21.008121  0.277194 0.959924 0.041346  0.179900 0.660041 1 0 1.000000
Material_0
0  0.924905 3.798614 -20.614147  0.000020 0.002218 0.999997  0.181239 0.658768 1 0 1.000000
0  1.361437 3.437733 -20.614147  0.003735 -0.278140 0.960533  0.185257 0.653995 1 0 1.000000
0  1.048128 4.154887 -21.008121  0.277194 0.959924 0.041346  0.179900 0.660041 1 0 1.000000
Material_0
0  1.048128 4.154887 -21.008121  0.277194 0.959924 0.041346  0.179900 0.660041 1 0 1.000000
0  1.361437 3.437733 -20.614147  0.003735 -0.278140 0.960533  0.185257 0.653995 1 0 1.000000
0  1.661929 3.437734 -21.008121  0.999998 0.002193 -0.000002  0.185669 0.651236 1 0 1.000000
Material_0
0  1.361437 3.437733 -20.614147  0.003735 -0.278140 0.960533  0.185257 0.653995 1 0 1.000000
0  1.697136 -0.181820 -22.098989  0.999998 0.002183 -0.000015  0.179282 0.611031 1 0 1.000000
0  1.661929 3.437734 -21.008121  0.999998 0.002193 -0.000002  0.185669 0.651236 1 0 1.000000
Material_0
0  1.661929 3.437734 -21.008121  0.999998 0.002193 -0.000002  0.185669 0.651236 1 0 1.000000
0  1.697136 -0.181820 -22.098989  0.999998 0.002183 -0.000015  0.179282 0.611031 1 0 1.000000
0  1.677988 1.929714 -22.994730  0.999998 0.002172 -0.000038  0.173720 0.627262 1 0 1.000000
Material_0
0  1.677988 1.929714 -22.994730  0.999998 0.002172 -0.000038  0.173720 0.627262 1 0 1.000000
0  1.697136 -0.181820 -22.098989  0.999998 0.002183 -0.000015  0.179282 0.611031 1 0 1.000000
0  1.686481 0.778992 -22.998446  0.999998 0.002170 -0.000049  0.173720 0.616123 1 0 1.000000
Material_0
0  1.686481 0.778992 -22.998446  0.999998 0.002170 -0.000049  0.173720 0.616123 1 0 1.000000
0  1.697136 -0.181820 -22.098989  0.999998 0.002183 -0.000015  0.179282 0.611031 1 0 1.000000
0  1.687871 0.562975 -23.353395  0.999998 0.002243 -0.000009  0.171556 0.612304 1 0 1.000000
Material_0
0  1.697136 -0.181820 -22.098989  0.999998 0.002183 -0.000015  0.179282 0.611031 1 0 1.000000
0  1.697135 -0.182333 -26.336098  0.999998 0.002191 -0.000004  0.153427 0.591193 1 0 1.000000
0  1.687871 0.562975 -23.353395  0.999998 0.002243 -0.000009  0.171556 0.612304 1 0 1.000000
Material_0
0  1.687871 0.562975 -23.353395  0.999998 0.002243 -0.000009  0.171556 0.612304 1 0 1.000000
0  1.697135 -0.182333 -26.336098  0.999998 0.002191 -0.000004  0.153427 0.591193 1 0 1.000000
0  1.686481 0.778992 -23.708349  0.999997 0.002217 0.000000  0.169393 0.612834 1 0 1.000000
Material_0
0  1.686481 0.778992 -23.708349  0.999997 0.002217 0.000000  0.169393 0.612834 1 0 1.000000
0  1.697135 -0.182333 -26.336098  0.999998 0.002191 -0.000004  0.153427 0.591193 1 0 1.000000
0  1.661928 3.437733 -27.426970  0.999997 0.002242 -0.000007  0.146422 0.621215 1 0 1.000000
Material_0
0  1.697135 -0.182333 -26.336098  0.999998 0.002191 -0.000004  0.153427 0.591193 1 0 1.000000
0  1.396643 -0.194618 -26.741224  0.000033 -0.282306 -0.959324  0.148173 0.590026 1 0 1.000000
0  1.661928 3.437733 -27.426970  0.999997 0.002242 -0.000007  0.146422 0.621215 1 0 1.000000
Material_0
0  1.661928 3.437733 -27.426970  0.999997 0.002242 -0.000007  0.146422 0.621215 1 0 1.000000
0  1.396643 -0.194618 -26.741224  0.000033 -0.282306 -0.959324  0.148173 0.590026 1 0 1.000000
0  1.361436 3.437732 -27.820946  -0.000008 -0.278161 -0.960535  0.141168 0.620260 1 0 1.000000
Material_0
0  1.396643 -0.194618 -26.741224  0.000033 -0.282306 -0.959324  0.148173 0.590026 1 0 1.000000
0  -1.117393 3.437732 -27.820946  -0.000034 -0.278154 -0.960536  0.117991 0.627898 1 0 1.000000
0  1.361436 3.437732 -27.820946  -0.000008 -0.278161 -0.960535  0.141168 0.620260 1 0 1.000000
Material_0
0  1.361437 3.437733 -20.614147  0.003735 -0.278140 0.960533  0.185257 0.653995 1 0 1.000000
0  0.924905 3.798614 -20.614147  0.000020 0.002218 0.999997  0.181239 0.658768 1 0 1.000000
0  -1.117391 3.437733 -20.614147  0.003761 -0.278171 0.960524  0.162079 0.661526 1 0 1.000000
Material_0
0  -0.681014 3.798613 -20.614147  0.000013 0.002225 0.999998  0.166200 0.663754 1 0 1.000000
0  1.048128 4.154887 -21.008121  0.277194 0.959924 0.041346  0.179900 0.660041 1 0 1.000000
0  -0.804237 4.154887 -21.008121  -0.273228 0.961144 0.039365  0.162595 0.665664 1 0 1.000000
Material_0
0  -0.804237 4.154887 -21.008121  -0.273228 0.961144 0.039365  0.162595 0.665664 1 0 1.000000
0  1.048128 4.154887 -21.008121  0.277194 0.959924 0.041346  0.179900 0.660041 1 0 1.000000
0  -0.804239 4.154886 -27.426970  -0.277177 0.959929 -0.041340  0.123348 0.635642 1 0 1.000000
Material_0
0  1.048128 4.154887 -21.008121  0.277194 0.959924 0.041346  0.179900 0.660041 1 0 1.000000
0  1.048281 4.154886 -27.426970  0.272670 0.961144 -0.043059  0.140653 0.630020 1 0 1.000000
0  -0.804239 4.154886 -27.426970  -0.277177 0.959929 -0.041340  0.123348 0.635642 1 0 1.000000
Material_0
0  -0.804239 4.154886 -27.426970  -0.277177 0.959929 -0.041340  0.123348 0.635642 1 0 1.000000
0  1.048281 4.154886 -27.426970  0.272670 0.961144 -0.043059  0.140653 0.630020 1 0 1.000000
0  0.924904 3.798613 -27.820946  0.000035 0.002158 -0.999998  0.137151 0.625140 1 0 1.000000
Material_0
0  1.048281 4.154886 -27.426970  0.272670 0.961144 -0.043059  0.140653 0.630020 1 0 1.000000
0  1.361436 3.437732 -27.820946  -0.000008 -0.278161 -0.960535  0.141168 0.620260 1 0 1.000000
0  0.924904 3.798613 -27.820946  0.000035 0.002158 -0.999998  0.137151 0.625140 1 0 1.000000
Material_0
0  1.361436 3.437732 -27.820946  -0.000008 -0.278161 -0.960535  0.141168 0.620260 1 0 1.000000
0  -1.117393 3.437732 -27.820946  -0.000034 -0.278154 -0.960536  0.117991 0.627898 1 0 1.000000
0  0.924904 3.798613 -27.820946  0.000035 0.002158 -0.999998  0.137151 0.625140 1 0 1.000000
Material_0
0  0.924904 3.798613 -27.820946  0.000035 0.002158 -0.999998  0.137151 0.625140 1 0 1.000000
0  -1.117393 3.437732 -27.820946  -0.000034 -0.278154 -0.960536  0.117991 0.627898 1 0 1.000000
0  -0.681015 3.798612 -27.820946  0.000035 0.002199 -0.999998  0.122112 0.630020 1 0 1.000000
Material_0
0  -1.117393 3.437732 -27.820946  -0.000034 -0.278154 -0.960536  0.117991 0.627898 1 0 1.000000
0  -0.804239 4.154886 -27.426970  -0.277177 0.959929 -0.041340  0.123348 0.635642 1 0 1.000000
0  -0.681015 3.798612 -27.820946  0.000035 0.002199 -0.999998  0.122112 0.630020 1 0 1.000000
Material_0
0  -0.681015 3.798612 -27.820946  0.000035 0.002199 -0.999998  0.122112 0.630020 1 0 1.000000
0  -0.804239 4.154886 -27.426970  -0.277177 0.959929 -0.041340  0.123348 0.635642 1 0 1.000000
0  0.924904 3.798613 -27.820946  0.000035 0.002158 -0.999998  0.137151 0.625140 1 0 1.000000
Material_0
0  1.048128 4.154887 -21.008121  0.277194 0.959924 0.041346  0.179900 0.660041 1 0 1.000000
0  1.661929 3.437734 -21.008121  0.999998 0.002193 -0.000002  0.185669 0.651236 1 0 1.000000
0  1.048281 4.154886 -27.426970  0.272670 0.961144 -0.043059  0.140653 0.630020 1 0 1.000000
Material_0
0  1.048281 4.154886 -27.426970  0.272670 0.961144 -0.043059  0.140653 0.630020 1 0 1.000000
0  1.661929 3.437734 -21.008121  0.999998 0.002193 -0.000002  0.185669 0.651236 1 0 1.000000
0  1.661928 3.437733 -27.426970  0.999997 0.002242 -0.000007  0.146422 0.621215 1 0 1.000000
Material_0
0  1.661929 3.437734 -21.008121  0.999998 0.002193 -0.000002  0.185669 0.651236 1 0 1.000000
0  1.676444 2.145730 -23.349680  0.999998 0.002130 -0.000017  0.171453 0.627686 1 0 1.000000
0  1.661928 3.437733 -27.426970  0.999997 0.002242 -0.000007  0.146422 0.621215 1 0 1.000000
Material_0
0  1.661928 3.437733 -27.426970  0.999997 0.002242 -0.000007  0.146422 0.621215 1 0 1.000000
0  1.676444 2.145730 -23.349680  0.999998 0.002130 -0.000017  0.171453 0.627686 1 0 1.000000
0  1.677988 1.929714 -23.706490  0.999998 0.002141 -0.000023  0.169290 0.623973 1 0 1.000000
Material_0
0  1.677988 1.929714 -23.706490  0.999998 0.002141 -0.000023  0.169290 0.623973 1 0 1.000000
0  1.676444 2.145730 -23.349680  0.999998 0.002130 -0.000017  0.171453 0.627686 1 0 1.000000
0  1.431387 1.890298 -23.617287  0.368014 -0.240204 0.898258  0.167539 0.624716 1 0 1.000000
Material_0
0  1.431387 1.890298 -23.617287  0.368014 -0.240204 0.898258  0.167539 0.624716 1 0 1.000000
0  1.676444 2.145730 -23.349680  0.999998 0.002130 -0.000017  0.171453 0.627686 1 0 1.000000
0  1.430306 2.047448 -23.349680  0.370244 -0.926985 -0.060153  0.169187 0.627474 1 0 1.000000
Material_0
0  1.676444 2.145730 -23.349680  0.999998 0.002130 -0.000017  0.171453 0.627686 1 0 1.000000
0  1.677988 1.929714 -22.994730  0.999998 0.002172 -0.000038  0.173720 0.627262 1 0 1.000000
0  1.430306 2.047448 -23.349680  0.370244 -0.926985 -0.060153  0.169187 0.627474 1 0 1.000000
Material_0
0  1.430306 2.047448 -23.349680  0.370244 -0.926985 -0.060153  0.169187 0.627474 1 0 1.000000
0  1.677988 1.929714 -22.994730  0.999998 0.002172 -0.000038  0.173720 0.627262 1 0 1.000000
0  1.431387 1.890810 -23.083933  0.361455 -0.193279 -0.912137  0.170835 0.627262 1 0 1.000000
Material_0
0  1.677988 1.929714 -22.994730  0.999998 0.002172 -0.000038  0.173720 0.627262 1 0 1.000000
0  1.686481 0.778992 -22.998446  0.999998 0.002170 -0.000049  0.173720 0.616123 1 0 1.000000
0  1.431387 1.890810 -23.083933  0.361455 -0.193279 -0.912137  0.170835 0.627262 1 0 1.000000
Material_0
0  1.431387 1.890810 -23.083933  0.361455 -0.193279 -0.912137  0.170835 0.627262 1 0 1.000000
0  1.686481 0.778992 -22.998446  0.999998 0.002170 -0.000049  0.173720 0.616123 1 0 1.000000
0  1.439417 0.818407 -23.087648  0.367997 0.240190 -0.898269  0.170835 0.616865 1 0 1.000000
Material_0
0  1.686481 0.778992 -22.998446  0.999998 0.002170 -0.000049  0.173720 0.616123 1 0 1.000000
0  1.687871 0.562975 -23.353395  0.999998 0.002243 -0.000009  0.171556 0.612304 1 0 1.000000
0  1.439417 0.818407 -23.087648  0.367997 0.240190 -0.898269  0.170835 0.616865 1 0 1.000000
Material_0
0  1.439417 0.818407 -23.087648  0.367997 0.240190 -0.898269  0.170835 0.616865 1 0 1.000000
0  1.687871 0.562975 -23.353395  0.999998 0.002243 -0.000009  0.171556 0.612304 1 0 1.000000
0  1.440498 0.661770 -23.353395  0.366768 0.928615 0.056169  0.169290 0.614107 1 0 1.000000
Material_0
0  1.687871 0.562975 -23.353395  0.999998 0.002243 -0.000009  0.171556 0.612304 1 0 1.000000
0  1.686481 0.778992 -23.708349  0.999997 0.002217 0.000000  0.169393 0.612834 1 0 1.000000
0  1.440498 0.661770 -23.353395  0.366768 0.928615 0.056169  0.169290 0.614107 1 0 1.000000
Material_0
0  1.440498 0.661770 -23.353395  0.366768 0.928615 0.056169  0.169290 0.614107 1 0 1.000000
0  1.686481 0.778992 -23.708349  0.999997 0.002217 0.000000  0.169393 0.612834 1 0 1.000000
0  1.439416 0.818407 -23.619146  0.364549 0.193301 0.910900  0.167642 0.614319 1 0 1.000000
Material_0
0  1.686481 0.778992 -23.708349  0.999997 0.002217 0.000000  0.169393 0.612834 1 0 1.000000
0  1.677988 1.929714 -23.706490  0.999998 0.002141 -0.000023  0.169290 0.623973 1 0 1.000000
0  1.439416 0.818407 -23.619146  0.364549 0.193301 0.910900  0.167642 0.614319 1 0 1.000000
Material_0
0  1.439416 0.818407 -23.619146  0.364549 0.193301 0.910900  0.167642 0.614319 1 0 1.000000
0  1.677988 1.929714 -23.706490  0.999998 0.002141 -0.000023  0.169290 0.623973 1 0 1.000000
0  1.431387 1.890298 -23.617287  0.368014 -0.240204 0.898258  0.167539 0.624716 1 0 1.000000
Material_0
0  1.661928 3.437733 -27.426970  0.999997 0.002242 -0.000007  0.146422 0.621215 1 0 1.000000
0  1.361436 3.437732 -27.820946  -0.000008 -0.278161 -0.960535  0.141168 0.620260 1 0 1.000000
0  1.048281 4.154886 -27.426970  0.272670 0.961144 -0.043059  0.140653 0.630020 1 0 1.000000
Material_0
0  1.661929 3.437734 -21.008121  0.999998 0.002193 -0.000002  0.185669 0.651236 1 0 1.000000
0  1.677988 1.929714 -22.994730  0.999998 0.002172 -0.000038  0.173720 0.627262 1 0 1.000000
0  1.676444 2.145730 -23.349680  0.999998 0.002130 -0.000017  0.171453 0.627686 1 0 1.000000
Material_0
0  1.677988 1.929714 -23.706490  0.999998 0.002141 -0.000023  0.169290 0.623973 1 0 1.000000
0  1.686481 0.778992 -23.708349  0.999997 0.002217 0.000000  0.169393 0.612834 1 0 1.000000
0  1.661928 3.437733 -27.426970  0.999997 0.002242 -0.000007  0.146422 0.621215 1 0 1.000000
Material_0
0  -1.035243 -2.024103 -27.947313  -0.999998 -0.002152 0.000026  0.821859 0.105333 1 0 1.000000
0  -1.035243 -4.080354 -27.947311  -0.999998 0.002115 0.000039  0.821859 0.104803 1 0 1.000000
0  -1.019800 -4.098269 -22.197483  -0.999998 0.002171 0.000048  0.822786 0.105545 1 0 1.000000
Material_0
0  -1.035243 -4.080354 -27.947311  -0.999998 0.002115 0.000039  0.821859 0.104803 1 0 1.000000
0  -0.642410 -4.534397 -27.947311  -0.000046 -1.000000 -0.000004  0.821962 0.104697 1 0 1.000000
0  -1.019800 -4.098269 -22.197483  -0.999998 0.002171 0.000048  0.822786 0.105545 1 0 1.000000
Material_0
0  -1.019800 -4.098269 -22.197483  -0.999998 0.002171 0.000048  0.822786 0.105545 1 0 1.000000
0  -0.642410 -4.534397 -27.947311  -0.000046 -1.000000 -0.000004  0.821962 0.104697 1 0 1.000000
0  -0.642409 -4.534396 -22.130581  -0.000035 -0.998131 0.061107  0.822889 0.105439 1 0 1.000000
Material_0
0  -0.642409 -4.534396 -22.130581  -0.000035 -0.998131 0.061107  0.822889 0.105439 1 0 1.000000
0  -0.642410 -4.534397 -27.947311  -0.000046 -1.000000 -0.000004  0.821962 0.104697 1 0 1.000000
0  0.886456 -4.534396 -22.130581  -0.000007 -0.998128 0.061158  0.823198 0.105333 1 0 1.000000
Material_0
0  -0.642410 -4.534397 -27.947311  -0.000046 -1.000000 -0.000004  0.821962 0.104697 1 0 1.000000
0  0.886455 -4.534397 -27.947311  0.000004 -1.000000 -0.000169  0.822374 0.104591 1 0 1.000000
0  0.886456 -4.534396 -22.130581  -0.000007 -0.998128 0.061158  0.823198 0.105333 1 0 1.000000
Material_0
0  0.886456 -4.534396 -22.130581  -0.000007 -0.998128 0.061158  0.823198 0.105333 1 0 1.000000
0  0.886455 -4.534397 -27.947311  0.000004 -1.000000 -0.000169  0.822374 0.104591 1 0 1.000000
0  1.263847 -4.098268 -22.197483  0.999998 0.002184 0.000017  0.823301 0.105333 1 0 1.000000
Material_0
0  0.886455 -4.534397 -27.947311  0.000004 -1.000000 -0.000169  0.822374 0.104591 1 0 1.000000
0  1.279133 -4.080353 -27.947311  0.999997 0.002090 0.001501  0.822374 0.104697 1 0 1.000000
0  1.263847 -4.098268 -22.197483  0.999998 0.002184 0.000017  0.823301 0.105333 1 0 1.000000
Material_0
0  1.279133 -4.080353 -27.947311  0.999997 0.002090 0.001501  0.822374 0.104697 1 0 1.000000
0  1.279133 -2.024102 -27.947313  0.999998 0.002178 0.000002  0.822374 0.105227 1 0 1.000000
0  1.263847 -4.098268 -22.197483  0.999998 0.002184 0.000017  0.823301 0.105333 1 0 1.000000
Material_0
0  1.279133 -2.024102 -27.947313  0.999998 0.002178 0.000002  0.822374 0.105227 1 0 1.000000
0  1.279134 -2.024102 -22.195627  0.999998 0.002199 0.000070  0.823301 0.105864 1 0 1.000000
0  1.263847 -4.098268 -22.197483  0.999998 0.002184 0.000017  0.823301 0.105333 1 0 1.000000
Material_0
0  1.279134 -2.024102 -22.195627  0.999998 0.002199 0.000070  0.823301 0.105864 1 0 1.000000
0  0.886456 -4.168908 -21.779346  -0.000032 -0.124244 0.992252  0.823198 0.105439 1 0 1.000000
0  1.263847 -4.098268 -22.197483  0.999998 0.002184 0.000017  0.823301 0.105333 1 0 1.000000
Material_0
0  1.263847 -4.098268 -22.197483  0.999998 0.002184 0.000017  0.823301 0.105333 1 0 1.000000
0  0.886456 -4.168908 -21.779346  -0.000032 -0.124244 0.992252  0.823198 0.105439 1 0 1.000000
0  0.886456 -4.534396 -22.130581  -0.000007 -0.998128 0.061158  0.823198 0.105333 1 0 1.000000
Material_0
0  0.886456 -4.534396 -22.130581  -0.000007 -0.998128 0.061158  0.823198 0.105333 1 0 1.000000
0  0.886456 -4.168908 -21.779346  -0.000032 -0.124244 0.992252  0.823198 0.105439 1 0 1.000000
0  -0.642409 -4.534396 -22.130581  -0.000035 -0.998131 0.061107  0.822889 0.105439 1 0 1.000000
Material_0
0  0.886456 -4.168908 -21.779346  -0.000032 -0.124244 0.992252  0.823198 0.105439 1 0 1.000000
0  -0.642409 -4.168908 -21.779346  0.000020 -0.124259 0.992250  0.822889 0.105545 1 0 1.000000
0  -0.642409 -4.534396 -22.130581  -0.000035 -0.998131 0.061107  0.822889 0.105439 1 0 1.000000
Material_0
0  -0.642409 -4.534396 -22.130581  -0.000035 -0.998131 0.061107  0.822889 0.105439 1 0 1.000000
0  -0.642409 -4.168908 -21.779346  0.000020 -0.124259 0.992250  0.822889 0.105545 1 0 1.000000
0  -1.019800 -4.098269 -22.197483  -0.999998 0.002171 0.000048  0.822786 0.105545 1 0 1.000000
Material_0
0  -0.642409 -4.168908 -21.779346  0.000020 -0.124259 0.992250  0.822889 0.105545 1 0 1.000000
0  -1.035242 -2.024103 -22.195627  -0.999998 0.002164 0.000081  0.822786 0.106076 1 0 1.000000
0  -1.019800 -4.098269 -22.197483  -0.999998 0.002171 0.000048  0.822786 0.105545 1 0 1.000000
Material_0
0  -1.019800 -4.098269 -22.197483  -0.999998 0.002171 0.000048  0.822786 0.105545 1 0 1.000000
0  -1.035242 -2.024103 -22.195627  -0.999998 0.002164 0.000081  0.822786 0.106076 1 0 1.000000
0  -1.035243 -2.024103 -27.947313  -0.999998 -0.002152 0.000026  0.821859 0.105333 1 0 1.000000
Material_0
0  -1.035242 -2.024103 -22.195627  -0.999998 0.002164 0.000081  0.822786 0.106076 1 0 1.000000
0  -0.642409 -4.168908 -21.779346  0.000020 -0.124259 0.992250  0.822889 0.105545 1 0 1.000000
0  -0.642409 -1.846477 -21.779348  0.003691 -0.440935 0.897532  0.822889 0.106182 1 0 1.000000
Material_0
0  -0.642409 -4.168908 -21.779346  0.000020 -0.124259 0.992250  0.822889 0.105545 1 0 1.000000
0  0.886456 -4.168908 -21.779346  -0.000032 -0.124244 0.992252  0.823198 0.105439 1 0 1.000000
0  -0.642409 -1.846477 -21.779348  0.003691 -0.440935 0.897532  0.822889 0.106182 1 0 1.000000
Material_0
0  -0.642409 -1.846477 -21.779348  0.003691 -0.440935 0.897532  0.822889 0.106182 1 0 1.000000
0  0.886456 -4.168908 -21.779346  -0.000032 -0.124244 0.992252  0.823198 0.105439 1 0 1.000000
0  0.886456 -1.846477 -21.779348  0.003834 -0.440887 0.897554  0.823198 0.106076 1 0 1.000000
Material_0
0  0.886456 -4.168908 -21.779346  -0.000032 -0.124244 0.992252  0.823198 0.105439 1 0 1.000000
0  1.279134 -2.024102 -22.195627  0.999998 0.002199 0.000070  0.823301 0.105864 1 0 1.000000
0  0.886456 -1.846477 -21.779348  0.003834 -0.440887 0.897554  0.823198 0.106076 1 0 1.000000
Material_0
0  0.886456 -1.846477 -21.779348  0.003834 -0.440887 0.897554  0.823198 0.106076 1 0 1.000000
0  1.279134 -2.024102 -22.195627  0.999998 0.002199 0.000070  0.823301 0.105864 1 0 1.000000
0  1.279134 -1.392945 -21.779348  0.999998 0.002145 0.000020  0.823301 0.106076 1 0 1.000000
Material_0
0  1.279134 -2.024102 -22.195627  0.999998 0.002199 0.000070  0.823301 0.105864 1 0 1.000000
0  1.279133 -2.024102 -27.947313  0.999998 0.002178 0.000002  0.822374 0.105227 1 0 1.000000
0  1.279134 -1.392945 -21.779348  0.999998 0.002145 0.000020  0.823301 0.106076 1 0 1.000000
Material_0
0  1.279133 -2.024102 -27.947313  0.999998 0.002178 0.000002  0.822374 0.105227 1 0 1.000000
0  1.279132 2.327961 -27.947313  0.999997 0.002260 0.000001  0.822374 0.106288 1 0 1.000000
0  1.279134 -1.392945 -21.779348  0.999998 0.002145 0.000020  0.823301 0.106076 1 0 1.000000
Material_0
0  1.279134 -1.392945 -21.779348  0.999998 0.002145 0.000020  0.823301 0.106076 1 0 1.000000
0  1.279132 2.327961 -27.947313  0.999997 0.002260 0.000001  0.822374 0.106288 1 0 1.000000
0  1.279133 2.327962 -23.225168  0.999997 0.002285 0.000002  0.823095 0.106924 1 0 1.000000
Material_0
0  1.279133 2.327962 -23.225168  0.999997 0.002285 0.000002  0.823095 0.106924 1 0 1.000000
0  1.279132 2.327961 -27.947313  0.999997 0.002260 0.000001  0.822374 0.106288 1 0 1.000000
0  0.886455 2.781494 -23.225170  -0.000040 1.000000 -0.000000  0.822992 0.107031 1 0 1.000000
Material_0
0  1.279132 2.327961 -27.947313  0.999997 0.002260 0.000001  0.822374 0.106288 1 0 1.000000
0  0.886454 2.781493 -27.947315  -0.000094 1.000000 0.000035  0.822374 0.106500 1 0 1.000000
0  0.886455 2.781494 -23.225170  -0.000040 1.000000 -0.000000  0.822992 0.107031 1 0 1.000000
Material_0
0  0.886455 2.781494 -23.225170  -0.000000 1.000000 -0.000000  0.822992 0.107031 1 0 1.000000
0  0.886454 2.781493 -27.947315  -0.000000 1.000000 -0.000000  0.822374 0.106500 1 0 1.000000
0  -0.642410 2.781493 -23.225170  -0.000000 1.000000 -0.000000  0.822683 0.107137 1 0 1.000000
Material_0
0  0.886454 2.781493 -27.947315  -0.000000 1.000000 -0.000000  0.822374 0.106500 1 0 1.000000
0  -0.642411 2.781493 -27.947315  -0.000000 1.000000 -0.000000  0.821962 0.106606 1 0 1.000000
0  -0.642410 2.781493 -23.225170  -0.000000 1.000000 -0.000000  0.822683 0.107137 1 0 1.000000
Material_0
0  -0.642411 2.781493 -27.947315  0.000096 1.000000 0.000035  0.821962 0.106606 1 0 1.000000
0  -1.035244 2.327961 -27.947313  -0.999997 0.002293 0.000000  0.821859 0.106500 1 0 1.000000
0  -0.642410 2.781493 -23.225170  -0.000005 1.000000 -0.000000  0.822683 0.107137 1 0 1.000000
Material_0
0  -0.642410 2.781493 -23.225170  -0.000005 1.000000 -0.000000  0.822683 0.107137 1 0 1.000000
0  -1.035244 2.327961 -27.947313  -0.999997 0.002293 0.000000  0.821859 0.106500 1 0 1.000000
0  -1.035243 2.327961 -23.225168  -0.999997 0.002268 0.000035  0.822580 0.107031 1 0 1.000000
Material_0
0  -1.035244 2.327961 -27.947313  -0.999997 0.002293 0.000000  0.821859 0.106500 1 0 1.000000
0  -1.035242 -1.392945 -21.779348  -0.999998 0.002146 -0.000014  0.822786 0.106288 1 0 1.000000
0  -1.035243 2.327961 -23.225168  -0.999997 0.002268 0.000035  0.822580 0.107031 1 0 1.000000
Material_0
0  -1.035243 2.327961 -23.225168  -0.999997 0.002268 0.000035  0.822580 0.107031 1 0 1.000000
0  -1.035242 -1.392945 -21.779348  -0.999998 0.002146 -0.000014  0.822786 0.106288 1 0 1.000000
0  -1.035242 0.733946 -19.580885  -0.999998 0.002114 0.000058  0.823095 0.107137 1 0 1.000000
Material_0
0  -1.035242 -1.392945 -21.779348  -0.999998 0.002146 -0.000014  0.822786 0.106288 1 0 1.000000
0  -0.642409 0.299353 -19.580885  -0.000019 -0.835833 0.548984  0.823198 0.107031 1 0 1.000000
0  -1.035242 0.733946 -19.580885  -0.999998 0.002114 0.000058  0.823095 0.107137 1 0 1.000000
Material_0
0  -0.642409 0.299353 -19.580885  -0.000019 -0.835833 0.548984  0.823198 0.107031 1 0 1.000000
0  -1.035242 0.734970 -18.497450  -0.999998 0.002158 0.000011  0.823301 0.107243 1 0 1.000000
0  -1.035242 0.733946 -19.580885  -0.999998 0.002114 0.000058  0.823095 0.107137 1 0 1.000000
Material_0
0  -1.035242 0.733946 -19.580885  -0.999998 0.002114 0.000058  0.823095 0.107137 1 0 1.000000
0  -1.035242 0.734970 -18.497450  -0.999998 0.002158 0.000011  0.823301 0.107243 1 0 1.000000
0  -1.035242 2.327962 -19.580885  -0.999997 0.002259 -0.000065  0.823095 0.107561 1 0 1.000000
Material_0
0  -1.035242 0.734970 -18.497450  -0.999998 0.002158 0.000011  0.823301 0.107243 1 0 1.000000
0  -1.035242 3.341499 -18.465858  -0.999998 0.002173 0.000032  0.823301 0.107985 1 0 1.000000
0  -1.035242 2.327962 -19.580885  -0.999997 0.002259 -0.000065  0.823095 0.107561 1 0 1.000000
Material_0
0  -1.035242 3.341499 -18.465858  -0.999998 0.002173 0.000032  0.823301 0.107985 1 0 1.000000
0  -0.642410 2.781494 -19.580887  -0.000010 0.978091 -0.208179  0.823198 0.107667 1 0 1.000000
0  -1.035242 2.327962 -19.580885  -0.999997 0.002259 -0.000065  0.823095 0.107561 1 0 1.000000
Material_0
0  -1.035242 2.327962 -19.580885  -0.999997 0.002259 -0.000065  0.823095 0.107561 1 0 1.000000
0  -0.642410 2.781494 -19.580887  -0.000010 0.978091 -0.208179  0.823198 0.107667 1 0 1.000000
0  -1.035243 2.327961 -23.225168  -0.999997 0.002268 0.000035  0.822580 0.107031 1 0 1.000000
Material_0
0  -1.035243 2.327961 -23.225168  -0.999997 0.002268 0.000035  0.822580 0.107031 1 0 1.000000
0  -0.642410 2.781494 -19.580887  -0.000010 0.978091 -0.208179  0.823198 0.107667 1 0 1.000000
0  -0.642410 2.781493 -23.225170  -0.000005 1.000000 -0.000000  0.822683 0.107137 1 0 1.000000
Material_0
0  -0.642410 2.781493 -23.225170  -0.000005 1.000000 -0.000000  0.822683 0.107137 1 0 1.000000
0  -0.642410 2.781494 -19.580887  -0.000010 0.978091 -0.208179  0.823198 0.107667 1 0 1.000000
0  0.886455 2.781494 -23.225170  -0.000040 1.000000 -0.000000  0.822992 0.107031 1 0 1.000000
Material_0
0  -0.642410 2.781494 -19.580887  -0.000010 0.978091 -0.208179  0.823198 0.107667 1 0 1.000000
0  0.886456 2.781494 -19.580887  0.000011 0.978085 -0.208208  0.823610 0.107455 1 0 1.000000
0  0.886455 2.781494 -23.225170  -0.000040 1.000000 -0.000000  0.822992 0.107031 1 0 1.000000
Material_0
0  0.886455 2.781494 -23.225170  -0.000040 1.000000 -0.000000  0.822992 0.107031 1 0 1.000000
0  0.886456 2.781494 -19.580887  0.000011 0.978085 -0.208208  0.823610 0.107455 1 0 1.000000
0  1.279133 2.327962 -23.225168  0.999997 0.002285 0.000002  0.823095 0.106924 1 0 1.000000
Material_0
0  0.886456 2.781494 -19.580887  0.000011 0.978085 -0.208208  0.823610 0.107455 1 0 1.000000
0  1.279134 2.327962 -19.580885  0.999997 0.002259 -0.000007  0.823713 0.107349 1 0 1.000000
0  1.279133 2.327962 -23.225168  0.999997 0.002285 0.000002  0.823095 0.106924 1 0 1.000000
Material_0
0  1.279134 2.327962 -19.580885  0.999997 0.002259 -0.000007  0.823713 0.107349 1 0 1.000000
0  1.279134 0.733946 -19.580885  0.999998 0.002084 0.000069  0.823713 0.106924 1 0 1.000000
0  1.279133 2.327962 -23.225168  0.999997 0.002285 0.000002  0.823095 0.106924 1 0 1.000000
Material_0
0  1.279133 2.327962 -23.225168  0.999997 0.002285 0.000002  0.823095 0.106924 1 0 1.000000
0  1.279134 0.733946 -19.580885  0.999998 0.002084 0.000069  0.823713 0.106924 1 0 1.000000
0  1.279134 -1.392945 -21.779348  0.999998 0.002145 0.000020  0.823301 0.106076 1 0 1.000000
Material_0
0  1.279134 0.733946 -19.580885  0.999998 0.002084 0.000069  0.823713 0.106924 1 0 1.000000
0  0.886456 0.299354 -19.580885  -0.000004 -0.835847 0.548963  0.823610 0.106818 1 0 1.000000
0  1.279134 -1.392945 -21.779348  0.999998 0.002145 0.000020  0.823301 0.106076 1 0 1.000000
Material_0
0  1.279134 -1.392945 -21.779348  0.999998 0.002145 0.000020  0.823301 0.106076 1 0 1.000000
0  0.886456 0.299354 -19.580885  -0.000004 -0.835847 0.548963  0.823610 0.106818 1 0 1.000000
0  0.886456 -1.846477 -21.779348  0.003834 -0.440887 0.897554  0.823198 0.106076 1 0 1.000000
Material_0
0  0.886456 -1.846477 -21.779348  0.003834 -0.440887 0.897554  0.823198 0.106076 1 0 1.000000
0  0.886456 0.299354 -19.580885  -0.000004 -0.835847 0.548963  0.823610 0.106818 1 0 1.000000
0  -0.642409 -1.846477 -21.779348  0.003691 -0.440935 0.897532  0.822889 0.106182 1 0 1.000000
Material_0
0  0.886456 0.299354 -19.580885  -0.000004 -0.835847 0.548963  0.823610 0.106818 1 0 1.000000
0  -0.642409 0.299353 -19.580885  -0.000019 -0.835833 0.548984  0.823198 0.107031 1 0 1.000000
0  -0.642409 -1.846477 -21.779348  0.003691 -0.440935 0.897532  0.822889 0.106182 1 0 1.000000
Material_0
0  -0.642409 0.299353 -19.580885  -0.000019 -0.835833 0.548984  0.823198 0.107031 1 0 1.000000
0  -1.035242 -1.392945 -21.779348  -0.999998 0.002146 -0.000014  0.822786 0.106288 1 0 1.000000
0  -0.642409 -1.846477 -21.779348  0.003691 -0.440935 0.897532  0.822889 0.106182 1 0 1.000000
Material_0
0  -0.642409 -1.846477 -21.779348  0.003691 -0.440935 0.897532  0.822889 0.106182 1 0 1.000000
0  -1.035242 -1.392945 -21.779348  -0.999998 0.002146 -0.000014  0.822786 0.106288 1 0 1.000000
0  -1.035242 -2.024103 -22.195627  -0.999998 0.002164 0.000081  0.822786 0.106076 1 0 1.000000
Material_0
0  -1.035242 -2.024103 -22.195627  -0.999998 0.002164 0.000081  0.822786 0.106076 1 0 1.000000
0  -1.035242 -1.392945 -21.779348  -0.999998 0.002146 -0.000014  0.822786 0.106288 1 0 1.000000
0  -1.035243 -2.024103 -27.947313  -0.999998 -0.002152 0.000026  0.821859 0.105333 1 0 1.000000
Material_0
0  -1.035242 -1.392945 -21.779348  -0.999998 0.002146 -0.000014  0.822786 0.106288 1 0 1.000000
0  -1.035244 2.327961 -27.947313  -0.999997 0.002293 0.000000  0.821859 0.106500 1 0 1.000000
0  -1.035243 -2.024103 -27.947313  -0.999998 -0.002152 0.000026  0.821859 0.105333 1 0 1.000000
Material_0
0  -1.035242 2.327962 -19.580885  -0.999997 0.002259 -0.000065  0.823095 0.107561 1 0 1.000000
0  -1.035243 2.327961 -23.225168  -0.999997 0.002268 0.000035  0.822580 0.107031 1 0 1.000000
0  -1.035242 0.733946 -19.580885  -0.999998 0.002114 0.000058  0.823095 0.107137 1 0 1.000000
Material_0
0  0.886456 0.299354 -19.580885  -0.000004 -0.835847 0.548963  0.823610 0.106818 1 0 1.000000
0  -0.642409 0.300378 -18.497450  0.000002 -1.000000 0.000037  0.823404 0.107137 1 0 1.000000
0  -0.642409 0.299353 -19.580885  -0.000019 -0.835833 0.548984  0.823198 0.107031 1 0 1.000000
Material_0
0  -0.642409 0.299353 -19.580885  -0.000019 -0.835833 0.548984  0.823198 0.107031 1 0 1.000000
0  -0.642409 0.300378 -18.497450  0.000002 -1.000000 0.000037  0.823404 0.107137 1 0 1.000000
0  -1.035242 0.734970 -18.497450  -0.999998 0.002158 0.000011  0.823301 0.107243 1 0 1.000000
Material_0
0  1.279134 0.733946 -19.580885  0.999998 0.002084 0.000069  0.823713 0.106924 1 0 1.000000
0  1.279134 0.734970 -18.497450  0.999998 0.002173 0.000035  0.823816 0.107031 1 0 1.000000
0  0.886456 0.299354 -19.580885  -0.000004 -0.835847 0.548963  0.823610 0.106818 1 0 1.000000
Material_0
0  1.279134 0.734970 -18.497450  0.999998 0.002173 0.000035  0.823816 0.107031 1 0 1.000000
0  0.886456 0.300378 -18.497450  -0.000015 -1.000000 0.000037  0.823713 0.107031 1 0 1.000000
0  0.886456 0.299354 -19.580885  -0.000004 -0.835847 0.548963  0.823610 0.106818 1 0 1.000000
Material_0
0  0.886456 0.299354 -19.580885  -0.000004 -0.835847 0.548963  0.823610 0.106818 1 0 1.000000
0  0.886456 0.300378 -18.497450  -0.000015 -1.000000 0.000037  0.823713 0.107031 1 0 1.000000
0  -0.642409 0.300378 -18.497450  0.000002 -1.000000 0.000037  0.823404 0.107137 1 0 1.000000
Material_0
0  1.279134 0.733946 -19.580885  0.999998 0.002084 0.000069  0.823713 0.106924 1 0 1.000000
0  1.279134 2.327962 -19.580885  0.999997 0.002259 -0.000007  0.823713 0.107349 1 0 1.000000
0  1.279134 0.734970 -18.497450  0.999998 0.002173 0.000035  0.823816 0.107031 1 0 1.000000
Material_0
0  1.279134 0.734970 -18.497450  0.999998 0.002173 0.000035  0.823816 0.107031 1 0 1.000000
0  1.279134 2.327962 -19.580885  0.999997 0.002259 -0.000007  0.823713 0.107349 1 0 1.000000
0  1.279134 3.341499 -18.465858  0.999998 0.002181 0.000042  0.823816 0.107773 1 0 1.000000
Material_0
0  1.279134 2.327962 -19.580885  0.999997 0.002259 -0.000007  0.823713 0.107349 1 0 1.000000
0  0.886456 2.781494 -19.580887  0.000011 0.978085 -0.208208  0.823610 0.107455 1 0 1.000000
0  1.279134 3.341499 -18.465858  0.999998 0.002181 0.000042  0.823816 0.107773 1 0 1.000000
Material_0
0  1.279134 3.341499 -18.465858  0.999998 0.002181 0.000042  0.823816 0.107773 1 0 1.000000
0  0.886456 2.781494 -19.580887  0.000011 0.978085 -0.208208  0.823610 0.107455 1 0 1.000000
0  0.886456 3.795543 -18.465858  -0.000121 0.739475 -0.673184  0.823713 0.107879 1 0 1.000000
Material_0
0  0.886456 2.781494 -19.580887  0.000011 0.978085 -0.208208  0.823610 0.107455 1 0 1.000000
0  -0.642410 2.781494 -19.580887  -0.000010 0.978091 -0.208179  0.823198 0.107667 1 0 1.000000
0  0.886456 3.795543 -18.465858  -0.000121 0.739475 -0.673184  0.823713 0.107879 1 0 1.000000
Material_0
0  0.886456 3.795543 -18.465858  -0.000121 0.739475 -0.673184  0.823713 0.107879 1 0 1.000000
0  -0.642410 2.781494 -19.580887  -0.000010 0.978091 -0.208179  0.823198 0.107667 1 0 1.000000
0  -0.642410 3.795542 -18.465858  0.000111 0.739518 -0.673137  0.823404 0.107985 1 0 1.000000
Material_0
0  -0.642410 2.781494 -19.580887  -0.000010 0.978091 -0.208179  0.823198 0.107667 1 0 1.000000
0  -1.035242 3.341499 -18.465858  -0.999998 0.002173 0.000032  0.823301 0.107985 1 0 1.000000
0  -0.642410 3.795542 -18.465858  0.000111 0.739518 -0.673137  0.823404 0.107985 1 0 1.000000
Material_0
0  -0.642410 3.795542 -18.465858  0.000111 0.739518 -0.673137  0.823404 0.107985 1 0 1.000000
0  0.778520 3.633275 -18.220554  0.000003 0.002162 0.999998  0.823713 0.107879 1 0 1.000000
0  0.886456 3.795543 -18.465858  -0.000121 0.739475 -0.673184  0.823713 0.107879 1 0 1.000000
Material_0
0  0.886456 3.795543 -18.465858  -0.000121 0.739475 -0.673184  0.823713 0.107879 1 0 1.000000
0  0.778520 3.633275 -18.220554  0.000003 0.002162 0.999998  0.823713 0.107879 1 0 1.000000
0  1.279134 3.341499 -18.465858  0.999998 0.002181 0.000042  0.823816 0.107773 1 0 1.000000
Material_0
0  0.778520 3.633275 -18.220554  0.000003 0.002162 0.999998  0.823713 0.107879 1 0 1.000000
0  1.115608 3.243728 -18.220554  -0.000014 0.002138 0.999998  0.823816 0.107773 1 0 1.000000
0  1.279134 3.341499 -18.465858  0.999998 0.002181 0.000042  0.823816 0.107773 1 0 1.000000
Material_0
0  1.279134 3.341499 -18.465858  0.999998 0.002181 0.000042  0.823816 0.107773 1 0 1.000000
0  1.115608 3.243728 -18.220554  -0.000014 0.002138 0.999998  0.823816 0.107773 1 0 1.000000
0  1.279134 0.734970 -18.497450  0.999998 0.002173 0.000035  0.823816 0.107031 1 0 1.000000
Material_0
0  1.115608 3.243728 -18.220554  -0.000014 0.002138 0.999998  0.823816 0.107773 1 0 1.000000
0  1.115609 0.730363 -18.220552  -0.000076 0.002203 0.999997  0.823816 0.107137 1 0 1.000000
0  1.279134 0.734970 -18.497450  0.999998 0.002173 0.000035  0.823816 0.107031 1 0 1.000000
Material_0
0  1.279134 0.734970 -18.497450  0.999998 0.002173 0.000035  0.823816 0.107031 1 0 1.000000
0  1.115609 0.730363 -18.220552  -0.000076 0.002203 0.999997  0.823816 0.107137 1 0 1.000000
0  0.886456 0.300378 -18.497450  -0.000015 -1.000000 0.000037  0.823713 0.107031 1 0 1.000000
Material_0
0  1.115609 0.730363 -18.220552  -0.000076 0.002203 0.999997  0.823816 0.107137 1 0 1.000000
0  0.778520 0.302426 -18.220552  -0.000037 0.002250 0.999997  0.823713 0.107031 1 0 1.000000
0  0.886456 0.300378 -18.497450  -0.000015 -1.000000 0.000037  0.823713 0.107031 1 0 1.000000
Material_0
0  0.886456 0.300378 -18.497450  -0.000015 -1.000000 0.000037  0.823713 0.107031 1 0 1.000000
0  0.778520 0.302426 -18.220552  -0.000037 0.002250 0.999997  0.823713 0.107031 1 0 1.000000
0  -0.642409 0.300378 -18.497450  0.000002 -1.000000 0.000037  0.823404 0.107137 1 0 1.000000
Material_0
0  0.778520 0.302426 -18.220552  -0.000037 0.002250 0.999997  0.823713 0.107031 1 0 1.000000
0  -0.534319 0.302425 -18.220552  0.000038 0.002268 0.999997  0.823404 0.107137 1 0 1.000000
0  -0.642409 0.300378 -18.497450  0.000002 -1.000000 0.000037  0.823404 0.107137 1 0 1.000000
Material_0
0  -0.642409 0.300378 -18.497450  0.000002 -1.000000 0.000037  0.823404 0.107137 1 0 1.000000
0  -0.534319 0.302425 -18.220552  0.000038 0.002268 0.999997  0.823404 0.107137 1 0 1.000000
0  -0.871716 0.730363 -18.220552  0.000101 0.002219 0.999997  0.823404 0.107243 1 0 1.000000
Material_0
0  -0.534319 0.302425 -18.220552  0.000038 0.002268 0.999997  0.823404 0.107137 1 0 1.000000
0  -0.871716 3.243728 -18.220554  -0.000014 0.002205 0.999998  0.823404 0.107985 1 0 1.000000
0  -0.871716 0.730363 -18.220552  0.000101 0.002219 0.999997  0.823404 0.107243 1 0 1.000000
Material_0
0  -0.871716 3.243728 -18.220554  -0.000014 0.002205 0.999998  0.823404 0.107985 1 0 1.000000
0  -1.035242 0.734970 -18.497450  -0.999998 0.002158 0.000011  0.823301 0.107243 1 0 1.000000
0  -0.871716 0.730363 -18.220552  0.000101 0.002219 0.999997  0.823404 0.107243 1 0 1.000000
Material_0
0  -0.871716 0.730363 -18.220552  0.000101 0.002219 0.999997  0.823404 0.107243 1 0 1.000000
0  -1.035242 0.734970 -18.497450  -0.999998 0.002158 0.000011  0.823301 0.107243 1 0 1.000000
0  -0.642409 0.300378 -18.497450  0.000002 -1.000000 0.000037  0.823404 0.107137 1 0 1.000000
Material_0
0  1.115608 3.243728 -18.220554  -0.000014 0.002138 0.999998  0.823816 0.107773 1 0 1.000000
0  0.778520 3.633275 -18.220554  0.000003 0.002162 0.999998  0.823713 0.107879 1 0 1.000000
0  1.115609 0.730363 -18.220552  -0.000076 0.002203 0.999997  0.823816 0.107137 1 0 1.000000
Material_0
0  1.115609 0.730363 -18.220552  -0.000076 0.002203 0.999997  0.823816 0.107137 1 0 1.000000
0  0.778520 3.633275 -18.220554  0.000003 0.002162 0.999998  0.823713 0.107879 1 0 1.000000
0  -0.871716 3.243728 -18.220554  -0.000014 0.002205 0.999998  0.823404 0.107985 1 0 1.000000
Material_0
0  0.778520 3.633275 -18.220554  0.000003 0.002162 0.999998  0.823713 0.107879 1 0 1.000000
0  -0.534319 3.633275 -18.220554  -0.000018 0.002173 0.999998  0.823404 0.107985 1 0 1.000000
0  -0.871716 3.243728 -18.220554  -0.000014 0.002205 0.999998  0.823404 0.107985 1 0 1.000000
Material_0
0  -0.871716 3.243728 -18.220554  -0.000014 0.002205 0.999998  0.823404 0.107985 1 0 1.000000
0  -0.534319 3.633275 -18.220554  -0.000018 0.002173 0.999998  0.823404 0.107985 1 0 1.000000
0  -1.035242 3.341499 -18.465858  -0.999998 0.002173 0.000032  0.823301 0.107985 1 0 1.000000
Material_0
0  -1.035242 3.341499 -18.465858  -0.999998 0.002173 0.000032  0.823301 0.107985 1 0 1.000000
0  -0.534319 3.633275 -18.220554  -0.000018 0.002173 0.999998  0.823404 0.107985 1 0 1.000000
0  -0.642410 3.795542 -18.465858  0.000111 0.739518 -0.673137  0.823404 0.107985 1 0 1.000000
Material_0
0  -0.534319 3.633275 -18.220554  -0.000018 0.002173 0.999998  0.823404 0.107985 1 0 1.000000
0  0.778520 3.633275 -18.220554  0.000003 0.002162 0.999998  0.823713 0.107879 1 0 1.000000
0  -0.642410 3.795542 -18.465858  0.000111 0.739518 -0.673137  0.823404 0.107985 1 0 1.000000
Material_0
0  0.778520 0.302426 -18.220552  -0.000037 0.002250 0.999997  0.823713 0.107031 1 0 1.000000
0  1.115609 0.730363 -18.220552  -0.000076 0.002203 0.999997  0.823816 0.107137 1 0 1.000000
0  -0.534319 0.302425 -18.220552  0.000038 0.002268 0.999997  0.823404 0.107137 1 0 1.000000
Material_0
0  1.115609 0.730363 -18.220552  -0.000076 0.002203 0.999997  0.823816 0.107137 1 0 1.000000
0  -0.871716 3.243728 -18.220554  -0.000014 0.002205 0.999998  0.823404 0.107985 1 0 1.000000
0  -0.534319 0.302425 -18.220552  0.000038 0.002268 0.999997  0.823404 0.107137 1 0 1.000000
Material_0
0  -1.035242 3.341499 -18.465858  -0.999998 0.002173 0.000032  0.823301 0.107985 1 0 1.000000
0  -1.035242 0.734970 -18.497450  -0.999998 0.002158 0.000011  0.823301 0.107243 1 0 1.000000
0  -0.871716 3.243728 -18.220554  -0.000014 0.002205 0.999998  0.823404 0.107985 1 0 1.000000
Material_0
0  0.539022 0.286045 -16.852783  0.236193 -0.762596 -0.602213  0.933830 0.599786 1 0 1.000000
0  0.809712 0.282974 -16.416063  0.999970 0.002236 -0.007484  0.936097 0.600317 1 0 1.000000
0  0.809713 -0.262185 -15.667136  0.999969 0.002124 -0.007602  0.938054 0.599574 1 0 1.000000
Material_0
0  0.809713 -0.262185 -15.667136  0.999969 0.002124 -0.007602  0.938054 0.599574 1 0 1.000000
0  0.809712 0.282974 -16.416063  0.999970 0.002236 -0.007484  0.936097 0.600317 1 0 1.000000
0  0.809713 0.392518 -12.992927  0.999998 0.002205 -0.000000  0.937951 0.602226 1 0 1.000000
Material_0
0  0.809713 -0.262185 -15.667136  0.999969 0.002124 -0.007602  0.938054 0.599574 1 0 1.000000
0  0.539023 -0.418823 -15.971910  0.273810 -0.624932 -0.731087  0.936200 0.598619 1 0 1.000000
0  0.539022 0.286045 -16.852783  0.236193 -0.762596 -0.602213  0.933830 0.599786 1 0 1.000000
Material_0
0  0.539022 0.286045 -16.852783  0.236193 -0.762596 -0.602213  0.933830 0.599786 1 0 1.000000
0  0.539023 -0.418823 -15.971910  0.273810 -0.624932 -0.731087  0.936200 0.598619 1 0 1.000000
0  -0.287408 0.286045 -16.852783  -0.236194 -0.762588 -0.602222  0.930431 0.600953 1 0 1.000000
Material_0
0  0.539023 -0.418823 -15.971910  0.273810 -0.624932 -0.731087  0.936200 0.598619 1 0 1.000000
0  -0.287408 -0.418823 -15.971910  -0.273766 -0.624955 -0.731084  0.932800 0.599786 1 0 1.000000
0  -0.287408 0.286045 -16.852783  -0.236194 -0.762588 -0.602222  0.930431 0.600953 1 0 1.000000
Material_0
0  -0.287408 0.286045 -16.852783  -0.236194 -0.762588 -0.602222  0.930431 0.600953 1 0 1.000000
0  -0.287408 -0.418823 -15.971910  -0.273766 -0.624955 -0.731084  0.932800 0.599786 1 0 1.000000
0  -0.557944 0.282974 -16.416063  -0.999969 0.002234 -0.007577  0.930534 0.602120 1 0 1.000000
Material_0
0  -0.287408 -0.418823 -15.971910  -0.273766 -0.624955 -0.731084  0.932800 0.599786 1 0 1.000000
0  -0.557943 -0.262186 -15.667136  -0.999969 0.002119 -0.007640  0.932491 0.601377 1 0 1.000000
0  -0.557944 0.282974 -16.416063  -0.999969 0.002234 -0.007577  0.930534 0.602120 1 0 1.000000
Material_0
0  -0.557944 0.282974 -16.416063  -0.999969 0.002234 -0.007577  0.930534 0.602120 1 0 1.000000
0  -0.557943 -0.262186 -15.667136  -0.999969 0.002119 -0.007640  0.932491 0.601377 1 0 1.000000
0  -0.557943 0.392518 -12.992927  -0.999998 0.002205 0.000000  0.932388 0.604029 1 0 1.000000
Material_0
0  -0.557943 -0.262186 -15.667136  -0.999969 0.002119 -0.007640  0.932491 0.601377 1 0 1.000000
0  -0.557943 -1.157988 -15.206258  -0.999968 0.002160 -0.007644  0.933727 0.598513 1 0 1.000000
0  -0.557943 0.392518 -12.992927  -0.999998 0.002205 0.000000  0.932388 0.604029 1 0 1.000000
Material_0
0  -0.557943 -1.157988 -15.206258  -0.999968 0.002160 -0.007644  0.933727 0.598513 1 0 1.000000
0  -0.557943 -0.791477 -12.922308  -0.999998 0.002110 0.000031  0.939805 0.604772 1 0 1.000000
0  -0.557943 0.392518 -12.992927  -0.999998 0.002205 0.000000  0.932388 0.604029 1 0 1.000000
Material_0
0  -0.557943 0.392518 -12.992927  -0.999998 0.002205 0.000000  0.932388 0.604029 1 0 1.000000
0  -0.557943 -0.791477 -12.922308  -0.999998 0.002110 0.000031  0.939805 0.604772 1 0 1.000000
0  -0.557943 0.490289 -10.612342  -0.994458 0.050272 0.092337  0.945986 0.614850 1 0 1.000000
Material_0
0  -0.557943 -0.791477 -12.922308  -0.999998 0.002110 0.000031  0.939805 0.604772 1 0 1.000000
0  -0.557942 -0.791476 -10.251816  -0.993602 0.002200 0.112919  0.946913 0.610182 1 0 1.000000
0  -0.557943 0.490289 -10.612342  -0.994458 0.050272 0.092337  0.945986 0.614850 1 0 1.000000
Material_0
0  -0.557943 0.490289 -10.612342  -0.994458 0.050272 0.092337  0.945986 0.614850 1 0 1.000000
0  -0.557942 -0.791476 -10.251816  -0.993602 0.002200 0.112919  0.946913 0.610182 1 0 1.000000
0  0.809713 0.490289 -10.612342  0.994461 0.050193 0.092352  0.951548 0.613046 1 0 1.000000
Material_0
0  0.809713 0.490289 -10.612342  0.994461 0.050193 0.092352  0.951548 0.613046 1 0 1.000000
0  -0.557942 -0.791476 -10.251816  -0.993602 0.002200 0.112919  0.946913 0.610182 1 0 1.000000
0  0.809714 -0.791476 -10.251816  0.993602 0.002217 0.112913  0.952475 0.608379 1 0 1.000000
Material_0
0  0.809714 -0.791476 -10.251816  0.993602 0.002217 0.112913  0.952475 0.608379 1 0 1.000000
0  -0.557942 -0.791476 -10.251816  -0.993602 0.002200 0.112919  0.946913 0.610182 1 0 1.000000
0  -0.287407 -1.162594 -10.251816  -0.320218 -0.938017 0.132610  0.948046 0.608273 1 0 1.000000
Material_0
0  -0.557942 -0.791476 -10.251816  -0.993602 0.002200 0.112919  0.946913 0.610182 1 0 1.000000
0  -0.557943 -0.791477 -12.922308  -0.999998 0.002110 0.000031  0.939805 0.604772 1 0 1.000000
0  -0.287407 -1.162594 -10.251816  -0.320218 -0.938017 0.132610  0.948046 0.608273 1 0 1.000000
Material_0
0  -0.287407 -1.162594 -10.251816  -0.320218 -0.938017 0.132610  0.948046 0.608273 1 0 1.000000
0  -0.557943 -0.791477 -12.922308  -0.999998 0.002110 0.000031  0.939805 0.604772 1 0 1.000000
0  -0.287407 -1.162595 -12.823813  -0.340121 -0.920254 0.193518  0.941144 0.602969 1 0 1.000000
Material_0
0  -0.557943 -0.791477 -12.922308  -0.999998 0.002110 0.000031  0.939805 0.604772 1 0 1.000000
0  -0.557943 -1.745122 -13.570884  -0.999968 0.002144 0.007646  0.938054 0.599362 1 0 1.000000
0  -0.287407 -1.162595 -12.823813  -0.340121 -0.920254 0.193518  0.941144 0.602969 1 0 1.000000
Material_0
0  -0.287407 -1.162595 -12.823813  -0.340121 -0.920254 0.193518  0.941144 0.602969 1 0 1.000000
0  -0.557943 -1.745122 -13.570884  -0.999968 0.002144 0.007646  0.938054 0.599362 1 0 1.000000
0  -0.287407 -1.760991 -13.253100  -0.278347 -0.502517 0.818535  0.940011 0.599680 1 0 1.000000
Material_0
0  -0.557943 -1.745122 -13.570884  -0.999968 0.002144 0.007646  0.938054 0.599362 1 0 1.000000
0  -0.287407 -2.371160 -13.561590  -0.271958 -0.244317 0.930778  0.939187 0.596391 1 0 1.000000
0  -0.287407 -1.760991 -13.253100  -0.278347 -0.502517 0.818535  0.940011 0.599680 1 0 1.000000
Material_0
0  -0.287407 -2.371160 -13.561590  -0.271958 -0.244317 0.930778  0.939187 0.596391 1 0 1.000000
0  0.539023 -1.760991 -13.253100  0.278363 -0.502499 0.818541  0.943410 0.598513 1 0 1.000000
0  -0.287407 -1.760991 -13.253100  -0.278347 -0.502517 0.818535  0.940011 0.599680 1 0 1.000000
Material_0
0  -0.287407 -1.760991 -13.253100  -0.278347 -0.502517 0.818535  0.940011 0.599680 1 0 1.000000
0  0.539023 -1.760991 -13.253100  0.278363 -0.502499 0.818541  0.943410 0.598513 1 0 1.000000
0  -0.287407 -1.162595 -12.823813  -0.340121 -0.920254 0.193518  0.941144 0.602969 1 0 1.000000
Material_0
0  0.539023 -1.760991 -13.253100  0.278363 -0.502499 0.818541  0.943410 0.598513 1 0 1.000000
0  0.539023 -1.162595 -12.823813  0.340119 -0.920256 0.193516  0.944543 0.601908 1 0 1.000000
0  -0.287407 -1.162595 -12.823813  -0.340121 -0.920254 0.193518  0.941144 0.602969 1 0 1.000000
Material_0
0  -0.287407 -1.162595 -12.823813  -0.340121 -0.920254 0.193518  0.941144 0.602969 1 0 1.000000
0  0.539023 -1.162595 -12.823813  0.340119 -0.920256 0.193516  0.944543 0.601908 1 0 1.000000
0  -0.287407 -1.162594 -10.251816  -0.320218 -0.938017 0.132610  0.948046 0.608273 1 0 1.000000
Material_0
0  0.539023 -1.162595 -12.823813  0.340119 -0.920256 0.193516  0.944543 0.601908 1 0 1.000000
0  0.539024 -1.162594 -10.251816  0.320164 -0.938036 0.132603  0.951342 0.607106 1 0 1.000000
0  -0.287407 -1.162594 -10.251816  -0.320218 -0.938017 0.132610  0.948046 0.608273 1 0 1.000000
Material_0
0  -0.287407 -1.162594 -10.251816  -0.320218 -0.938017 0.132610  0.948046 0.608273 1 0 1.000000
0  0.539024 -1.162594 -10.251816  0.320164 -0.938036 0.132603  0.951342 0.607106 1 0 1.000000
0  0.809714 -0.791476 -10.251816  0.993602 0.002217 0.112913  0.952475 0.608379 1 0 1.000000
Material_0
0  0.539024 -1.162594 -10.251816  0.320164 -0.938036 0.132603  0.951342 0.607106 1 0 1.000000
0  0.539023 -1.162595 -12.823813  0.340119 -0.920256 0.193516  0.944543 0.601908 1 0 1.000000
0  0.809714 -0.791476 -10.251816  0.993602 0.002217 0.112913  0.952475 0.608379 1 0 1.000000
Material_0
0  0.809714 -0.791476 -10.251816  0.993602 0.002217 0.112913  0.952475 0.608379 1 0 1.000000
0  0.539023 -1.162595 -12.823813  0.340119 -0.920256 0.193516  0.944543 0.601908 1 0 1.000000
0  0.809713 -0.791476 -12.922308  0.999998 0.002088 0.000032  0.945368 0.602862 1 0 1.000000
Material_0
0  0.539023 -1.162595 -12.823813  0.340119 -0.920256 0.193516  0.944543 0.601908 1 0 1.000000
0  0.539023 -1.760991 -13.253100  0.278363 -0.502499 0.818541  0.943410 0.598513 1 0 1.000000
0  0.809713 -0.791476 -12.922308  0.999998 0.002088 0.000032  0.945368 0.602862 1 0 1.000000
Material_0
0  -0.557943 -0.791477 -12.922308  -0.999998 0.002110 0.000031  0.939805 0.604772 1 0 1.000000
0  -0.557943 -1.157988 -15.206258  -0.999968 0.002160 -0.007644  0.933727 0.598513 1 0 1.000000
0  -0.557943 -1.745122 -13.570884  -0.999968 0.002144 0.007646  0.938054 0.599362 1 0 1.000000
Material_0
0  0.809714 -0.791476 -10.251816  0.993602 0.002217 0.112913  0.952475 0.608379 1 0 1.000000
0  0.809713 -0.791476 -12.922308  0.999998 0.002088 0.000032  0.945368 0.602862 1 0 1.000000
0  0.809713 0.490289 -10.612342  0.994461 0.050193 0.092352  0.951548 0.613046 1 0 1.000000
Material_0
0  0.809713 0.490289 -10.612342  0.994461 0.050193 0.092352  0.951548 0.613046 1 0 1.000000
0  0.809713 -0.791476 -12.922308  0.999998 0.002088 0.000032  0.945368 0.602862 1 0 1.000000
0  0.809713 0.392518 -12.992927  0.999998 0.002205 -0.000000  0.937951 0.602226 1 0 1.000000
Material_0
0  0.809713 -0.791476 -12.922308  0.999998 0.002088 0.000032  0.945368 0.602862 1 0 1.000000
0  0.809713 -1.157988 -15.206258  0.999968 0.002167 -0.007643  0.939290 0.596710 1 0 1.000000
0  0.809713 0.392518 -12.992927  0.999998 0.002205 -0.000000  0.937951 0.602226 1 0 1.000000
Material_0
0  0.809713 0.392518 -12.992927  0.999998 0.002205 -0.000000  0.937951 0.602226 1 0 1.000000
0  0.809713 -1.157988 -15.206258  0.999968 0.002167 -0.007643  0.939290 0.596710 1 0 1.000000
0  0.809713 -0.262185 -15.667136  0.999969 0.002124 -0.007602  0.938054 0.599574 1 0 1.000000
Material_0
0  0.809713 -0.262185 -15.667136  0.999969 0.002124 -0.007602  0.938054 0.599574 1 0 1.000000
0  0.809713 -1.157988 -15.206258  0.999968 0.002167 -0.007643  0.939290 0.596710 1 0 1.000000
0  0.539023 -0.418823 -15.971910  0.273810 -0.624932 -0.731087  0.936200 0.598619 1 0 1.000000
Material_0
0  0.809713 -1.157988 -15.206258  0.999968 0.002167 -0.007643  0.939290 0.596710 1 0 1.000000
0  0.539023 -1.243985 -15.546340  0.318907 -0.188885 -0.928774  0.937230 0.596073 1 0 1.000000
0  0.539023 -0.418823 -15.971910  0.273810 -0.624932 -0.731087  0.936200 0.598619 1 0 1.000000
Material_0
0  0.539023 -0.418823 -15.971910  0.273810 -0.624932 -0.731087  0.936200 0.598619 1 0 1.000000
0  0.539023 -1.243985 -15.546340  0.318907 -0.188885 -0.928774  0.937230 0.596073 1 0 1.000000
0  -0.287408 -1.243985 -15.546340  -0.318918 -0.188894 -0.928768  0.933933 0.597134 1 0 1.000000
Material_0
0  0.539023 -1.243985 -15.546340  0.318907 -0.188885 -0.928774  0.937230 0.596073 1 0 1.000000
0  -0.287408 -1.867976 -15.670854  -0.288328 0.547080 -0.785857  0.933624 0.594270 1 0 1.000000
0  -0.287408 -1.243985 -15.546340  -0.318918 -0.188894 -0.928768  0.933933 0.597134 1 0 1.000000
Material_0
0  -0.287408 -1.243985 -15.546340  -0.318918 -0.188894 -0.928768  0.933933 0.597134 1 0 1.000000
0  -0.287408 -1.867976 -15.670854  -0.288328 0.547080 -0.785857  0.933624 0.594270 1 0 1.000000
0  -0.557943 -1.157988 -15.206258  -0.999968 0.002160 -0.007644  0.933727 0.598513 1 0 1.000000
Material_0
0  -0.287408 -1.867976 -15.670854  -0.288328 0.547080 -0.785857  0.933624 0.594270 1 0 1.000000
0  -0.557943 -1.949878 -15.356786  -0.999968 0.002207 -0.007632  0.933315 0.594906 1 0 1.000000
0  -0.557943 -1.157988 -15.206258  -0.999968 0.002160 -0.007644  0.933727 0.598513 1 0 1.000000
Material_0
0  -0.557943 -1.157988 -15.206258  -0.999968 0.002160 -0.007644  0.933727 0.598513 1 0 1.000000
0  -0.557943 -1.949878 -15.356786  -0.999968 0.002207 -0.007632  0.933315 0.594906 1 0 1.000000
0  -0.557943 -1.745122 -13.570884  -0.999968 0.002144 0.007646  0.938054 0.599362 1 0 1.000000
Material_0
0  -0.557943 -1.949878 -15.356786  -0.999968 0.002207 -0.007632  0.933315 0.594906 1 0 1.000000
0  -0.557943 -2.297960 -13.879374  -0.999969 0.002134 0.007646  0.937230 0.596498 1 0 1.000000
0  -0.557943 -1.745122 -13.570884  -0.999968 0.002144 0.007646  0.938054 0.599362 1 0 1.000000
Material_0
0  -0.557943 -1.745122 -13.570884  -0.999968 0.002144 0.007646  0.938054 0.599362 1 0 1.000000
0  -0.557943 -2.297960 -13.879374  -0.999969 0.002134 0.007646  0.937230 0.596498 1 0 1.000000
0  -0.287407 -2.371160 -13.561590  -0.271958 -0.244317 0.930778  0.939187 0.596391 1 0 1.000000
Material_0
0  -0.557943 -2.297960 -13.879374  -0.999969 0.002134 0.007646  0.937230 0.596498 1 0 1.000000
0  -0.287407 -2.751492 -13.505838  -0.278644 -0.405184 0.870737  0.939393 0.594906 1 0 1.000000
0  -0.287407 -2.371160 -13.561590  -0.271958 -0.244317 0.930778  0.939187 0.596391 1 0 1.000000
Material_0
0  -0.287407 -2.751492 -13.505838  -0.278644 -0.405184 0.870737  0.939393 0.594906 1 0 1.000000
0  0.539023 -2.371160 -13.561590  0.271968 -0.244331 0.930772  0.942586 0.595331 1 0 1.000000
0  -0.287407 -2.371160 -13.561590  -0.271958 -0.244317 0.930778  0.939187 0.596391 1 0 1.000000
Material_0
0  -0.287407 -2.371160 -13.561590  -0.271958 -0.244317 0.930778  0.939187 0.596391 1 0 1.000000
0  0.539023 -2.371160 -13.561590  0.271968 -0.244331 0.930772  0.942586 0.595331 1 0 1.000000
0  0.539023 -1.760991 -13.253100  0.278363 -0.502499 0.818541  0.943410 0.598513 1 0 1.000000
Material_0
0  0.539023 -2.371160 -13.561590  0.271968 -0.244331 0.930772  0.942586 0.595331 1 0 1.000000
0  0.809713 -1.745122 -13.570884  0.999969 0.002124 0.007590  0.943616 0.597558 1 0 1.000000
0  0.539023 -1.760991 -13.253100  0.278363 -0.502499 0.818541  0.943410 0.598513 1 0 1.000000
Material_0
0  0.539023 -1.760991 -13.253100  0.278363 -0.502499 0.818541  0.943410 0.598513 1 0 1.000000
0  0.809713 -1.745122 -13.570884  0.999969 0.002124 0.007590  0.943616 0.597558 1 0 1.000000
0  0.809713 -0.791476 -12.922308  0.999998 0.002088 0.000032  0.945368 0.602862 1 0 1.000000
Material_0
0  0.809713 -0.791476 -12.922308  0.999998 0.002088 0.000032  0.945368 0.602862 1 0 1.000000
0  0.809713 -1.745122 -13.570884  0.999969 0.002124 0.007590  0.943616 0.597558 1 0 1.000000
0  0.809713 -1.157988 -15.206258  0.999968 0.002167 -0.007643  0.939290 0.596710 1 0 1.000000
Material_0
0  0.809713 -1.745122 -13.570884  0.999969 0.002124 0.007590  0.943616 0.597558 1 0 1.000000
0  0.809713 -1.949878 -15.356786  0.999968 0.002237 -0.007654  0.938878 0.593103 1 0 1.000000
0  0.809713 -1.157988 -15.206258  0.999968 0.002167 -0.007643  0.939290 0.596710 1 0 1.000000
Material_0
0  0.809713 -1.157988 -15.206258  0.999968 0.002167 -0.007643  0.939290 0.596710 1 0 1.000000
0  0.809713 -1.949878 -15.356786  0.999968 0.002237 -0.007654  0.938878 0.593103 1 0 1.000000
0  0.539023 -1.243985 -15.546340  0.318907 -0.188885 -0.928774  0.937230 0.596073 1 0 1.000000
Material_0
0  0.539023 -0.418823 -15.971910  0.273810 -0.624932 -0.731087  0.936200 0.598619 1 0 1.000000
0  -0.287408 -1.243985 -15.546340  -0.318918 -0.188894 -0.928768  0.933933 0.597134 1 0 1.000000
0  -0.287408 -0.418823 -15.971910  -0.273766 -0.624955 -0.731084  0.932800 0.599786 1 0 1.000000
Material_0
0  -0.287408 -0.418823 -15.971910  -0.273766 -0.624955 -0.731084  0.932800 0.599786 1 0 1.000000
0  -0.287408 -1.243985 -15.546340  -0.318918 -0.188894 -0.928768  0.933933 0.597134 1 0 1.000000
0  -0.557943 -0.262186 -15.667136  -0.999969 0.002119 -0.007640  0.932491 0.601377 1 0 1.000000
Material_0
0  -0.287408 -1.243985 -15.546340  -0.318918 -0.188894 -0.928768  0.933933 0.597134 1 0 1.000000
0  -0.557943 -1.157988 -15.206258  -0.999968 0.002160 -0.007644  0.933727 0.598513 1 0 1.000000
0  -0.557943 -0.262186 -15.667136  -0.999969 0.002119 -0.007640  0.932491 0.601377 1 0 1.000000
Material_0
0  -0.557943 -1.949878 -15.356786  -0.999968 0.002207 -0.007632  0.933315 0.594906 1 0 1.000000
0  -0.557943 -2.673685 -13.823622  -0.999969 0.002218 0.007568  0.937436 0.595012 1 0 1.000000
0  -0.557943 -2.297960 -13.879374  -0.999969 0.002134 0.007646  0.937230 0.596498 1 0 1.000000
Material_0
0  -0.557943 -2.673685 -13.823622  -0.999969 0.002218 0.007568  0.937436 0.595012 1 0 1.000000
0  -0.287407 -2.751492 -13.505838  -0.278644 -0.405184 0.870737  0.939393 0.594906 1 0 1.000000
0  -0.557943 -2.297960 -13.879374  -0.999969 0.002134 0.007646  0.937230 0.596498 1 0 1.000000
Material_0
0  0.809713 -1.949878 -15.356786  0.999968 0.002237 -0.007654  0.938878 0.593103 1 0 1.000000
0  0.809713 -1.745122 -13.570884  0.999969 0.002124 0.007590  0.943616 0.597558 1 0 1.000000
0  0.809713 -2.297960 -13.879374  0.999968 0.002189 0.007657  0.942792 0.594588 1 0 1.000000
Material_0
0  0.809713 -1.745122 -13.570884  0.999969 0.002124 0.007590  0.943616 0.597558 1 0 1.000000
0  0.539023 -2.371160 -13.561590  0.271968 -0.244331 0.930772  0.942586 0.595331 1 0 1.000000
0  0.809713 -2.297960 -13.879374  0.999968 0.002189 0.007657  0.942792 0.594588 1 0 1.000000
Material_0
0  0.809713 -2.297960 -13.879374  0.999968 0.002189 0.007657  0.942792 0.594588 1 0 1.000000
0  0.539023 -2.371160 -13.561590  0.271968 -0.244331 0.930772  0.942586 0.595331 1 0 1.000000
0  0.539023 -2.751492 -13.505838  0.278637 -0.405177 0.870743  0.942689 0.593845 1 0 1.000000
Material_0
0  0.539023 -2.371160 -13.561590  0.271968 -0.244331 0.930772  0.942586 0.595331 1 0 1.000000
0  -0.287407 -2.751492 -13.505838  -0.278644 -0.405184 0.870737  0.939393 0.594906 1 0 1.000000
0  0.539023 -2.751492 -13.505838  0.278637 -0.405177 0.870743  0.942689 0.593845 1 0 1.000000
Material_0
0  0.539023 -2.751492 -13.505838  0.278637 -0.405177 0.870743  0.942689 0.593845 1 0 1.000000
0  0.809713 -2.673685 -13.823622  0.999969 0.002152 0.007570  0.942998 0.593209 1 0 1.000000
0  0.809713 -2.297960 -13.879374  0.999968 0.002189 0.007657  0.942792 0.594588 1 0 1.000000
Material_0
0  0.809713 -2.297960 -13.879374  0.999968 0.002189 0.007657  0.942792 0.594588 1 0 1.000000
0  0.809713 -2.673685 -13.823622  0.999969 0.002152 0.007570  0.942998 0.593209 1 0 1.000000
0  0.809713 -1.949878 -15.356786  0.999968 0.002237 -0.007654  0.938878 0.593103 1 0 1.000000
Material_0
0  0.809713 -1.949878 -15.356786  0.999968 0.002237 -0.007654  0.938878 0.593103 1 0 1.000000
0  0.809713 -2.673685 -13.823622  0.999969 0.002152 0.007570  0.942998 0.593209 1 0 1.000000
0  0.809713 -3.092921 -14.249191  0.999968 0.002176 0.007652  0.941865 0.590557 1 0 1.000000
Material_0
0  0.809713 -2.673685 -13.823622  0.999969 0.002152 0.007570  0.942998 0.593209 1 0 1.000000
0  0.539023 -3.178918 -13.933266  0.297261 -0.282327 0.912101  0.941556 0.591193 1 0 1.000000
0  0.809713 -3.092921 -14.249191  0.999968 0.002176 0.007652  0.941865 0.590557 1 0 1.000000
Material_0
0  0.809713 -3.092921 -14.249191  0.999968 0.002176 0.007652  0.941865 0.590557 1 0 1.000000
0  0.539023 -3.178918 -13.933266  0.297261 -0.282327 0.912101  0.941556 0.591193 1 0 1.000000
0  0.539023 -3.858192 -13.845922  0.300843 -0.315604 0.899938  0.941865 0.588541 1 0 1.000000
Material_0
0  0.539023 -3.858192 -13.845922  0.300843 -0.315604 0.899938  0.941865 0.588541 1 0 1.000000
0  0.539023 -3.178918 -13.933266  0.297261 -0.282327 0.912101  0.941556 0.591193 1 0 1.000000
0  -0.287407 -3.178918 -13.933266  -0.297277 -0.282297 0.912104  0.938260 0.592254 1 0 1.000000
Material_0
0  0.539023 -3.178918 -13.933266  0.297261 -0.282327 0.912101  0.941556 0.591193 1 0 1.000000
0  0.539023 -2.751492 -13.505838  0.278637 -0.405177 0.870743  0.942689 0.593845 1 0 1.000000
0  -0.287407 -3.178918 -13.933266  -0.297277 -0.282297 0.912104  0.938260 0.592254 1 0 1.000000
Material_0
0  0.539023 -2.751492 -13.505838  0.278637 -0.405177 0.870743  0.942689 0.593845 1 0 1.000000
0  -0.287407 -2.751492 -13.505838  -0.278644 -0.405184 0.870737  0.939393 0.594906 1 0 1.000000
0  -0.287407 -3.178918 -13.933266  -0.297277 -0.282297 0.912104  0.938260 0.592254 1 0 1.000000
Material_0
0  -0.287407 -2.751492 -13.505838  -0.278644 -0.405184 0.870737  0.939393 0.594906 1 0 1.000000
0  -0.557943 -2.673685 -13.823622  -0.999969 0.002218 0.007568  0.937436 0.595012 1 0 1.000000
0  -0.287407 -3.178918 -13.933266  -0.297277 -0.282297 0.912104  0.938260 0.592254 1 0 1.000000
Material_0
0  -0.287407 -3.178918 -13.933266  -0.297277 -0.282297 0.912104  0.938260 0.592254 1 0 1.000000
0  -0.557943 -2.673685 -13.823622  -0.999969 0.002218 0.007568  0.937436 0.595012 1 0 1.000000
0  -0.557943 -3.092921 -14.249191  -0.999968 0.002140 0.007650  0.936303 0.592360 1 0 1.000000
Material_0
0  -0.557943 -2.673685 -13.823622  -0.999969 0.002218 0.007568  0.937436 0.595012 1 0 1.000000
0  -0.557943 -1.949878 -15.356786  -0.999968 0.002207 -0.007632  0.933315 0.594906 1 0 1.000000
0  -0.557943 -3.092921 -14.249191  -0.999968 0.002140 0.007650  0.936303 0.592360 1 0 1.000000
Material_0
0  0.539023 -2.751492 -13.505838  0.278637 -0.405177 0.870743  0.942689 0.593845 1 0 1.000000
0  0.539023 -3.178918 -13.933266  0.297261 -0.282327 0.912101  0.941556 0.591193 1 0 1.000000
0  0.809713 -2.673685 -13.823622  0.999969 0.002152 0.007570  0.942998 0.593209 1 0 1.000000
Material_0
0  -0.557943 -3.092921 -14.249191  -0.999968 0.002140 0.007650  0.936303 0.592360 1 0 1.000000
0  -0.557943 -3.757862 -14.213881  -0.999738 0.002172 0.022775  0.936406 0.589602 1 0 1.000000
0  -0.287407 -3.178918 -13.933266  -0.297277 -0.282297 0.912104  0.938260 0.592254 1 0 1.000000
Material_0
0  -0.287407 -3.178918 -13.933266  -0.297277 -0.282297 0.912104  0.938260 0.592254 1 0 1.000000
0  -0.557943 -3.757862 -14.213881  -0.999738 0.002172 0.022775  0.936406 0.589602 1 0 1.000000
0  -0.287407 -3.858192 -13.845922  -0.300811 -0.315603 0.899949  0.938466 0.589602 1 0 1.000000
Material_0
0  -0.287407 -3.858192 -13.845922  -0.300811 -0.315603 0.899949  0.938466 0.589602 1 0 1.000000
0  -0.557943 -3.757862 -14.213881  -0.999738 0.002172 0.022775  0.936406 0.589602 1 0 1.000000
0  -0.557943 -4.780612 -14.827146  -0.999882 0.002110 0.015199  0.934757 0.584086 1 0 1.000000
Material_0
0  -0.557943 -4.780612 -14.827146  -0.999882 0.002110 0.015199  0.934757 0.584086 1 0 1.000000
0  -0.557943 -3.757862 -14.213881  -0.999738 0.002172 0.022775  0.936406 0.589602 1 0 1.000000
0  -0.557943 -2.891238 -16.191200  -0.999882 0.002252 -0.015198  0.931152 0.589284 1 0 1.000000
Material_0
0  -0.557943 -3.757862 -14.213881  -0.999738 0.002172 0.022775  0.936406 0.589602 1 0 1.000000
0  -0.557943 -3.092921 -14.249191  -0.999968 0.002140 0.007650  0.936303 0.592360 1 0 1.000000
0  -0.557943 -2.891238 -16.191200  -0.999882 0.002252 -0.015198  0.931152 0.589284 1 0 1.000000
Material_0
0  -0.557943 -3.092921 -14.249191  -0.999968 0.002140 0.007650  0.936303 0.592360 1 0 1.000000
0  -0.557943 -1.949878 -15.356786  -0.999968 0.002207 -0.007632  0.933315 0.594906 1 0 1.000000
0  -0.557943 -2.891238 -16.191200  -0.999882 0.002252 -0.015198  0.931152 0.589284 1 0 1.000000
Material_0
0  -0.557943 -2.891238 -16.191200  -0.999882 0.002252 -0.015198  0.931152 0.589284 1 0 1.000000
0  -0.557943 -1.949878 -15.356786  -0.999968 0.002207 -0.007632  0.933315 0.594906 1 0 1.000000
0  -0.287408 -2.734601 -16.481108  -0.272966 0.641842 -0.716609  0.931461 0.588966 1 0 1.000000
Material_0
0  -0.557943 -1.949878 -15.356786  -0.999968 0.002207 -0.007632  0.933315 0.594906 1 0 1.000000
0  -0.287408 -1.867976 -15.670854  -0.288328 0.547080 -0.785857  0.933624 0.594270 1 0 1.000000
0  -0.287408 -2.734601 -16.481108  -0.272966 0.641842 -0.716609  0.931461 0.588966 1 0 1.000000
Material_0
0  -0.287408 -2.734601 -16.481108  -0.272966 0.641842 -0.716609  0.931461 0.588966 1 0 1.000000
0  -0.287408 -1.867976 -15.670854  -0.288328 0.547080 -0.785857  0.933624 0.594270 1 0 1.000000
0  0.539023 -1.867976 -15.670854  0.288326 0.547086 -0.785853  0.936921 0.593209 1 0 1.000000
Material_0
0  -0.287408 -1.867976 -15.670854  -0.288328 0.547080 -0.785857  0.933624 0.594270 1 0 1.000000
0  0.539023 -1.243985 -15.546340  0.318907 -0.188885 -0.928774  0.937230 0.596073 1 0 1.000000
0  0.539023 -1.867976 -15.670854  0.288326 0.547086 -0.785853  0.936921 0.593209 1 0 1.000000
Material_0
0  0.539023 -1.243985 -15.546340  0.318907 -0.188885 -0.928774  0.937230 0.596073 1 0 1.000000
0  0.809713 -1.949878 -15.356786  0.999968 0.002237 -0.007654  0.938878 0.593103 1 0 1.000000
0  0.539023 -1.867976 -15.670854  0.288326 0.547086 -0.785853  0.936921 0.593209 1 0 1.000000
Material_0
0  0.539023 -1.867976 -15.670854  0.288326 0.547086 -0.785853  0.936921 0.593209 1 0 1.000000
0  0.809713 -1.949878 -15.356786  0.999968 0.002237 -0.007654  0.938878 0.593103 1 0 1.000000
0  0.809713 -2.891238 -16.191200  0.999882 0.002232 -0.015170  0.936715 0.587374 1 0 1.000000
Material_0
0  0.809713 -1.949878 -15.356786  0.999968 0.002237 -0.007654  0.938878 0.593103 1 0 1.000000
0  0.809713 -3.092921 -14.249191  0.999968 0.002176 0.007652  0.941865 0.590557 1 0 1.000000
0  0.809713 -2.891238 -16.191200  0.999882 0.002232 -0.015170  0.936715 0.587374 1 0 1.000000
Material_0
0  -0.287407 -3.858192 -13.845922  -0.300811 -0.315603 0.899949  0.938466 0.589602 1 0 1.000000
0  0.539023 -3.858192 -13.845922  0.300843 -0.315604 0.899938  0.941865 0.588541 1 0 1.000000
0  -0.287407 -3.178918 -13.933266  -0.297277 -0.282297 0.912104  0.938260 0.592254 1 0 1.000000
Material_0
0  0.809713 -2.891238 -16.191200  0.999882 0.002232 -0.015170  0.936715 0.587374 1 0 1.000000
0  0.539023 -2.734601 -16.481108  0.272950 0.641856 -0.716603  0.934757 0.587905 1 0 1.000000
0  0.539023 -1.867976 -15.670854  0.288326 0.547086 -0.785853  0.936921 0.593209 1 0 1.000000
Material_0
0  0.539023 -1.867976 -15.670854  0.288326 0.547086 -0.785853  0.936921 0.593209 1 0 1.000000
0  0.539023 -2.734601 -16.481108  0.272950 0.641856 -0.716603  0.934757 0.587905 1 0 1.000000
0  -0.287408 -2.734601 -16.481108  -0.272966 0.641842 -0.716609  0.931461 0.588966 1 0 1.000000
Material_0
0  0.539023 -2.734601 -16.481108  0.272950 0.641856 -0.716603  0.934757 0.587905 1 0 1.000000
0  0.539023 -3.289486 -16.962427  0.273921 0.565277 -0.778094  0.933521 0.584510 1 0 1.000000
0  -0.287408 -2.734601 -16.481108  -0.272966 0.641842 -0.716609  0.931461 0.588966 1 0 1.000000
Material_0
0  0.539023 -3.289486 -16.962427  0.273921 0.565277 -0.778094  0.933521 0.584510 1 0 1.000000
0  -0.287408 -3.289486 -16.962427  -0.273953 0.565296 -0.778068  0.930122 0.585677 1 0 1.000000
0  -0.287408 -2.734601 -16.481108  -0.272966 0.641842 -0.716609  0.931461 0.588966 1 0 1.000000
Material_0
0  -0.287408 -2.734601 -16.481108  -0.272966 0.641842 -0.716609  0.931461 0.588966 1 0 1.000000
0  -0.287408 -3.289486 -16.962427  -0.273953 0.565296 -0.778068  0.930122 0.585677 1 0 1.000000
0  -0.557943 -2.891238 -16.191200  -0.999882 0.002252 -0.015198  0.931152 0.589284 1 0 1.000000
Material_0
0  -0.287408 -3.289486 -16.962427  -0.273953 0.565296 -0.778068  0.930122 0.585677 1 0 1.000000
0  -0.557943 -3.437421 -16.672522  -0.999740 0.002249 -0.022702  0.929813 0.585995 1 0 1.000000
0  -0.557943 -2.891238 -16.191200  -0.999882 0.002252 -0.015198  0.931152 0.589284 1 0 1.000000
Material_0
0  -0.557943 -3.437421 -16.672522  -0.999740 0.002249 -0.022702  0.929813 0.585995 1 0 1.000000
0  -0.557943 -5.891920 -15.237849  -0.999883 0.002133 0.015174  0.933624 0.578569 1 0 1.000000
0  -0.557943 -2.891238 -16.191200  -0.999882 0.002252 -0.015198  0.931152 0.589284 1 0 1.000000
Material_0
0  -0.557943 -2.891238 -16.191200  -0.999882 0.002252 -0.015198  0.931152 0.589284 1 0 1.000000
0  -0.557943 -5.891920 -15.237849  -0.999883 0.002133 0.015174  0.933624 0.578569 1 0 1.000000
0  -0.557943 -4.780612 -14.827146  -0.999882 0.002110 0.015199  0.934757 0.584086 1 0 1.000000
Material_0
0  -0.557943 -5.891920 -15.237849  -0.999883 0.002133 0.015174  0.933624 0.578569 1 0 1.000000
0  -0.287407 -5.041675 -14.583700  -0.296500 -0.433015 0.851226  0.936509 0.583131 1 0 1.000000
0  -0.557943 -4.780612 -14.827146  -0.999882 0.002110 0.015199  0.934757 0.584086 1 0 1.000000
Material_0
0  -0.557943 -4.780612 -14.827146  -0.999882 0.002110 0.015199  0.934757 0.584086 1 0 1.000000
0  -0.287407 -5.041675 -14.583700  -0.296500 -0.433015 0.851226  0.936509 0.583131 1 0 1.000000
0  -0.287407 -3.858192 -13.845922  -0.300811 -0.315603 0.899949  0.938466 0.589602 1 0 1.000000
Material_0
0  -0.287407 -5.041675 -14.583700  -0.296500 -0.433015 0.851226  0.936509 0.583131 1 0 1.000000
0  0.539024 -5.041675 -14.583700  0.296520 -0.433019 0.851217  0.939805 0.581964 1 0 1.000000
0  -0.287407 -3.858192 -13.845922  -0.300811 -0.315603 0.899949  0.938466 0.589602 1 0 1.000000
Material_0
0  -0.287407 -3.858192 -13.845922  -0.300811 -0.315603 0.899949  0.938466 0.589602 1 0 1.000000
0  0.539024 -5.041675 -14.583700  0.296520 -0.433019 0.851217  0.939805 0.581964 1 0 1.000000
0  0.539023 -3.858192 -13.845922  0.300843 -0.315604 0.899938  0.941865 0.588541 1 0 1.000000
Material_0
0  0.539024 -5.041675 -14.583700  0.296520 -0.433019 0.851217  0.939805 0.581964 1 0 1.000000
0  0.809713 -3.757862 -14.213881  0.999739 0.002193 0.022733  0.941968 0.587799 1 0 1.000000
0  0.539023 -3.858192 -13.845922  0.300843 -0.315604 0.899938  0.941865 0.588541 1 0 1.000000
Material_0
0  0.539023 -3.858192 -13.845922  0.300843 -0.315604 0.899938  0.941865 0.588541 1 0 1.000000
0  0.809713 -3.757862 -14.213881  0.999739 0.002193 0.022733  0.941968 0.587799 1 0 1.000000
0  0.809713 -3.092921 -14.249191  0.999968 0.002176 0.007652  0.941865 0.590557 1 0 1.000000
Material_0
0  0.809713 -3.757862 -14.213881  0.999739 0.002193 0.022733  0.941968 0.587799 1 0 1.000000
0  0.809713 -4.780612 -14.827146  0.999882 0.002113 0.015196  0.940320 0.582282 1 0 1.000000
0  0.809713 -3.092921 -14.249191  0.999968 0.002176 0.007652  0.941865 0.590557 1 0 1.000000
Material_0
0  0.809713 -3.092921 -14.249191  0.999968 0.002176 0.007652  0.941865 0.590557 1 0 1.000000
0  0.809713 -4.780612 -14.827146  0.999882 0.002113 0.015196  0.940320 0.582282 1 0 1.000000
0  0.809713 -2.891238 -16.191200  0.999882 0.002232 -0.015170  0.936715 0.587374 1 0 1.000000
Material_0
0  0.809713 -4.780612 -14.827146  0.999882 0.002113 0.015196  0.940320 0.582282 1 0 1.000000
0  0.809713 -3.437421 -16.672522  0.999739 0.002223 -0.022729  0.935376 0.584192 1 0 1.000000
0  0.809713 -2.891238 -16.191200  0.999882 0.002232 -0.015170  0.936715 0.587374 1 0 1.000000
Material_0
0  0.809713 -2.891238 -16.191200  0.999882 0.002232 -0.015170  0.936715 0.587374 1 0 1.000000
0  0.809713 -3.437421 -16.672522  0.999739 0.002223 -0.022729  0.935376 0.584192 1 0 1.000000
0  0.539023 -2.734601 -16.481108  0.272950 0.641856 -0.716603  0.934757 0.587905 1 0 1.000000
Material_0
0  0.539023 -2.734601 -16.481108  0.272950 0.641856 -0.716603  0.934757 0.587905 1 0 1.000000
0  0.809713 -3.437421 -16.672522  0.999739 0.002223 -0.022729  0.935376 0.584192 1 0 1.000000
0  0.539023 -3.289486 -16.962427  0.273921 0.565277 -0.778094  0.933521 0.584510 1 0 1.000000
Material_0
0  0.809713 -3.437421 -16.672522  0.999739 0.002223 -0.022729  0.935376 0.584192 1 0 1.000000
0  0.809713 -5.737842 -18.179665  0.998968 0.002224 -0.045370  0.931358 0.571356 1 0 1.000000
0  0.539023 -3.289486 -16.962427  0.273921 0.565277 -0.778094  0.933521 0.584510 1 0 1.000000
Material_0
0  0.809713 -5.737842 -18.179665  0.998968 0.002224 -0.045370  0.931358 0.571356 1 0 1.000000
0  0.539023 -5.697402 -18.497448  0.274882 0.401200 -0.873773  0.929401 0.571250 1 0 1.000000
0  0.539023 -3.289486 -16.962427  0.273921 0.565277 -0.778094  0.933521 0.584510 1 0 1.000000
Material_0
0  0.539023 -3.289486 -16.962427  0.273921 0.565277 -0.778094  0.933521 0.584510 1 0 1.000000
0  0.539023 -5.697402 -18.497448  0.274882 0.401200 -0.873773  0.929401 0.571250 1 0 1.000000
0  -0.287408 -3.289486 -16.962427  -0.273953 0.565296 -0.778068  0.930122 0.585677 1 0 1.000000
Material_0
0  0.539023 -5.697402 -18.497448  0.274882 0.401200 -0.873773  0.929401 0.571250 1 0 1.000000
0  -0.287408 -5.697402 -18.497448  -0.274883 0.401226 -0.873760  0.926105 0.572417 1 0 1.000000
0  -0.287408 -3.289486 -16.962427  -0.273953 0.565296 -0.778068  0.930122 0.585677 1 0 1.000000
Material_0
0  -0.287408 -3.289486 -16.962427  -0.273953 0.565296 -0.778068  0.930122 0.585677 1 0 1.000000
0  -0.287408 -5.697402 -18.497448  -0.274883 0.401226 -0.873760  0.926105 0.572417 1 0 1.000000
0  -0.557943 -3.437421 -16.672522  -0.999740 0.002249 -0.022702  0.929813 0.585995 1 0 1.000000
Material_0
0  -0.287408 -5.697402 -18.497448  -0.274883 0.401226 -0.873760  0.926105 0.572417 1 0 1.000000
0  -0.557943 -5.737842 -18.179665  -0.998967 0.002191 -0.045387  0.925796 0.573265 1 0 1.000000
0  -0.557943 -3.437421 -16.672522  -0.999740 0.002249 -0.022702  0.929813 0.585995 1 0 1.000000
Material_0
0  -0.557943 -3.437421 -16.672522  -0.999740 0.002249 -0.022702  0.929813 0.585995 1 0 1.000000
0  -0.557943 -5.737842 -18.179665  -0.998967 0.002191 -0.045387  0.925796 0.573265 1 0 1.000000
0  -0.557943 -5.891920 -15.237849  -0.999883 0.002133 0.015174  0.933624 0.578569 1 0 1.000000
Material_0
0  0.809713 -4.780612 -14.827146  0.999882 0.002113 0.015196  0.940320 0.582282 1 0 1.000000
0  0.809713 -3.757862 -14.213881  0.999739 0.002193 0.022733  0.941968 0.587799 1 0 1.000000
0  0.539024 -5.041675 -14.583700  0.296520 -0.433019 0.851217  0.939805 0.581964 1 0 1.000000
Material_0
0  0.809713 -4.780612 -14.827146  0.999882 0.002113 0.015196  0.940320 0.582282 1 0 1.000000
0  0.809713 -5.891920 -15.237849  0.999883 0.002139 0.015154  0.939187 0.576766 1 0 1.000000
0  0.809713 -3.437421 -16.672522  0.999739 0.002223 -0.022729  0.935376 0.584192 1 0 1.000000
Material_0
0  0.809713 -5.891920 -15.237849  0.999883 0.002139 0.015154  0.939187 0.576766 1 0 1.000000
0  0.809713 -5.737842 -18.179665  0.998968 0.002224 -0.045370  0.931358 0.571356 1 0 1.000000
0  0.809713 -3.437421 -16.672522  0.999739 0.002223 -0.022729  0.935376 0.584192 1 0 1.000000
Material_0
0  -0.557943 -5.737842 -18.179665  -0.998967 0.002191 -0.045387  0.925796 0.573265 1 0 1.000000
0  -0.287408 -5.697402 -18.497448  -0.274883 0.401226 -0.873760  0.926105 0.572417 1 0 1.000000
0  -0.174221 -7.135293 -18.709305  -0.127453 -0.833431 -0.537725  0.926002 0.565733 1 0 1.000000
Material_0
0  -0.287408 -5.697402 -18.497448  -0.274883 0.401226 -0.873760  0.926105 0.572417 1 0 1.000000
0  0.425837 -7.135293 -18.709305  0.127485 -0.833414 -0.537745  0.928371 0.564991 1 0 1.000000
0  -0.174221 -7.135293 -18.709305  -0.127453 -0.833431 -0.537725  0.926002 0.565733 1 0 1.000000
Material_0
0  -0.174221 -7.135293 -18.709305  -0.127453 -0.833431 -0.537725  0.926002 0.565733 1 0 1.000000
0  0.425837 -7.135293 -18.709305  0.127485 -0.833414 -0.537745  0.928371 0.564991 1 0 1.000000
0  0.622407 -7.164982 -18.478865  0.802189 -0.583208 -0.127912  0.929813 0.564991 1 0 1.000000
Material_0
0  0.425837 -7.135293 -18.709305  0.127485 -0.833414 -0.537745  0.928371 0.564991 1 0 1.000000
0  0.539023 -5.697402 -18.497448  0.274882 0.401200 -0.873773  0.929401 0.571250 1 0 1.000000
0  0.622407 -7.164982 -18.478865  0.802189 -0.583208 -0.127912  0.929813 0.564991 1 0 1.000000
Material_0
0  0.539023 -5.697402 -18.497448  0.274882 0.401200 -0.873773  0.929401 0.571250 1 0 1.000000
0  0.809713 -5.737842 -18.179665  0.998968 0.002224 -0.045370  0.931358 0.571356 1 0 1.000000
0  0.622407 -7.164982 -18.478865  0.802189 -0.583208 -0.127912  0.929813 0.564991 1 0 1.000000
Material_0
0  0.622407 -7.164982 -18.478865  0.802189 -0.583208 -0.127912  0.929813 0.564991 1 0 1.000000
0  0.809713 -5.737842 -18.179665  0.998968 0.002224 -0.045370  0.931358 0.571356 1 0 1.000000
0  0.622408 -7.435258 -16.042528  0.791406 -0.611279 -0.003702  0.936303 0.568810 1 0 1.000000
Material_0
0  0.809713 -5.737842 -18.179665  0.998968 0.002224 -0.045370  0.931358 0.571356 1 0 1.000000
0  0.809713 -5.891920 -15.237849  0.999883 0.002139 0.015154  0.939187 0.576766 1 0 1.000000
0  0.622408 -7.435258 -16.042528  0.791406 -0.611279 -0.003702  0.936303 0.568810 1 0 1.000000
Material_0
0  0.622408 -7.435258 -16.042528  0.791406 -0.611279 -0.003702  0.936303 0.568810 1 0 1.000000
0  0.809713 -5.891920 -15.237849  0.999883 0.002139 0.015154  0.939187 0.576766 1 0 1.000000
0  0.425837 -7.464948 -15.812087  0.117739 -0.952241 0.281736  0.936097 0.569446 1 0 1.000000
Material_0
0  0.425837 -7.464948 -15.812087  0.117739 -0.952241 0.281736  0.936097 0.569446 1 0 1.000000
0  0.809713 -5.891920 -15.237849  0.999883 0.002139 0.015154  0.939187 0.576766 1 0 1.000000
0  0.539024 -5.986106 -14.934932  0.282354 -0.436946 0.854023  0.938878 0.577296 1 0 1.000000
Material_0
0  0.809713 -5.891920 -15.237849  0.999883 0.002139 0.015154  0.939187 0.576766 1 0 1.000000
0  0.809713 -4.780612 -14.827146  0.999882 0.002113 0.015196  0.940320 0.582282 1 0 1.000000
0  0.539024 -5.986106 -14.934932  0.282354 -0.436946 0.854023  0.938878 0.577296 1 0 1.000000
Material_0
0  0.809713 -4.780612 -14.827146  0.999882 0.002113 0.015196  0.940320 0.582282 1 0 1.000000
0  0.539024 -5.041675 -14.583700  0.296520 -0.433019 0.851217  0.939805 0.581964 1 0 1.000000
0  0.539024 -5.986106 -14.934932  0.282354 -0.436946 0.854023  0.938878 0.577296 1 0 1.000000
Material_0
0  0.539024 -5.041675 -14.583700  0.296520 -0.433019 0.851217  0.939805 0.581964 1 0 1.000000
0  -0.287407 -5.041675 -14.583700  -0.296500 -0.433015 0.851226  0.936509 0.583131 1 0 1.000000
0  0.539024 -5.986106 -14.934932  0.282354 -0.436946 0.854023  0.938878 0.577296 1 0 1.000000
Material_0
0  0.539024 -5.986106 -14.934932  0.282354 -0.436946 0.854023  0.938878 0.577296 1 0 1.000000
0  -0.287407 -5.041675 -14.583700  -0.296500 -0.433015 0.851226  0.936509 0.583131 1 0 1.000000
0  -0.287407 -5.986106 -14.934932  -0.282364 -0.436948 0.854018  0.935582 0.578463 1 0 1.000000
Material_0
0  -0.287407 -5.041675 -14.583700  -0.296500 -0.433015 0.851226  0.936509 0.583131 1 0 1.000000
0  -0.557943 -5.891920 -15.237849  -0.999883 0.002133 0.015174  0.933624 0.578569 1 0 1.000000
0  -0.287407 -5.986106 -14.934932  -0.282364 -0.436948 0.854018  0.935582 0.578463 1 0 1.000000
Material_0
0  -0.557943 -5.891920 -15.237849  -0.999883 0.002133 0.015174  0.933624 0.578569 1 0 1.000000
0  -0.370637 -7.435258 -16.042528  -0.791404 -0.611282 -0.003730  0.932285 0.570189 1 0 1.000000
0  -0.287407 -5.986106 -14.934932  -0.282364 -0.436948 0.854018  0.935582 0.578463 1 0 1.000000
Material_0
0  -0.287407 -5.986106 -14.934932  -0.282364 -0.436948 0.854018  0.935582 0.578463 1 0 1.000000
0  -0.370637 -7.435258 -16.042528  -0.791404 -0.611282 -0.003730  0.932285 0.570189 1 0 1.000000
0  -0.174220 -7.464948 -15.812087  -0.117757 -0.952230 0.281764  0.933624 0.570295 1 0 1.000000
Material_0
0  -0.370637 -7.435258 -16.042528  -0.791404 -0.611282 -0.003730  0.932285 0.570189 1 0 1.000000
0  0.425837 -7.464948 -15.812087  0.117739 -0.952241 0.281736  0.936097 0.569446 1 0 1.000000
0  -0.174220 -7.464948 -15.812087  -0.117757 -0.952230 0.281764  0.933624 0.570295 1 0 1.000000
Material_0
0  0.425837 -7.464948 -15.812087  0.117739 -0.952241 0.281736  0.936097 0.569446 1 0 1.000000
0  0.539024 -5.986106 -14.934932  0.282354 -0.436946 0.854023  0.938878 0.577296 1 0 1.000000
0  -0.174220 -7.464948 -15.812087  -0.117757 -0.952230 0.281764  0.933624 0.570295 1 0 1.000000
Material_0
0  -0.174220 -7.464948 -15.812087  -0.117757 -0.952230 0.281764  0.933624 0.570295 1 0 1.000000
0  0.539024 -5.986106 -14.934932  0.282354 -0.436946 0.854023  0.938878 0.577296 1 0 1.000000
0  -0.287407 -5.986106 -14.934932  -0.282364 -0.436948 0.854018  0.935582 0.578463 1 0 1.000000
Material_0
0  0.539023 -5.697402 -18.497448  0.274882 0.401200 -0.873773  0.929401 0.571250 1 0 1.000000
0  0.425837 -7.135293 -18.709305  0.127485 -0.833414 -0.537745  0.928371 0.564991 1 0 1.000000
0  -0.287408 -5.697402 -18.497448  -0.274883 0.401226 -0.873760  0.926105 0.572417 1 0 1.000000
Material_0
0  0.622408 -7.435258 -16.042528  0.791406 -0.611279 -0.003702  0.936303 0.568810 1 0 1.000000
0  0.425837 -7.464948 -15.812087  0.117739 -0.952241 0.281736  0.936097 0.569446 1 0 1.000000
0  0.622407 -7.164982 -18.478865  0.802189 -0.583208 -0.127912  0.929813 0.564991 1 0 1.000000
Material_0
0  0.425837 -7.464948 -15.812087  0.117739 -0.952241 0.281736  0.936097 0.569446 1 0 1.000000
0  -0.370637 -7.435258 -16.042528  -0.791404 -0.611282 -0.003730  0.932285 0.570189 1 0 1.000000
0  0.622407 -7.164982 -18.478865  0.802189 -0.583208 -0.127912  0.929813 0.564991 1 0 1.000000
Material_0
0  0.622407 -7.164982 -18.478865  0.802189 -0.583208 -0.127912  0.929813 0.564991 1 0 1.000000
0  -0.370637 -7.435258 -16.042528  -0.791404 -0.611282 -0.003730  0.932285 0.570189 1 0 1.000000
0  -0.174221 -7.135293 -18.709305  -0.127453 -0.833431 -0.537725  0.926002 0.565733 1 0 1.000000
Material_0
0  -0.370637 -7.435258 -16.042528  -0.791404 -0.611282 -0.003730  0.932285 0.570189 1 0 1.000000
0  -0.370637 -7.164982 -18.478865  -0.802160 -0.583245 -0.127925  0.925796 0.566370 1 0 1.000000
0  -0.174221 -7.135293 -18.709305  -0.127453 -0.833431 -0.537725  0.926002 0.565733 1 0 1.000000
Material_0
0  -0.174221 -7.135293 -18.709305  -0.127453 -0.833431 -0.537725  0.926002 0.565733 1 0 1.000000
0  -0.370637 -7.164982 -18.478865  -0.802160 -0.583245 -0.127925  0.925796 0.566370 1 0 1.000000
0  -0.557943 -5.737842 -18.179665  -0.998967 0.002191 -0.045387  0.925796 0.573265 1 0 1.000000
Material_0
0  -0.557943 -5.737842 -18.179665  -0.998967 0.002191 -0.045387  0.925796 0.573265 1 0 1.000000
0  -0.370637 -7.164982 -18.478865  -0.802160 -0.583245 -0.127925  0.925796 0.566370 1 0 1.000000
0  -0.557943 -5.891920 -15.237849  -0.999883 0.002133 0.015174  0.933624 0.578569 1 0 1.000000
Material_0
0  -0.370637 -7.164982 -18.478865  -0.802160 -0.583245 -0.127925  0.925796 0.566370 1 0 1.000000
0  -0.370637 -7.435258 -16.042528  -0.791404 -0.611282 -0.003730  0.932285 0.570189 1 0 1.000000
0  -0.557943 -5.891920 -15.237849  -0.999883 0.002133 0.015174  0.933624 0.578569 1 0 1.000000
Material_0
0  0.502891 -7.190065 -14.645025  0.282772 -0.197459 0.938643  0.897262 0.119336 1 0 1.000000
0  1.104956 -7.264289 -15.050151  0.765670 -0.154453 0.624414  0.899631 0.115942 1 0 1.000000
0  1.104956 -6.128922 -14.925639  0.767528 0.041433 0.639675  0.900249 0.124746 1 0 1.000000
Material_0
0  1.104956 -7.264289 -15.050151  0.765670 -0.154453 0.624414  0.899631 0.115942 1 0 1.000000
0  1.604489 -7.239206 -15.962617  0.988727 -0.098122 0.113100  0.899013 0.111698 1 0 1.000000
0  1.104956 -6.128922 -14.925639  0.767528 0.041433 0.639675  0.900249 0.124746 1 0 1.000000
Material_0
0  1.104956 -6.128922 -14.925639  0.767528 0.041433 0.639675  0.900249 0.124746 1 0 1.000000
0  1.604489 -7.239206 -15.962617  0.988727 -0.098122 0.113100  0.899013 0.111698 1 0 1.000000
0  1.604489 -5.954370 -15.821380  0.987935 0.067615 0.139326  0.899631 0.121776 1 0 1.000000
Material_0
0  1.604489 -7.239206 -15.962617  0.988727 -0.098122 0.113100  0.899013 0.111698 1 0 1.000000
0  1.604488 -6.926444 -18.798506  0.987935 -0.067621 -0.139330  0.885725 0.103954 1 0 1.000000
0  1.604489 -5.954370 -15.821380  0.987935 0.067615 0.139326  0.899631 0.121776 1 0 1.000000
Material_0
0  1.604489 -5.954370 -15.821380  0.987935 0.067615 0.139326  0.899631 0.121776 1 0 1.000000
0  1.604488 -6.926444 -18.798506  0.987935 -0.067621 -0.139330  0.885725 0.103954 1 0 1.000000
0  1.604488 -5.642118 -18.657269  0.988724 0.098112 -0.113128  0.886446 0.113926 1 0 1.000000
Material_0
0  1.604488 -6.926444 -18.798506  0.987935 -0.067621 -0.139330  0.885725 0.103954 1 0 1.000000
0  1.104955 -6.751890 -19.694244  0.767529 -0.041399 -0.639677  0.877999 0.103212 1 0 1.000000
0  1.604488 -5.642118 -18.657269  0.988724 0.098112 -0.113128  0.886446 0.113926 1 0 1.000000
Material_0
0  1.604488 -5.642118 -18.657269  0.988724 0.098112 -0.113128  0.886446 0.113926 1 0 1.000000
0  1.104955 -6.751890 -19.694244  0.767529 -0.041399 -0.639677  0.877999 0.103212 1 0 1.000000
0  1.104955 -5.617037 -19.569733  0.765675 0.154481 -0.624402  0.878617 0.112016 1 0 1.000000
Material_0
0  1.104955 -5.617037 -19.569733  0.765675 0.154481 -0.624402  0.878617 0.112016 1 0 1.000000
0  1.104955 -6.751890 -19.694244  0.767529 -0.041399 -0.639677  0.877999 0.103212 1 0 1.000000
0  0.502889 -5.691260 -19.974861  0.282767 0.197460 -0.938644  0.872436 0.111380 1 0 1.000000
Material_0
0  1.104955 -6.751890 -19.694244  0.767529 -0.041399 -0.639677  0.877999 0.103212 1 0 1.000000
0  0.502890 -6.590135 -20.073357  0.282805 0.041505 -0.958279  0.871921 0.104485 1 0 1.000000
0  0.502889 -5.691260 -19.974861  0.282767 0.197460 -0.938644  0.872436 0.111380 1 0 1.000000
Material_0
0  0.502889 -5.691260 -19.974861  0.282767 0.197460 -0.938644  0.872436 0.111380 1 0 1.000000
0  0.502890 -6.590135 -20.073357  0.282805 0.041505 -0.958279  0.871921 0.104485 1 0 1.000000
0  -0.258841 -5.691260 -19.974861  -0.282764 0.197494 -0.938638  0.866977 0.113183 1 0 1.000000
Material_0
0  0.502890 -6.590135 -20.073357  0.282805 0.041505 -0.958279  0.871921 0.104485 1 0 1.000000
0  -0.258841 -6.590135 -20.073357  -0.282818 0.041529 -0.958274  0.866565 0.106182 1 0 1.000000
0  -0.258841 -5.691260 -19.974861  -0.282764 0.197494 -0.938638  0.866977 0.113183 1 0 1.000000
Material_0
0  -0.258841 -5.691260 -19.974861  -0.282764 0.197494 -0.938638  0.866977 0.113183 1 0 1.000000
0  -0.258841 -6.590135 -20.073357  -0.282818 0.041529 -0.958274  0.866565 0.106182 1 0 1.000000
0  -0.860906 -5.617037 -19.569733  -0.765666 0.154449 -0.624421  0.864608 0.116578 1 0 1.000000
Material_0
0  -0.258841 -6.590135 -20.073357  -0.282818 0.041529 -0.958274  0.866565 0.106182 1 0 1.000000
0  -0.860906 -6.751890 -19.694244  -0.767533 -0.041438 -0.639669  0.863990 0.107773 1 0 1.000000
0  -0.860906 -5.617037 -19.569733  -0.765666 0.154449 -0.624421  0.864608 0.116578 1 0 1.000000
Material_0
0  -0.860906 -6.751890 -19.694244  -0.767533 -0.041438 -0.639669  0.863990 0.107773 1 0 1.000000
0  -1.360439 -6.926444 -18.798506  -0.987935 -0.067637 -0.139321  0.864608 0.110850 1 0 1.000000
0  -0.860906 -5.617037 -19.569733  -0.765666 0.154449 -0.624421  0.864608 0.116578 1 0 1.000000
Material_0
0  -0.860906 -5.617037 -19.569733  -0.765666 0.154449 -0.624421  0.864608 0.116578 1 0 1.000000
0  -1.360439 -6.926444 -18.798506  -0.987935 -0.067637 -0.139321  0.864608 0.110850 1 0 1.000000
0  -1.360439 -5.642119 -18.657269  -0.988728 0.098112 -0.113097  0.865329 0.120821 1 0 1.000000
Material_0
0  -1.360439 -6.926444 -18.798506  -0.987935 -0.067637 -0.139321  0.864608 0.110850 1 0 1.000000
0  -1.360439 -7.239206 -15.962617  -0.988725 -0.098111 0.113122  0.877896 0.118700 1 0 1.000000
0  -1.360439 -5.642119 -18.657269  -0.988728 0.098112 -0.113097  0.865329 0.120821 1 0 1.000000
Material_0
0  -1.360439 -5.642119 -18.657269  -0.988728 0.098112 -0.113097  0.865329 0.120821 1 0 1.000000
0  -1.360439 -7.239206 -15.962617  -0.988725 -0.098111 0.113122  0.877896 0.118700 1 0 1.000000
0  -1.360439 -5.954370 -15.821380  -0.987936 0.067631 0.139317  0.878514 0.128672 1 0 1.000000
Material_0
0  -1.360439 -7.239206 -15.962617  -0.988725 -0.098111 0.113122  0.877896 0.118700 1 0 1.000000
0  -0.860905 -7.264289 -15.050151  -0.765667 -0.154465 0.624415  0.885622 0.120609 1 0 1.000000
0  -1.360439 -5.954370 -15.821380  -0.987936 0.067631 0.139317  0.878514 0.128672 1 0 1.000000
Material_0
0  -1.360439 -5.954370 -15.821380  -0.987936 0.067631 0.139317  0.878514 0.128672 1 0 1.000000
0  -0.860905 -7.264289 -15.050151  -0.765667 -0.154465 0.624415  0.885622 0.120609 1 0 1.000000
0  -0.860905 -6.128922 -14.925639  -0.767530 0.041416 0.639673  0.886240 0.129414 1 0 1.000000
Material_0
0  -0.860905 -6.128922 -14.925639  -0.767530 0.041416 0.639673  0.886240 0.129414 1 0 1.000000
0  -0.860905 -7.264289 -15.050151  -0.765667 -0.154465 0.624415  0.885622 0.120609 1 0 1.000000
0  -0.258840 -6.290679 -14.546531  -0.282815 -0.041530 0.958275  0.892317 0.128141 1 0 1.000000
Material_0
0  -0.860905 -7.264289 -15.050151  -0.765667 -0.154465 0.624415  0.885622 0.120609 1 0 1.000000
0  -0.258840 -7.190065 -14.645025  -0.282762 -0.197488 0.938640  0.891802 0.121140 1 0 1.000000
0  -0.258840 -6.290679 -14.546531  -0.282815 -0.041530 0.958275  0.892317 0.128141 1 0 1.000000
Material_0
0  -0.258840 -6.290679 -14.546531  -0.282815 -0.041530 0.958275  0.892317 0.128141 1 0 1.000000
0  -0.258840 -7.190065 -14.645025  -0.282762 -0.197488 0.938640  0.891802 0.121140 1 0 1.000000
0  0.502891 -6.290679 -14.546531  0.282806 -0.041500 0.958279  0.897777 0.126338 1 0 1.000000
Material_0
0  -0.258840 -7.190065 -14.645025  -0.282762 -0.197488 0.938640  0.891802 0.121140 1 0 1.000000
0  0.502891 -7.190065 -14.645025  0.282772 -0.197459 0.938643  0.897262 0.119336 1 0 1.000000
0  0.502891 -6.290679 -14.546531  0.282806 -0.041500 0.958279  0.897777 0.126338 1 0 1.000000
Material_0
0  0.502891 -6.290679 -14.546531  0.282806 -0.041500 0.958279  0.897777 0.126338 1 0 1.000000
0  0.502891 -7.190065 -14.645025  0.282772 -0.197459 0.938643  0.897262 0.119336 1 0 1.000000
0  1.104956 -6.128922 -14.925639  0.767528 0.041433 0.639675  0.900249 0.124746 1 0 1.000000
Material_0
0  -0.981195 1.156254 -9.192540  -0.494829 0.332192 -0.802990  0.871509 0.140659 1 0 1.000000
0  -0.981194 -0.242733 -9.196256  -0.506789 -0.373089 -0.777155  0.871509 0.130369 1 0 1.000000
0  -1.179927 -0.192568 -9.090328  -0.506802 -0.373063 -0.777158  0.870582 0.131536 1 0 1.000000
Material_0
0  -0.981194 -0.242733 -9.196256  -0.506789 -0.373089 -0.777155  0.871509 0.130369 1 0 1.000000
0  -0.981349 -0.420358 -8.975108  -0.508196 -0.842995 -0.176343  0.872539 0.129838 1 0 1.000000
0  -1.179927 -0.192568 -9.090328  -0.506802 -0.373063 -0.777158  0.870582 0.131536 1 0 1.000000
Material_0
0  -1.179927 -0.192568 -9.090328  -0.506802 -0.373063 -0.777158  0.870582 0.131536 1 0 1.000000
0  -0.981349 -0.420358 -8.975108  -0.508196 -0.842995 -0.176343  0.872539 0.129838 1 0 1.000000
0  -1.179927 -0.306719 -8.949091  -0.506236 -0.845293 -0.170894  0.871200 0.131217 1 0 1.000000
Material_0
0  -0.981349 -0.420358 -8.975108  -0.508196 -0.842995 -0.176343  0.872539 0.129838 1 0 1.000000
0  -0.981348 0.460600 -5.763828  -0.488135 -0.730622 0.477405  0.887476 0.147766 1 0 1.000000
0  -1.179927 -0.306719 -8.949091  -0.506236 -0.845293 -0.170894  0.871200 0.131217 1 0 1.000000
Material_0
0  -1.179927 -0.306719 -8.949091  -0.506236 -0.845293 -0.170894  0.871200 0.131217 1 0 1.000000
0  -0.981348 0.460600 -5.763828  -0.488135 -0.730622 0.477405  0.887476 0.147766 1 0 1.000000
0  -1.180081 0.555811 -5.823296  -0.489056 -0.727644 0.480998  0.885725 0.148721 1 0 1.000000
Material_0
0  -0.981348 0.460600 -5.763828  -0.488135 -0.730622 0.477405  0.887476 0.147766 1 0 1.000000
0  -0.981348 0.734972 -5.542681  -0.489296 -0.290685 0.822248  0.888506 0.150631 1 0 1.000000
0  -1.180081 0.555811 -5.823296  -0.489056 -0.727644 0.480998  0.885725 0.148721 1 0 1.000000
Material_0
0  -1.180081 0.555811 -5.823296  -0.489056 -0.727644 0.480998  0.885725 0.148721 1 0 1.000000
0  -0.981348 0.734972 -5.542681  -0.489296 -0.290685 0.822248  0.888506 0.150631 1 0 1.000000
0  -1.180081 0.772339 -5.648609  -0.489313 -0.290700 0.822233  0.886549 0.150949 1 0 1.000000
Material_0
0  -1.180081 0.772339 -5.648609  -0.489313 -0.290700 0.822233  0.886549 0.150949 1 0 1.000000
0  -0.981348 0.734972 -5.542681  -0.489296 -0.290685 0.822248  0.888506 0.150631 1 0 1.000000
0  -1.179927 1.113256 -5.646750  -0.497648 0.328027 0.802960  0.886549 0.153495 1 0 1.000000
Material_0
0  -0.981348 0.734972 -5.542681  -0.489296 -0.290685 0.822248  0.888506 0.150631 1 0 1.000000
0  -0.981349 1.156767 -5.540823  -0.498052 0.332186 0.800998  0.888506 0.153707 1 0 1.000000
0  -1.179927 1.113256 -5.646750  -0.497648 0.328027 0.802960  0.886549 0.153495 1 0 1.000000
Material_0
0  -0.981349 1.156767 -5.540823  -0.498052 0.332186 0.800998  0.888506 0.153707 1 0 1.000000
0  -0.981194 1.382509 -5.767545  -0.500250 0.800739 0.329495  0.887476 0.154556 1 0 1.000000
0  -1.179927 1.113256 -5.646750  -0.497648 0.328027 0.802960  0.886549 0.153495 1 0 1.000000
Material_0
0  -1.179927 1.113256 -5.646750  -0.497648 0.328027 0.802960  0.886549 0.153495 1 0 1.000000
0  -0.981194 1.382509 -5.767545  -0.500250 0.800739 0.329495  0.887476 0.154556 1 0 1.000000
0  -1.179927 1.277060 -5.810288  -0.500296 0.800720 0.329472  0.885828 0.154131 1 0 1.000000
Material_0
0  -0.981194 1.382509 -5.767545  -0.500250 0.800739 0.329495  0.887476 0.154556 1 0 1.000000
0  -0.981195 1.382508 -8.965817  -0.498157 0.800781 -0.332550  0.872539 0.143205 1 0 1.000000
0  -1.179927 1.277060 -5.810288  -0.500296 0.800720 0.329472  0.885828 0.154131 1 0 1.000000
Material_0
0  -1.179927 1.277060 -5.810288  -0.500296 0.800720 0.329472  0.885828 0.154131 1 0 1.000000
0  -0.981195 1.382508 -8.965817  -0.498157 0.800781 -0.332550  0.872539 0.143205 1 0 1.000000
0  -1.179927 1.277059 -8.923075  -0.498024 0.800798 -0.332708  0.871303 0.142993 1 0 1.000000
Material_0
0  -0.981195 1.382508 -8.965817  -0.498157 0.800781 -0.332550  0.872539 0.143205 1 0 1.000000
0  -0.981195 1.156254 -9.192540  -0.494829 0.332192 -0.802990  0.871509 0.140659 1 0 1.000000
0  -1.179927 1.277059 -8.923075  -0.498024 0.800798 -0.332708  0.871303 0.142993 1 0 1.000000
Material_0
0  -1.179927 1.277059 -8.923075  -0.498024 0.800798 -0.332708  0.871303 0.142993 1 0 1.000000
0  -0.981195 1.156254 -9.192540  -0.494829 0.332192 -0.802990  0.871509 0.140659 1 0 1.000000
0  -1.179927 1.112744 -9.086612  -0.494838 0.332191 -0.802985  0.870582 0.141189 1 0 1.000000
Material_0
0  -0.981195 1.156254 -9.192540  -0.494829 0.332192 -0.802990  0.871509 0.140659 1 0 1.000000
0  -1.179927 -0.192568 -9.090328  -0.506802 -0.373063 -0.777158  0.870582 0.131536 1 0 1.000000
0  -1.179927 1.112744 -9.086612  -0.494838 0.332191 -0.802985  0.870582 0.141189 1 0 1.000000
Material_0
0  1.225399 1.156255 -9.192540  0.494824 0.332193 -0.802992  0.871509 0.140659 1 0 1.000000
0  1.423978 -0.192568 -9.090328  0.506822 -0.373025 -0.777164  0.870582 0.131536 1 0 1.000000
0  1.225400 -0.242733 -9.196256  0.506814 -0.373049 -0.777158  0.871509 0.130369 1 0 1.000000
Material_0
0  1.225400 -0.242733 -9.196256  0.506814 -0.373049 -0.777158  0.871509 0.130369 1 0 1.000000
0  1.423978 -0.192568 -9.090328  0.506822 -0.373025 -0.777164  0.870582 0.131536 1 0 1.000000
0  1.225400 -0.420357 -8.975109  0.508217 -0.842987 -0.176319  0.872539 0.129838 1 0 1.000000
Material_0
0  1.423978 -0.192568 -9.090328  0.506822 -0.373025 -0.777164  0.870582 0.131536 1 0 1.000000
0  1.423978 -0.306719 -8.949091  0.506239 -0.845280 -0.170949  0.871200 0.131217 1 0 1.000000
0  1.225400 -0.420357 -8.975109  0.508217 -0.842987 -0.176319  0.872539 0.129838 1 0 1.000000
Material_0
0  1.225400 -0.420357 -8.975109  0.508217 -0.842987 -0.176319  0.872539 0.129838 1 0 1.000000
0  1.423978 -0.306719 -8.949091  0.506239 -0.845280 -0.170949  0.871200 0.131217 1 0 1.000000
0  1.225400 0.460601 -5.763828  0.488136 -0.730622 0.477404  0.887476 0.147766 1 0 1.000000
Material_0
0  1.423978 -0.306719 -8.949091  0.506239 -0.845280 -0.170949  0.871200 0.131217 1 0 1.000000
0  1.424133 0.555812 -5.823296  0.489102 -0.727629 0.480973  0.885725 0.148721 1 0 1.000000
0  1.225400 0.460601 -5.763828  0.488136 -0.730622 0.477404  0.887476 0.147766 1 0 1.000000
Material_0
0  1.225400 0.460601 -5.763828  0.488136 -0.730622 0.477404  0.887476 0.147766 1 0 1.000000
0  1.424133 0.555812 -5.823296  0.489102 -0.727629 0.480973  0.885725 0.148721 1 0 1.000000
0  1.225400 0.734972 -5.542681  0.489252 -0.290670 0.822279  0.888506 0.150631 1 0 1.000000
Material_0
0  1.424133 0.555812 -5.823296  0.489102 -0.727629 0.480973  0.885725 0.148721 1 0 1.000000
0  1.424132 0.772340 -5.648609  0.489272 -0.290676 0.822265  0.886549 0.150949 1 0 1.000000
0  1.225400 0.734972 -5.542681  0.489252 -0.290670 0.822279  0.888506 0.150631 1 0 1.000000
Material_0
0  1.424132 0.772340 -5.648609  0.489272 -0.290676 0.822265  0.886549 0.150949 1 0 1.000000
0  1.423978 1.113257 -5.646750  0.497679 0.328079 0.802920  0.886549 0.153495 1 0 1.000000
0  1.225400 0.734972 -5.542681  0.489252 -0.290670 0.822279  0.888506 0.150631 1 0 1.000000
Material_0
0  1.225400 0.734972 -5.542681  0.489252 -0.290670 0.822279  0.888506 0.150631 1 0 1.000000
0  1.423978 1.113257 -5.646750  0.497679 0.328079 0.802920  0.886549 0.153495 1 0 1.000000
0  1.225400 1.156767 -5.540823  0.498087 0.332145 0.800993  0.888506 0.153707 1 0 1.000000
Material_0
0  1.225400 1.156767 -5.540823  0.498087 0.332145 0.800993  0.888506 0.153707 1 0 1.000000
0  1.423978 1.113257 -5.646750  0.497679 0.328079 0.802920  0.886549 0.153495 1 0 1.000000
0  1.225400 1.382509 -5.767545  0.500252 0.800737 0.329497  0.887476 0.154556 1 0 1.000000
Material_0
0  1.423978 1.113257 -5.646750  0.497679 0.328079 0.802920  0.886549 0.153495 1 0 1.000000
0  1.423978 1.277061 -5.810288  0.500311 0.800719 0.329452  0.885828 0.154131 1 0 1.000000
0  1.225400 1.382509 -5.767545  0.500252 0.800737 0.329497  0.887476 0.154556 1 0 1.000000
Material_0
0  1.225400 1.382509 -5.767545  0.500252 0.800737 0.329497  0.887476 0.154556 1 0 1.000000
0  1.423978 1.277061 -5.810288  0.500311 0.800719 0.329452  0.885828 0.154131 1 0 1.000000
0  1.225399 1.382509 -8.965817  0.498229 0.800700 -0.332637  0.872539 0.143205 1 0 1.000000
Material_0
0  1.423978 1.277061 -5.810288  0.500311 0.800719 0.329452  0.885828 0.154131 1 0 1.000000
0  1.423978 1.277060 -8.923075  0.498281 0.800699 -0.332561  0.871303 0.142993 1 0 1.000000
0  1.225399 1.382509 -8.965817  0.498229 0.800700 -0.332637  0.872539 0.143205 1 0 1.000000
Material_0
0  1.225399 1.382509 -8.965817  0.498229 0.800700 -0.332637  0.872539 0.143205 1 0 1.000000
0  1.423978 1.277060 -8.923075  0.498281 0.800699 -0.332561  0.871303 0.142993 1 0 1.000000
0  1.225399 1.156255 -9.192540  0.494824 0.332193 -0.802992  0.871509 0.140659 1 0 1.000000
Material_0
0  1.423978 1.277060 -8.923075  0.498281 0.800699 -0.332561  0.871303 0.142993 1 0 1.000000
0  1.423978 1.112744 -9.086613  0.494837 0.332193 -0.802984  0.870582 0.141189 1 0 1.000000
0  1.225399 1.156255 -9.192540  0.494824 0.332193 -0.802992  0.871509 0.140659 1 0 1.000000
Material_0
0  1.225399 1.156255 -9.192540  0.494824 0.332193 -0.802992  0.871509 0.140659 1 0 1.000000
0  1.423978 1.112744 -9.086613  0.494837 0.332193 -0.802984  0.870582 0.141189 1 0 1.000000
0  1.423978 -0.192568 -9.090328  0.506822 -0.373025 -0.777164  0.870582 0.131536 1 0 1.000000
Material_0
0  1.752265 0.251751 -4.884815  -0.000005 0.002171 -0.999998  0.499334 0.346354 1 0 1.000000
0  1.151435 0.010140 -4.782603  0.065359 -0.997855 -0.003798  0.499231 0.346354 1 0 1.000000
0  1.140626 0.167801 -4.884814  -0.000036 0.002201 -0.999998  0.499231 0.346354 1 0 1.000000
Material_0
0  1.140626 0.167801 -4.884814  -0.000036 0.002201 -0.999998  0.499231 0.346354 1 0 1.000000
0  1.151435 0.010140 -4.782603  0.065359 -0.997855 -0.003798  0.499231 0.346354 1 0 1.000000
0  0.560334 0.167801 -4.884814  -0.000041 0.002208 -0.999997  0.499231 0.346354 1 0 1.000000
Material_0
0  1.151435 0.010140 -4.782603  0.065359 -0.997855 -0.003798  0.499231 0.346354 1 0 1.000000
0  0.396499 0.010140 -4.782603  -0.000020 -1.000000 -0.000075  0.499231 0.346354 1 0 1.000000
0  0.560334 0.167801 -4.884814  -0.000041 0.002208 -0.999997  0.499231 0.346354 1 0 1.000000
Material_0
0  0.396499 0.010140 -4.782603  -0.000020 -1.000000 -0.000075  0.499231 0.346354 1 0 1.000000
0  0.396499 0.274274 -4.782604  -0.157761 -0.421140 -0.893170  0.499231 0.346354 1 0 1.000000
0  0.560334 0.167801 -4.884814  -0.000041 0.002208 -0.999997  0.499231 0.346354 1 0 1.000000
Material_0
0  0.560334 0.167801 -4.884814  -0.000041 0.002208 -0.999997  0.499231 0.346354 1 0 1.000000
0  0.396499 0.274274 -4.782604  -0.157761 -0.421140 -0.893170  0.499231 0.346354 1 0 1.000000
0  0.560334 0.431935 -4.884814  -0.000039 0.002133 -0.999998  0.499231 0.346354 1 0 1.000000
Material_0
0  0.560334 0.431935 -4.884814  -0.000039 0.002133 -0.999998  0.499231 0.346354 1 0 1.000000
0  0.396499 0.274274 -4.782604  -0.157761 -0.421140 -0.893170  0.499231 0.346354 1 0 1.000000
0  -0.316282 0.431935 -4.884814  0.000069 0.002180 -0.999998  0.499231 0.346354 1 0 1.000000
Material_0
0  0.396499 0.274274 -4.782604  -0.157761 -0.421140 -0.893170  0.499231 0.346354 1 0 1.000000
0  -0.152447 0.274274 -4.782604  0.157768 -0.421123 -0.893177  0.499231 0.346354 1 0 1.000000
0  -0.316282 0.431935 -4.884814  0.000069 0.002180 -0.999998  0.499231 0.346354 1 0 1.000000
Material_0
0  -0.316282 0.431935 -4.884814  0.000069 0.002180 -0.999998  0.499231 0.346354 1 0 1.000000
0  -0.152447 0.274274 -4.782604  0.157768 -0.421123 -0.893177  0.499231 0.346354 1 0 1.000000
0  -0.316282 0.167801 -4.884814  -0.000022 0.002149 -0.999998  0.499231 0.346354 1 0 1.000000
Material_0
0  -0.152447 0.274274 -4.782604  0.157768 -0.421123 -0.893177  0.499231 0.346354 1 0 1.000000
0  -0.152447 0.010140 -4.782603  0.000061 -1.000000 -0.000062  0.499231 0.346354 1 0 1.000000
0  -0.316282 0.167801 -4.884814  -0.000022 0.002149 -0.999998  0.499231 0.346354 1 0 1.000000
Material_0
0  -0.152447 0.010140 -4.782603  0.000061 -1.000000 -0.000062  0.499231 0.346354 1 0 1.000000
0  -0.907383 0.010140 -4.782603  -0.065381 -0.997853 -0.003798  0.499128 0.346354 1 0 1.000000
0  -0.316282 0.167801 -4.884814  -0.000022 0.002149 -0.999998  0.499231 0.346354 1 0 1.000000
Material_0
0  -0.316282 0.167801 -4.884814  -0.000022 0.002149 -0.999998  0.499231 0.346354 1 0 1.000000
0  -0.907383 0.010140 -4.782603  -0.065381 -0.997853 -0.003798  0.499128 0.346354 1 0 1.000000
0  -0.896574 0.167801 -4.884814  -0.000029 0.002206 -0.999998  0.499128 0.346354 1 0 1.000000
Material_0
0  -0.896574 0.167801 -4.884814  -0.000029 0.002206 -0.999998  0.499128 0.346354 1 0 1.000000
0  -0.907383 0.010140 -4.782603  -0.065381 -0.997853 -0.003798  0.499128 0.346354 1 0 1.000000
0  -1.508213 0.251750 -4.884814  -0.000010 0.002177 -0.999998  0.499128 0.346460 1 0 1.000000
Material_0
0  -0.907383 0.010140 -4.782603  -0.065381 -0.997853 -0.003798  0.499128 0.346354 1 0 1.000000
0  -1.569053 0.101255 -4.782603  -0.330071 -0.943949 -0.003785  0.499128 0.346354 1 0 1.000000
0  -1.508213 0.251750 -4.884814  -0.000010 0.002177 -0.999998  0.499128 0.346460 1 0 1.000000
Material_0
0  -1.508213 0.251750 -4.884814  -0.000010 0.002177 -0.999998  0.499128 0.346460 1 0 1.000000
0  -1.569053 0.101255 -4.782603  -0.330071 -0.943949 -0.003785  0.499128 0.346354 1 0 1.000000
0  -1.798668 0.464183 -4.884814  -0.007503 0.002129 -0.999970  0.499128 0.346460 1 0 1.000000
Material_0
0  -1.569053 0.101255 -4.782603  -0.330071 -0.943949 -0.003785  0.499128 0.346354 1 0 1.000000
0  -1.942120 0.373579 -4.782603  -0.846477 -0.532426 0.000010  0.499128 0.346460 1 0 1.000000
0  -1.798668 0.464183 -4.884814  -0.007503 0.002129 -0.999970  0.499128 0.346460 1 0 1.000000
Material_0
0  -1.942120 0.373579 -4.782603  -0.846477 -0.532426 0.000010  0.499128 0.346460 1 0 1.000000
0  -2.026740 0.828135 -4.782603  -0.994270 0.106897 -0.000001  0.499025 0.346460 1 0 1.000000
0  -1.798668 0.464183 -4.884814  -0.007503 0.002129 -0.999970  0.499128 0.346460 1 0 1.000000
Material_0
0  -1.798668 0.464183 -4.884814  -0.007503 0.002129 -0.999970  0.499128 0.346460 1 0 1.000000
0  -2.026740 0.828135 -4.782603  -0.994270 0.106897 -0.000001  0.499025 0.346460 1 0 1.000000
0  -1.864449 0.817897 -4.884814  -0.007565 0.002194 -0.999969  0.499128 0.346460 1 0 1.000000
Material_0
0  -2.026740 0.828135 -4.782603  -0.994270 0.106897 -0.000001  0.499025 0.346460 1 0 1.000000
0  -1.822757 1.463899 -4.782603  -0.915941 0.401309 0.001883  0.499128 0.346460 1 0 1.000000
0  -1.864449 0.817897 -4.884814  -0.007565 0.002194 -0.999969  0.499128 0.346460 1 0 1.000000
Material_0
0  -1.864449 0.817897 -4.884814  -0.007565 0.002194 -0.999969  0.499128 0.346460 1 0 1.000000
0  -1.822757 1.463899 -4.782603  -0.915941 0.401309 0.001883  0.499128 0.346460 1 0 1.000000
0  -1.675908 1.405544 -4.884814  -0.007545 0.002226 -0.999969  0.499128 0.346460 1 0 1.000000
Material_0
0  -1.822757 1.463899 -4.782603  -0.915941 0.401309 0.001883  0.499128 0.346460 1 0 1.000000
0  -0.917266 3.353786 -4.782604  -0.901405 0.432973 0.001984  0.499128 0.346566 1 0 1.000000
0  -1.675908 1.405544 -4.884814  -0.007545 0.002226 -0.999969  0.499128 0.346460 1 0 1.000000
Material_0
0  -1.675908 1.405544 -4.884814  -0.007545 0.002226 -0.999969  0.499128 0.346460 1 0 1.000000
0  -0.917266 3.353786 -4.782604  -0.901405 0.432973 0.001984  0.499128 0.346566 1 0 1.000000
0  -0.749880 3.337917 -4.884815  -0.007534 0.002153 -0.999969  0.499128 0.346566 1 0 1.000000
Material_0
0  -0.917266 3.353786 -4.782604  -0.901405 0.432973 0.001984  0.499128 0.346566 1 0 1.000000
0  -0.691511 3.495578 -4.782604  -0.020684 0.999764 -0.006698  0.499128 0.346566 1 0 1.000000
0  -0.749880 3.337917 -4.884815  -0.007534 0.002153 -0.999969  0.499128 0.346566 1 0 1.000000
Material_0
0  -0.749880 3.337917 -4.884815  -0.007534 0.002153 -0.999969  0.499128 0.346566 1 0 1.000000
0  -0.691511 3.495578 -4.782604  -0.020684 0.999764 -0.006698  0.499128 0.346566 1 0 1.000000
0  0.935562 3.495579 -4.782604  0.020721 0.999763 -0.006641  0.499231 0.346566 1 0 1.000000
Material_0
0  1.813105 0.101256 -4.782603  0.330050 -0.943956 -0.003786  0.499334 0.346354 1 0 1.000000
0  1.151435 0.010140 -4.782603  0.065359 -0.997855 -0.003798  0.499231 0.346354 1 0 1.000000
0  1.752265 0.251751 -4.884815  -0.000005 0.002171 -0.999998  0.499334 0.346354 1 0 1.000000
Material_0
0  -0.691511 3.495578 -4.782604  -0.020684 0.999764 -0.006698  0.499128 0.346566 1 0 1.000000
0  -0.917266 3.353786 -4.782604  -0.901405 0.432973 0.001984  0.499128 0.346566 1 0 1.000000
0  -0.691510 3.495579 -0.837263  -0.013124 0.999914 -0.000017  0.499334 0.346672 1 0 1.000000
Material_0
0  -0.917266 3.353786 -4.782604  -0.901405 0.432973 0.001984  0.499128 0.346566 1 0 1.000000
0  -0.913096 3.361977 -0.822396  -0.901382 0.433021 0.001901  0.499334 0.346672 1 0 1.000000
0  -0.691510 3.495579 -0.837263  -0.013124 0.999914 -0.000017  0.499334 0.346672 1 0 1.000000
Material_0
0  -0.691510 3.495579 -0.837263  -0.013124 0.999914 -0.000017  0.499334 0.346672 1 0 1.000000
0  -0.913096 3.361977 -0.822396  -0.901382 0.433021 0.001901  0.499334 0.346672 1 0 1.000000
0  -0.691510 3.495580 1.299875  -0.021828 0.999762 -0.000010  0.499437 0.346884 1 0 1.000000
Material_0
0  -0.913096 3.361977 -0.822396  -0.901382 0.433021 0.001901  0.499334 0.346672 1 0 1.000000
0  -0.911089 3.366584 1.327750  -0.901383 0.433019 0.001874  0.499437 0.346884 1 0 1.000000
0  -0.691510 3.495580 1.299875  -0.021828 0.999762 -0.000010  0.499437 0.346884 1 0 1.000000
Material_0
0  -0.691510 3.495580 1.299875  -0.021828 0.999762 -0.000010  0.499437 0.346884 1 0 1.000000
0  -0.911089 3.366584 1.327750  -0.901383 0.433019 0.001874  0.499437 0.346884 1 0 1.000000
0  -0.691509 3.495581 8.898789  -0.021862 0.999761 -0.000018  0.499643 0.346990 1 0 1.000000
Material_0
0  -0.911089 3.366584 1.327750  -0.901383 0.433019 0.001874  0.499437 0.346884 1 0 1.000000
0  -0.903212 3.382966 8.941533  -0.901403 0.432978 0.001917  0.499540 0.346990 1 0 1.000000
0  -0.691509 3.495581 8.898789  -0.021862 0.999761 -0.000018  0.499643 0.346990 1 0 1.000000
Material_0
0  -0.691509 3.495581 8.898789  -0.021862 0.999761 -0.000018  0.499643 0.346990 1 0 1.000000
0  -0.903212 3.382966 8.941533  -0.901403 0.432978 0.001917  0.499540 0.346990 1 0 1.000000
0  -0.691508 3.495581 12.667587  -0.014155 0.999048 -0.041271  0.499849 0.347202 1 0 1.000000
Material_0
0  -0.903212 3.382966 8.941533  -0.901403 0.432978 0.001917  0.499540 0.346990 1 0 1.000000
0  -0.870475 3.385526 12.753071  -0.897526 0.440926 -0.005646  0.499849 0.347202 1 0 1.000000
0  -0.691508 3.495581 12.667587  -0.014155 0.999048 -0.041271  0.499849 0.347202 1 0 1.000000
Material_0
0  -0.870475 3.385526 12.753071  -0.897526 0.440926 -0.005646  0.499849 0.347202 1 0 1.000000
0  -0.531534 4.136464 12.767938  -0.885667 0.464305 -0.003801  0.499952 0.347202 1 0 1.000000
0  -0.691508 3.495581 12.667587  -0.014155 0.999048 -0.041271  0.499849 0.347202 1 0 1.000000
Material_0
0  -0.691508 3.495581 12.667587  -0.014155 0.999048 -0.041271  0.499849 0.347202 1 0 1.000000
0  -0.531534 4.136464 12.767938  -0.885667 0.464305 -0.003801  0.499952 0.347202 1 0 1.000000
0  -0.393950 4.059169 12.665728  -0.082945 0.024049 -0.996264  0.499952 0.347202 1 0 1.000000
Material_0
0  -0.393950 4.059169 12.665728  -0.082945 0.024049 -0.996264  0.499952 0.347202 1 0 1.000000
0  -0.531534 4.136464 12.767938  -0.885667 0.464305 -0.003801  0.499952 0.347202 1 0 1.000000
0  -0.116003 4.493761 12.665727  -0.052806 0.037156 -0.997913  0.499952 0.347202 1 0 1.000000
Material_0
0  -0.531534 4.136464 12.767938  -0.885667 0.464305 -0.003801  0.499952 0.347202 1 0 1.000000
0  -0.226255 4.614055 12.767938  -0.714072 0.700070 0.001859  0.499952 0.347202 1 0 1.000000
0  -0.116003 4.493761 12.665727  -0.052806 0.037156 -0.997913  0.499952 0.347202 1 0 1.000000
Material_0
0  -0.116003 4.493761 12.665727  -0.052806 0.037156 -0.997913  0.499952 0.347202 1 0 1.000000
0  -0.226255 4.614055 12.767938  -0.714072 0.700070 0.001859  0.499952 0.347202 1 0 1.000000
0  0.121951 4.618150 12.665727  -0.000013 0.405351 -0.914161  0.499952 0.347202 1 0 1.000000
Material_0
0  -0.226255 4.614055 12.767938  -0.714072 0.700070 0.001859  0.499952 0.347202 1 0 1.000000
0  0.121951 4.795774 12.767938  -0.000052 1.000000 -0.000033  0.499952 0.347202 1 0 1.000000
0  0.121951 4.618150 12.665727  -0.000013 0.405351 -0.914161  0.499952 0.347202 1 0 1.000000
Material_0
0  0.121951 4.795774 12.767938  -0.000052 1.000000 -0.000033  0.499952 0.347202 1 0 1.000000
0  0.470312 4.614055 12.767938  0.714032 0.700110 0.001878  0.499952 0.347202 1 0 1.000000
0  0.121951 4.618150 12.665727  -0.000013 0.405351 -0.914161  0.499952 0.347202 1 0 1.000000
Material_0
0  0.121951 4.618150 12.665727  -0.000013 0.405351 -0.914161  0.499952 0.347202 1 0 1.000000
0  0.470312 4.614055 12.767938  0.714032 0.700110 0.001878  0.499952 0.347202 1 0 1.000000
0  0.360060 4.493761 12.665727  0.052808 0.037159 -0.997913  0.499952 0.347202 1 0 1.000000
Material_0
0  0.470312 4.614055 12.767938  0.714032 0.700110 0.001878  0.499952 0.347202 1 0 1.000000
0  0.775591 4.135440 12.767938  0.885700 0.464243 -0.003756  0.499952 0.347202 1 0 1.000000
0  0.360060 4.493761 12.665727  0.052808 0.037159 -0.997913  0.499952 0.347202 1 0 1.000000
Material_0
0  0.360060 4.493761 12.665727  0.052808 0.037159 -0.997913  0.499952 0.347202 1 0 1.000000
0  0.775591 4.135440 12.767938  0.885700 0.464243 -0.003756  0.499952 0.347202 1 0 1.000000
0  0.638007 4.058146 12.665728  0.082948 0.024053 -0.996264  0.499952 0.347202 1 0 1.000000
Material_0
0  0.638007 4.058146 12.665728  0.082948 0.024053 -0.996264  0.499952 0.347202 1 0 1.000000
0  0.775591 4.135440 12.767938  0.885700 0.464243 -0.003756  0.499952 0.347202 1 0 1.000000
0  0.935566 3.495582 12.667587  0.014133 0.999047 -0.041296  0.499952 0.347096 1 0 1.000000
Material_0
0  0.775591 4.135440 12.767938  0.885700 0.464243 -0.003756  0.499952 0.347202 1 0 1.000000
0  1.114533 3.385526 12.753071  0.897541 0.440895 -0.005701  0.500055 0.347096 1 0 1.000000
0  0.935566 3.495582 12.667587  0.014133 0.999047 -0.041296  0.499952 0.347096 1 0 1.000000
Material_0
0  1.114533 3.385526 12.753071  0.897541 0.440895 -0.005701  0.500055 0.347096 1 0 1.000000
0  1.147268 3.382966 8.941533  0.901404 0.432976 0.001902  0.499746 0.346884 1 0 1.000000
0  0.935566 3.495582 12.667587  0.014133 0.999047 -0.041296  0.499952 0.347096 1 0 1.000000
Material_0
0  0.935566 3.495582 12.667587  0.014133 0.999047 -0.041296  0.499952 0.347096 1 0 1.000000
0  1.147268 3.382966 8.941533  0.901404 0.432976 0.001902  0.499746 0.346884 1 0 1.000000
0  0.935565 3.495581 8.898789  0.021866 0.999761 0.000020  0.499746 0.346884 1 0 1.000000
Material_0
0  1.147268 3.382966 8.941533  0.901404 0.432976 0.001902  0.499746 0.346884 1 0 1.000000
0  1.154988 3.366585 1.327750  0.901386 0.433012 0.001870  0.499540 0.346778 1 0 1.000000
0  0.935565 3.495581 8.898789  0.021866 0.999761 0.000020  0.499746 0.346884 1 0 1.000000
Material_0
0  0.935565 3.495581 8.898789  0.021866 0.999761 0.000020  0.499746 0.346884 1 0 1.000000
0  1.154988 3.366585 1.327750  0.901386 0.433012 0.001870  0.499540 0.346778 1 0 1.000000
0  0.935564 3.495580 1.299875  0.021834 0.999762 0.000006  0.499540 0.346778 1 0 1.000000
Material_0
0  1.154988 3.366585 1.327750  0.901386 0.433012 0.001870  0.499540 0.346778 1 0 1.000000
0  1.157149 3.361977 -0.822396  0.901375 0.433036 0.001865  0.499437 0.346672 1 0 1.000000
0  0.935564 3.495580 1.299875  0.021834 0.999762 0.000006  0.499540 0.346778 1 0 1.000000
Material_0
0  0.935564 3.495580 1.299875  0.021834 0.999762 0.000006  0.499540 0.346778 1 0 1.000000
0  1.157149 3.361977 -0.822396  0.901375 0.433036 0.001865  0.499437 0.346672 1 0 1.000000
0  0.935563 3.495580 -0.837263  0.013098 0.999914 -0.000024  0.499437 0.346672 1 0 1.000000
Material_0
0  0.935563 3.495580 -0.837263  0.013098 0.999914 -0.000024  0.499437 0.346672 1 0 1.000000
0  1.157149 3.361977 -0.822396  0.901375 0.433036 0.001865  0.499437 0.346672 1 0 1.000000
0  0.935562 3.495579 -4.782604  0.020721 0.999763 -0.006641  0.499231 0.346566 1 0 1.000000
Material_0
0  1.157149 3.361977 -0.822396  0.901375 0.433036 0.001865  0.499437 0.346672 1 0 1.000000
0  1.161163 3.353786 -4.782604  0.901419 0.432943 0.001955  0.499231 0.346566 1 0 1.000000
0  0.935562 3.495579 -4.782604  0.020721 0.999763 -0.006641  0.499231 0.346566 1 0 1.000000
Material_0
0  0.935562 3.495579 -4.782604  0.020721 0.999763 -0.006641  0.499231 0.346566 1 0 1.000000
0  1.161163 3.353786 -4.782604  0.901419 0.432943 0.001955  0.499231 0.346566 1 0 1.000000
0  0.993931 3.337918 -4.884815  0.007490 0.002194 -0.999969  0.499231 0.346566 1 0 1.000000
Material_0
0  0.993931 3.337918 -4.884815  0.007490 0.002194 -0.999969  0.499231 0.346566 1 0 1.000000
0  1.161163 3.353786 -4.782604  0.901419 0.432943 0.001955  0.499231 0.346566 1 0 1.000000
0  1.919960 1.405544 -4.884815  0.007539 0.002148 -0.999969  0.499334 0.346460 1 0 1.000000
Material_0
0  1.161163 3.353786 -4.782604  0.901419 0.432943 0.001955  0.499231 0.346566 1 0 1.000000
0  2.066654 1.463900 -4.782604  0.915986 0.401205 0.001905  0.499334 0.346460 1 0 1.000000
0  1.919960 1.405544 -4.884815  0.007539 0.002148 -0.999969  0.499334 0.346460 1 0 1.000000
Material_0
0  1.919960 1.405544 -4.884815  0.007539 0.002148 -0.999969  0.499334 0.346460 1 0 1.000000
0  2.066654 1.463900 -4.782604  0.915986 0.401205 0.001905  0.499334 0.346460 1 0 1.000000
0  2.108501 0.817898 -4.884815  0.007546 0.002186 -0.999969  0.499334 0.346354 1 0 1.000000
Material_0
0  2.066654 1.463900 -4.782604  0.915986 0.401205 0.001905  0.499334 0.346460 1 0 1.000000
0  2.270792 0.828136 -4.782604  0.994271 0.106891 -0.000023  0.499334 0.346354 1 0 1.000000
0  2.108501 0.817898 -4.884815  0.007546 0.002186 -0.999969  0.499334 0.346354 1 0 1.000000
Material_0
0  2.108501 0.817898 -4.884815  0.007546 0.002186 -0.999969  0.499334 0.346354 1 0 1.000000
0  2.270792 0.828136 -4.782604  0.994271 0.106891 -0.000023  0.499334 0.346354 1 0 1.000000
0  2.042720 0.464184 -4.884815  0.007575 0.002241 -0.999969  0.499334 0.346354 1 0 1.000000
Material_0
0  2.270792 0.828136 -4.782604  0.994271 0.106891 -0.000023  0.499334 0.346354 1 0 1.000000
0  2.186172 0.373580 -4.782604  0.846493 -0.532400 0.000011  0.499334 0.346354 1 0 1.000000
0  2.042720 0.464184 -4.884815  0.007575 0.002241 -0.999969  0.499334 0.346354 1 0 1.000000
Material_0
0  2.186172 0.373580 -4.782604  0.846493 -0.532400 0.000011  0.499334 0.346354 1 0 1.000000
0  1.813105 0.101256 -4.782603  0.330050 -0.943956 -0.003786  0.499334 0.346354 1 0 1.000000
0  2.042720 0.464184 -4.884815  0.007575 0.002241 -0.999969  0.499334 0.346354 1 0 1.000000
Material_0
0  2.042720 0.464184 -4.884815  0.007575 0.002241 -0.999969  0.499334 0.346354 1 0 1.000000
0  1.813105 0.101256 -4.782603  0.330050 -0.943956 -0.003786  0.499334 0.346354 1 0 1.000000
0  1.752265 0.251751 -4.884815  -0.000005 0.002171 -0.999998  0.499334 0.346354 1 0 1.000000
Material_0
0  0.993931 3.337918 -4.884815  0.007490 0.002194 -0.999969  0.499231 0.346566 1 0 1.000000
0  -0.749880 3.337917 -4.884815  -0.007534 0.002153 -0.999969  0.499128 0.346566 1 0 1.000000
0  0.935562 3.495579 -4.782604  0.020721 0.999763 -0.006641  0.499231 0.346566 1 0 1.000000
Material_0
0  1.813108 0.101259 14.234200  0.262538 -0.651845 0.711458  0.500158 0.346990 1 0 1.000000
0  2.186175 0.373583 14.187743  0.646958 -0.282324 0.708335  0.500158 0.346990 1 0 1.000000
0  2.070518 0.468794 14.334554  0.646955 -0.282282 0.708355  0.500158 0.346990 1 0 1.000000
Material_0
0  2.186175 0.373583 14.187743  0.646958 -0.282324 0.708335  0.500158 0.346990 1 0 1.000000
0  2.270795 0.828139 14.111548  0.775405 0.201784 0.598357  0.500158 0.346990 1 0 1.000000
0  2.070518 0.468794 14.334554  0.646955 -0.282282 0.708355  0.500158 0.346990 1 0 1.000000
Material_0
0  2.070518 0.468794 14.334554  0.646955 -0.282282 0.708355  0.500158 0.346990 1 0 1.000000
0  2.270795 0.828139 14.111548  0.775405 0.201784 0.598357  0.500158 0.346990 1 0 1.000000
0  2.140468 0.903386 14.260219  0.775418 0.201785 0.598339  0.500158 0.346990 1 0 1.000000
Material_0
0  2.270795 0.828139 14.111548  0.775405 0.201784 0.598357  0.500158 0.346990 1 0 1.000000
0  2.066658 1.463902 14.001904  0.731817 0.425137 0.532637  0.500158 0.346990 1 0 1.000000
0  2.140468 0.903386 14.260219  0.775418 0.201785 0.598339  0.500158 0.346990 1 0 1.000000
Material_0
0  2.140468 0.903386 14.260219  0.775418 0.201785 0.598339  0.500158 0.346990 1 0 1.000000
0  2.066658 1.463902 14.001904  0.731817 0.425137 0.532637  0.500158 0.346990 1 0 1.000000
0  1.922280 1.508948 14.158009  0.733701 0.409268 0.542385  0.500158 0.346990 1 0 1.000000
Material_0
0  1.922280 1.508948 14.158009  0.733701 0.409268 0.542385  0.500158 0.346990 1 0 1.000000
0  2.066658 1.463902 14.001904  0.731817 0.425137 0.532637  0.500158 0.346990 1 0 1.000000
0  0.732818 3.993136 13.743587  0.724763 0.448734 0.522835  0.500055 0.347202 1 0 1.000000
Material_0
0  2.066658 1.463902 14.001904  0.731817 0.425137 0.532637  0.500158 0.346990 1 0 1.000000
0  0.777136 4.133905 13.557748  0.725408 0.460419 0.511661  0.500055 0.347202 1 0 1.000000
0  0.732818 3.993136 13.743587  0.724763 0.448734 0.522835  0.500055 0.347202 1 0 1.000000
Material_0
0  0.732818 3.993136 13.743587  0.724763 0.448734 0.522835  0.500055 0.347202 1 0 1.000000
0  0.777136 4.133905 13.557748  0.725408 0.460419 0.511661  0.500055 0.347202 1 0 1.000000
0  0.450393 4.468679 13.665536  0.545328 0.624936 0.558635  0.500055 0.347202 1 0 1.000000
Material_0
0  0.777136 4.133905 13.557748  0.725408 0.460419 0.511661  0.500055 0.347202 1 0 1.000000
0  0.470312 4.614055 13.477839  0.545245 0.624988 0.558658  0.499952 0.347202 1 0 1.000000
0  0.450393 4.468679 13.665536  0.545328 0.624936 0.558635  0.500055 0.347202 1 0 1.000000
Material_0
0  0.450393 4.468679 13.665536  0.545328 0.624936 0.558635  0.500055 0.347202 1 0 1.000000
0  0.470312 4.614055 13.477839  0.545245 0.624988 0.558658  0.499952 0.347202 1 0 1.000000
0  0.121951 4.648863 13.620934  -0.000006 0.782086 0.623171  0.499952 0.347309 1 0 1.000000
Material_0
0  0.470312 4.614055 13.477839  0.545245 0.624988 0.558658  0.499952 0.347202 1 0 1.000000
0  0.121951 4.795775 13.433238  -0.000001 0.782047 0.623220  0.499952 0.347309 1 0 1.000000
0  0.121951 4.648863 13.620934  -0.000006 0.782086 0.623171  0.499952 0.347309 1 0 1.000000
Material_0
0  0.121951 4.795775 13.433238  -0.000001 0.782047 0.623220  0.499952 0.347309 1 0 1.000000
0  -0.226255 4.614055 13.477839  -0.545246 0.624989 0.558655  0.499952 0.347309 1 0 1.000000
0  0.121951 4.648863 13.620934  -0.000006 0.782086 0.623171  0.499952 0.347309 1 0 1.000000
Material_0
0  0.121951 4.648863 13.620934  -0.000006 0.782086 0.623171  0.499952 0.347309 1 0 1.000000
0  -0.226255 4.614055 13.477839  -0.545246 0.624989 0.558655  0.499952 0.347309 1 0 1.000000
0  -0.206335 4.468679 13.665536  -0.545310 0.624944 0.558642  0.499952 0.347309 1 0 1.000000
Material_0
0  -0.226255 4.614055 13.477839  -0.545246 0.624989 0.558655  0.499952 0.347309 1 0 1.000000
0  -0.533078 4.133393 13.557748  -0.724746 0.448755 0.522840  0.499952 0.347202 1 0 1.000000
0  -0.206335 4.468679 13.665536  -0.545310 0.624944 0.558642  0.499952 0.347309 1 0 1.000000
Material_0
0  -0.206335 4.468679 13.665536  -0.545310 0.624944 0.558642  0.499952 0.347309 1 0 1.000000
0  -0.533078 4.133393 13.557748  -0.724746 0.448755 0.522840  0.499952 0.347202 1 0 1.000000
0  -0.488915 3.992112 13.743587  -0.724763 0.448733 0.522835  0.499952 0.347202 1 0 1.000000
Material_0
0  -0.533078 4.133393 13.557748  -0.724746 0.448755 0.522840  0.499952 0.347202 1 0 1.000000
0  -1.822754 1.463902 14.001904  -0.731820 0.425130 0.532639  0.499849 0.347096 1 0 1.000000
0  -0.488915 3.992112 13.743587  -0.724763 0.448733 0.522835  0.499952 0.347202 1 0 1.000000
Material_0
0  -0.488915 3.992112 13.743587  -0.724763 0.448733 0.522835  0.499952 0.347202 1 0 1.000000
0  -1.822754 1.463902 14.001904  -0.731820 0.425130 0.532639  0.499849 0.347096 1 0 1.000000
0  -1.678221 1.508948 14.158009  -0.731815 0.425133 0.532643  0.499849 0.347096 1 0 1.000000
Material_0
0  -1.678221 1.508948 14.158009  -0.731815 0.425133 0.532643  0.499849 0.347096 1 0 1.000000
0  -1.822754 1.463902 14.001904  -0.731820 0.425130 0.532639  0.499849 0.347096 1 0 1.000000
0  -1.896410 0.903385 14.260219  -0.775429 0.201782 0.598327  0.499849 0.347096 1 0 1.000000
Material_0
0  -1.822754 1.463902 14.001904  -0.731820 0.425130 0.532639  0.499849 0.347096 1 0 1.000000
0  -2.026736 0.828138 14.111548  -0.775406 0.201768 0.598360  0.499849 0.347096 1 0 1.000000
0  -1.896410 0.903385 14.260219  -0.775429 0.201782 0.598327  0.499849 0.347096 1 0 1.000000
Material_0
0  -1.896410 0.903385 14.260219  -0.775429 0.201782 0.598327  0.499849 0.347096 1 0 1.000000
0  -2.026736 0.828138 14.111548  -0.775406 0.201768 0.598360  0.499849 0.347096 1 0 1.000000
0  -1.826460 0.468793 14.334554  -0.646944 -0.282335 0.708344  0.499849 0.347096 1 0 1.000000
Material_0
0  -2.026736 0.828138 14.111548  -0.775406 0.201768 0.598360  0.499849 0.347096 1 0 1.000000
0  -1.942117 0.373582 14.187743  -0.646954 -0.282325 0.708338  0.499849 0.346990 1 0 1.000000
0  -1.826460 0.468793 14.334554  -0.646944 -0.282335 0.708344  0.499849 0.347096 1 0 1.000000
Material_0
0  -1.942117 0.373582 14.187743  -0.646954 -0.282325 0.708338  0.499849 0.346990 1 0 1.000000
0  -1.569049 0.101258 14.234200  -0.262539 -0.651842 0.711460  0.499952 0.346990 1 0 1.000000
0  -1.826460 0.468793 14.334554  -0.646944 -0.282335 0.708344  0.499849 0.347096 1 0 1.000000
Material_0
0  -1.826460 0.468793 14.334554  -0.646944 -0.282335 0.708344  0.499849 0.347096 1 0 1.000000
0  -1.569049 0.101258 14.234200  -0.262539 -0.651842 0.711460  0.499952 0.346990 1 0 1.000000
0  -1.472077 0.213874 14.379155  -0.262521 -0.651849 0.711460  0.499952 0.346990 1 0 1.000000
Material_0
0  -1.569049 0.101258 14.234200  -0.262539 -0.651842 0.711460  0.499952 0.346990 1 0 1.000000
0  -0.907380 0.010143 14.250928  -0.052870 -0.727653 0.683905  0.499952 0.346990 1 0 1.000000
0  -1.472077 0.213874 14.379155  -0.262521 -0.651849 0.711460  0.499952 0.346990 1 0 1.000000
Material_0
0  -1.472077 0.213874 14.379155  -0.262521 -0.651849 0.711460  0.499952 0.346990 1 0 1.000000
0  -0.907380 0.010143 14.250928  -0.052870 -0.727653 0.683905  0.499952 0.346990 1 0 1.000000
0  -0.841290 0.142210 14.390306  -0.052880 -0.727642 0.683916  0.499952 0.346990 1 0 1.000000
Material_0
0  -0.841290 0.142210 14.390306  -0.052880 -0.727642 0.683916  0.499952 0.346990 1 0 1.000000
0  -0.907380 0.010143 14.250928  -0.052870 -0.727653 0.683905  0.499952 0.346990 1 0 1.000000
0  -0.292498 0.142210 14.390306  0.216593 -0.568822 0.793429  0.499952 0.346990 1 0 1.000000
Material_0
0  -0.907380 0.010143 14.250928  -0.052870 -0.727653 0.683905  0.499952 0.346990 1 0 1.000000
0  -0.152444 0.010143 14.250928  0.216562 -0.568844 0.793422  0.499952 0.346990 1 0 1.000000
0  -0.292498 0.142210 14.390306  0.216593 -0.568822 0.793429  0.499952 0.346990 1 0 1.000000
Material_0
0  -0.152444 0.010143 14.250928  0.216562 -0.568844 0.793422  0.499952 0.346990 1 0 1.000000
0  -0.152444 0.274277 14.250928  0.000114 -1.000000 0.000052  0.499952 0.346990 1 0 1.000000
0  -0.292498 0.142210 14.390306  0.216593 -0.568822 0.793429  0.499952 0.346990 1 0 1.000000
Material_0
0  -0.292498 0.142210 14.390306  0.216593 -0.568822 0.793429  0.499952 0.346990 1 0 1.000000
0  -0.152444 0.274277 14.250928  0.000114 -1.000000 0.000052  0.499952 0.346990 1 0 1.000000
0  -0.292498 0.406343 14.345706  0.235087 -0.421115 0.876011  0.499952 0.346990 1 0 1.000000
Material_0
0  -0.152444 0.274277 14.250928  0.000114 -1.000000 0.000052  0.499952 0.346990 1 0 1.000000
0  0.396503 0.274277 14.250928  0.000012 -1.000000 -0.000028  0.500055 0.346990 1 0 1.000000
0  -0.292498 0.406343 14.345706  0.235087 -0.421115 0.876011  0.499952 0.346990 1 0 1.000000
Material_0
0  -0.292498 0.406343 14.345706  0.235087 -0.421115 0.876011  0.499952 0.346990 1 0 1.000000
0  0.396503 0.274277 14.250928  0.000012 -1.000000 -0.000028  0.500055 0.346990 1 0 1.000000
0  0.536557 0.406343 14.345706  -0.235115 -0.421137 0.875994  0.500055 0.346990 1 0 1.000000
Material_0
0  0.536557 0.406343 14.345706  -0.235115 -0.421137 0.875994  0.500055 0.346990 1 0 1.000000
0  0.396503 0.274277 14.250928  0.000012 -1.000000 -0.000028  0.500055 0.346990 1 0 1.000000
0  0.536557 0.142210 14.390306  -0.216598 -0.568825 0.793425  0.500055 0.346990 1 0 1.000000
Material_0
0  0.396503 0.274277 14.250928  0.000012 -1.000000 -0.000028  0.500055 0.346990 1 0 1.000000
0  0.396503 0.010143 14.250928  -0.216581 -0.568865 0.793401  0.500055 0.346990 1 0 1.000000
0  0.536557 0.142210 14.390306  -0.216598 -0.568825 0.793425  0.500055 0.346990 1 0 1.000000
Material_0
0  0.396503 0.010143 14.250928  -0.216581 -0.568865 0.793401  0.500055 0.346990 1 0 1.000000
0  1.151439 0.010143 14.250928  0.052874 -0.727653 0.683904  0.500055 0.346990 1 0 1.000000
0  0.536557 0.142210 14.390306  -0.216598 -0.568825 0.793425  0.500055 0.346990 1 0 1.000000
Material_0
0  0.536557 0.142210 14.390306  -0.216598 -0.568825 0.793425  0.500055 0.346990 1 0 1.000000
0  1.151439 0.010143 14.250928  0.052874 -0.727653 0.683904  0.500055 0.346990 1 0 1.000000
0  1.085349 0.142210 14.390306  0.052876 -0.727646 0.683912  0.500055 0.346990 1 0 1.000000
Material_0
0  1.085349 0.142210 14.390306  0.052876 -0.727646 0.683912  0.500055 0.346990 1 0 1.000000
0  1.151439 0.010143 14.250928  0.052874 -0.727653 0.683904  0.500055 0.346990 1 0 1.000000
0  1.716136 0.213874 14.379155  0.262520 -0.651849 0.711461  0.500158 0.346990 1 0 1.000000
Material_0
0  1.151439 0.010143 14.250928  0.052874 -0.727653 0.683904  0.500055 0.346990 1 0 1.000000
0  1.813108 0.101259 14.234200  0.262538 -0.651845 0.711458  0.500158 0.346990 1 0 1.000000
0  1.716136 0.213874 14.379155  0.262520 -0.651849 0.711461  0.500158 0.346990 1 0 1.000000
Material_0
0  1.716136 0.213874 14.379155  0.262520 -0.651849 0.711461  0.500158 0.346990 1 0 1.000000
0  1.813108 0.101259 14.234200  0.262538 -0.651845 0.711458  0.500158 0.346990 1 0 1.000000
0  2.070518 0.468794 14.334554  0.646955 -0.282282 0.708355  0.500158 0.346990 1 0 1.000000
Material_0
0  -0.200162 4.724108 -1.610350  -0.485397 0.874292 -0.001882  0.893966 0.198368 1 0 1.000000
0  -0.554082 4.317669 -4.734286  -0.824931 0.565231 0.001877  0.893450 0.197944 1 0 1.000000
0  -0.554081 4.317670 -1.610349  -0.824933 0.565230 -0.000000  0.893966 0.198368 1 0 1.000000
Material_0
0  -0.554081 4.317670 -1.610349  -0.824933 0.565230 -0.000000  0.893966 0.198368 1 0 1.000000
0  -0.554082 4.317669 -4.734286  -0.824931 0.565231 0.001877  0.893450 0.197944 1 0 1.000000
0  -0.554390 3.880006 -1.610349  -0.864614 -0.502433 0.001958  0.893966 0.198156 1 0 1.000000
Material_0
0  -0.554082 4.317669 -4.734286  -0.824931 0.565231 0.001877  0.893450 0.197944 1 0 1.000000
0  -0.554391 3.880006 -4.734286  -0.864611 -0.502438 0.001892  0.893450 0.197838 1 0 1.000000
0  -0.554390 3.880006 -1.610349  -0.864614 -0.502433 0.001958  0.893966 0.198156 1 0 1.000000
Material_0
0  -0.554390 3.880006 -1.610349  -0.864614 -0.502433 0.001958  0.893966 0.198156 1 0 1.000000
0  -0.554391 3.880006 -4.734286  -0.864611 -0.502438 0.001892  0.893450 0.197838 1 0 1.000000
0  -0.283546 3.525780 -1.610349  -0.829832 -0.558000 -0.003774  0.893966 0.198050 1 0 1.000000
Material_0
0  -0.554391 3.880006 -4.734286  -0.864611 -0.502438 0.001892  0.893450 0.197838 1 0 1.000000
0  -0.339753 3.599492 -5.033486  -0.794277 -0.607555 -0.000005  0.893450 0.197731 1 0 1.000000
0  -0.283546 3.525780 -1.610349  -0.829832 -0.558000 -0.003774  0.893966 0.198050 1 0 1.000000
Material_0
0  -0.283546 3.525780 -1.610349  -0.829832 -0.558000 -0.003774  0.893966 0.198050 1 0 1.000000
0  -0.339753 3.599492 -5.033486  -0.794277 -0.607555 -0.000005  0.893450 0.197731 1 0 1.000000
0  -0.267024 3.504281 -4.920125  -0.827400 -0.561613 -0.000020  0.893450 0.197625 1 0 1.000000
Material_0
0  -0.339753 3.599492 -5.033486  -0.794277 -0.607555 -0.000005  0.893450 0.197731 1 0 1.000000
0  -0.339754 3.599491 -7.743003  -0.794163 -0.607705 0.000001  0.893038 0.197307 1 0 1.000000
0  -0.267024 3.504281 -4.920125  -0.827400 -0.561613 -0.000020  0.893450 0.197625 1 0 1.000000
Material_0
0  -0.283546 3.525780 -1.610349  -0.829832 -0.558000 -0.003774  0.893966 0.198050 1 0 1.000000
0  -0.267024 3.504281 -4.920125  -0.827400 -0.561613 -0.000020  0.893450 0.197625 1 0 1.000000
0  -0.296825 3.369655 -1.610349  -0.701738 0.712432 -0.002345  0.893966 0.198050 1 0 1.000000
Material_0
0  -0.267024 3.504281 -4.920125  -0.827400 -0.561613 -0.000020  0.893450 0.197625 1 0 1.000000
0  -0.296826 3.369654 -4.845789  -0.695488 0.718538 0.000020  0.893450 0.197625 1 0 1.000000
0  -0.296825 3.369655 -1.610349  -0.701738 0.712432 -0.002345  0.893966 0.198050 1 0 1.000000
Material_0
0  -0.296825 3.369655 -1.610349  -0.701738 0.712432 -0.002345  0.893966 0.198050 1 0 1.000000
0  -0.296826 3.369654 -4.845789  -0.695488 0.718538 0.000020  0.893450 0.197625 1 0 1.000000
0  -0.867853 2.834221 -1.612208  -0.927799 0.373075 -0.001884  0.893862 0.197944 1 0 1.000000
Material_0
0  -0.296826 3.369654 -4.845789  -0.695488 0.718538 0.000020  0.893450 0.197625 1 0 1.000000
0  -0.867853 2.833197 -4.829063  -0.927801 0.373070 -0.001885  0.893347 0.197519 1 0 1.000000
0  -0.867853 2.834221 -1.612208  -0.927799 0.373075 -0.001884  0.893862 0.197944 1 0 1.000000
Material_0
0  -0.867853 2.834221 -1.612208  -0.927799 0.373075 -0.001884  0.893862 0.197944 1 0 1.000000
0  -0.867853 2.833197 -4.829063  -0.927801 0.373070 -0.001885  0.893347 0.197519 1 0 1.000000
0  -0.867853 1.954799 -1.612207  -0.997989 -0.063392 0.000000  0.893862 0.197731 1 0 1.000000
Material_0
0  -0.867853 2.833197 -4.829063  -0.927801 0.373070 -0.001885  0.893347 0.197519 1 0 1.000000
0  -0.867853 1.954798 -4.829063  -0.989921 -0.141620 -0.000005  0.893347 0.197307 1 0 1.000000
0  -0.867853 1.954799 -1.612207  -0.997989 -0.063392 0.000000  0.893862 0.197731 1 0 1.000000
Material_0
0  -0.867853 1.954799 -1.612207  -0.997989 -0.063392 0.000000  0.893862 0.197731 1 0 1.000000
0  -0.867853 1.954798 -4.829063  -0.989921 -0.141620 -0.000005  0.893347 0.197307 1 0 1.000000
0  -0.537713 1.346677 -1.612207  -0.100304 -0.994955 0.001698  0.893966 0.197519 1 0 1.000000
Material_0
0  -0.867853 1.954798 -4.829063  -0.989921 -0.141620 -0.000005  0.893347 0.197307 1 0 1.000000
0  -0.867853 2.833197 -4.829063  -0.927801 0.373070 -0.001885  0.893347 0.197519 1 0 1.000000
0  -0.867854 2.832684 -7.945567  -0.889724 0.456495 -0.001888  0.892935 0.197201 1 0 1.000000
Material_0
0  -0.867853 2.833197 -4.829063  -0.927801 0.373070 -0.001885  0.893347 0.197519 1 0 1.000000
0  -0.296826 3.369654 -4.845789  -0.695488 0.718538 0.000020  0.893450 0.197625 1 0 1.000000
0  -0.867854 2.832684 -7.945567  -0.889724 0.456495 -0.001888  0.892935 0.197201 1 0 1.000000
Material_0
0  -0.867854 2.832684 -7.945567  -0.889724 0.456495 -0.001888  0.892935 0.197201 1 0 1.000000
0  -0.296826 3.369654 -4.845789  -0.695488 0.718538 0.000020  0.893450 0.197625 1 0 1.000000
0  -0.296826 3.369654 -7.932558  -0.714083 0.700059 0.001913  0.893038 0.197307 1 0 1.000000
Material_0
0  -0.296826 3.369654 -4.845789  -0.695488 0.718538 0.000020  0.893450 0.197625 1 0 1.000000
0  -0.267024 3.504280 -7.856364  -0.846529 -0.532343 -0.000017  0.893038 0.197307 1 0 1.000000
0  -0.296826 3.369654 -7.932558  -0.714083 0.700059 0.001913  0.893038 0.197307 1 0 1.000000
Material_0
0  -0.296826 3.369654 -7.932558  -0.714083 0.700059 0.001913  0.893038 0.197307 1 0 1.000000
0  -0.267024 3.504280 -7.856364  -0.846529 -0.532343 -0.000017  0.893038 0.197307 1 0 1.000000
0  -0.283548 3.525778 -15.585368  -0.866789 -0.498675 0.000019  0.891905 0.196352 1 0 1.000000
Material_0
0  -0.283548 3.525778 -15.585368  -0.866789 -0.498675 0.000019  0.891905 0.196352 1 0 1.000000
0  -0.267024 3.504280 -7.856364  -0.846529 -0.532343 -0.000017  0.893038 0.197307 1 0 1.000000
0  -0.554393 3.880004 -15.585368  -0.917715 -0.397234 0.001885  0.891905 0.196459 1 0 1.000000
Material_0
0  -0.267024 3.504280 -7.856364  -0.846529 -0.532343 -0.000017  0.893038 0.197307 1 0 1.000000
0  -0.339754 3.599491 -7.743003  -0.794163 -0.607705 0.000001  0.893038 0.197307 1 0 1.000000
0  -0.554393 3.880004 -15.585368  -0.917715 -0.397234 0.001885  0.891905 0.196459 1 0 1.000000
Material_0
0  -0.554393 3.880004 -15.585368  -0.917715 -0.397234 0.001885  0.891905 0.196459 1 0 1.000000
0  -0.339754 3.599491 -7.743003  -0.794163 -0.607705 0.000001  0.893038 0.197307 1 0 1.000000
0  -0.554391 3.880005 -8.042202  -0.917697 -0.397275 0.001889  0.892935 0.197413 1 0 1.000000
Material_0
0  -0.296826 3.369654 -4.845789  -0.695488 0.718538 0.000020  0.893450 0.197625 1 0 1.000000
0  -0.267024 3.504281 -4.920125  -0.827400 -0.561613 -0.000020  0.893450 0.197625 1 0 1.000000
0  -0.267024 3.504280 -7.856364  -0.846529 -0.532343 -0.000017  0.893038 0.197307 1 0 1.000000
Material_0
0  -0.267024 3.504280 -7.856364  -0.846529 -0.532343 -0.000017  0.893038 0.197307 1 0 1.000000
0  -0.267024 3.504281 -4.920125  -0.827400 -0.561613 -0.000020  0.893450 0.197625 1 0 1.000000
0  -0.339754 3.599491 -7.743003  -0.794163 -0.607705 0.000001  0.893038 0.197307 1 0 1.000000
Material_0
0  -0.283548 3.525778 -15.585368  -0.866789 -0.498675 0.000019  0.891905 0.196352 1 0 1.000000
0  -0.296828 3.369653 -15.585368  -0.729214 0.684286 -0.000103  0.891905 0.196352 1 0 1.000000
0  -0.296826 3.369654 -7.932558  -0.714083 0.700059 0.001913  0.893038 0.197307 1 0 1.000000
Material_0
0  -0.296828 3.369653 -15.585368  -0.729214 0.684286 -0.000103  0.891905 0.196352 1 0 1.000000
0  -0.867855 2.831147 -15.585368  -0.927804 0.373062 -0.001886  0.891802 0.196246 1 0 1.000000
0  -0.296826 3.369654 -7.932558  -0.714083 0.700059 0.001913  0.893038 0.197307 1 0 1.000000
Material_0
0  -0.296826 3.369654 -7.932558  -0.714083 0.700059 0.001913  0.893038 0.197307 1 0 1.000000
0  -0.867855 2.831147 -15.585368  -0.927804 0.373062 -0.001886  0.891802 0.196246 1 0 1.000000
0  -0.867854 2.832684 -7.945567  -0.889724 0.456495 -0.001888  0.892935 0.197201 1 0 1.000000
Material_0
0  -0.867855 2.831147 -15.585368  -0.927804 0.373062 -0.001886  0.891802 0.196246 1 0 1.000000
0  -0.867854 1.954798 -7.945567  -0.981986 -0.188946 -0.001890  0.892935 0.196989 1 0 1.000000
0  -0.867854 2.832684 -7.945567  -0.889724 0.456495 -0.001888  0.892935 0.197201 1 0 1.000000
Material_0
0  -0.867854 2.832684 -7.945567  -0.889724 0.456495 -0.001888  0.892935 0.197201 1 0 1.000000
0  -0.867854 1.954798 -7.945567  -0.981986 -0.188946 -0.001890  0.892935 0.196989 1 0 1.000000
0  -0.867853 1.954798 -4.829063  -0.989921 -0.141620 -0.000005  0.893347 0.197307 1 0 1.000000
Material_0
0  -0.867855 2.831147 -15.585368  -0.927804 0.373062 -0.001886  0.891802 0.196246 1 0 1.000000
0  -0.867855 1.954285 -15.585366  -0.981988 -0.188933 -0.001905  0.891802 0.196034 1 0 1.000000
0  -0.867854 1.954798 -7.945567  -0.981986 -0.188946 -0.001890  0.892935 0.196989 1 0 1.000000
Material_0
0  -0.867854 1.954798 -7.945567  -0.981986 -0.188946 -0.001890  0.892935 0.196989 1 0 1.000000
0  -0.867855 1.954285 -15.585366  -0.981988 -0.188933 -0.001905  0.891802 0.196034 1 0 1.000000
0  -0.537714 1.346676 -7.945567  -0.284511 -0.958673 0.000047  0.892935 0.196777 1 0 1.000000
Material_0
0  -0.867855 1.954285 -15.585366  -0.981988 -0.188933 -0.001905  0.891802 0.196034 1 0 1.000000
0  -0.537715 1.346163 -15.585366  -0.284483 -0.958681 0.000064  0.891905 0.195822 1 0 1.000000
0  -0.537714 1.346676 -7.945567  -0.284511 -0.958673 0.000047  0.892935 0.196777 1 0 1.000000
Material_0
0  -0.537714 1.346676 -7.945567  -0.284511 -0.958673 0.000047  0.892935 0.196777 1 0 1.000000
0  -0.537715 1.346163 -15.585366  -0.284483 -0.958681 0.000064  0.891905 0.195822 1 0 1.000000
0  0.781765 1.346677 -7.945567  0.346677 -0.937985 0.000031  0.893244 0.196671 1 0 1.000000
Material_0
0  -0.537715 1.346163 -15.585366  -0.284483 -0.958681 0.000064  0.891905 0.195822 1 0 1.000000
0  0.781763 1.346164 -15.585366  0.346649 -0.937995 0.000050  0.892214 0.195716 1 0 1.000000
0  0.781765 1.346677 -7.945567  0.346677 -0.937985 0.000031  0.893244 0.196671 1 0 1.000000
Material_0
0  0.781765 1.346677 -7.945567  0.346677 -0.937985 0.000031  0.893244 0.196671 1 0 1.000000
0  0.781763 1.346164 -15.585366  0.346649 -0.937995 0.000050  0.892214 0.195716 1 0 1.000000
0  1.111904 1.954798 -7.945567  0.976697 -0.214616 -0.001885  0.893347 0.196777 1 0 1.000000
Material_0
0  0.781763 1.346164 -15.585366  0.346649 -0.937995 0.000050  0.892214 0.195716 1 0 1.000000
0  1.111903 1.954285 -15.585366  0.976701 -0.214597 -0.001887  0.892214 0.195822 1 0 1.000000
0  1.111904 1.954798 -7.945567  0.976697 -0.214616 -0.001885  0.893347 0.196777 1 0 1.000000
Material_0
0  1.111904 1.954798 -7.945567  0.976697 -0.214616 -0.001885  0.893347 0.196777 1 0 1.000000
0  1.111903 1.954285 -15.585366  0.976701 -0.214597 -0.001887  0.892214 0.195822 1 0 1.000000
0  1.111904 2.832685 -7.945567  0.926168 0.377107 0.001886  0.893347 0.196989 1 0 1.000000
Material_0
0  1.111903 1.954285 -15.585366  0.976701 -0.214597 -0.001887  0.892214 0.195822 1 0 1.000000
0  1.111903 2.831148 -15.585368  0.927794 0.373088 -0.001884  0.892214 0.196034 1 0 1.000000
0  1.111904 2.832685 -7.945567  0.926168 0.377107 0.001886  0.893347 0.196989 1 0 1.000000
Material_0
0  1.111904 2.832685 -7.945567  0.926168 0.377107 0.001886  0.893347 0.196989 1 0 1.000000
0  1.111903 2.831148 -15.585368  0.927794 0.373088 -0.001884  0.892214 0.196034 1 0 1.000000
0  0.537634 3.370166 -7.943708  0.764055 0.645149 -0.001866  0.893244 0.197201 1 0 1.000000
Material_0
0  1.111903 2.831148 -15.585368  0.927794 0.373088 -0.001884  0.892214 0.196034 1 0 1.000000
0  0.537632 3.370165 -15.585368  0.764063 0.645142 -0.000000  0.892111 0.196246 1 0 1.000000
0  0.537634 3.370166 -7.943708  0.764055 0.645149 -0.001866  0.893244 0.197201 1 0 1.000000
Material_0
0  0.537634 3.370166 -7.943708  0.764055 0.645149 -0.001866  0.893244 0.197201 1 0 1.000000
0  0.537632 3.370165 -15.585368  0.764063 0.645142 -0.000000  0.892111 0.196246 1 0 1.000000
0  0.524508 3.525780 -7.943708  0.889750 -0.456447 -0.000000  0.893244 0.197201 1 0 1.000000
Material_0
0  0.537632 3.370165 -15.585368  0.764063 0.645142 -0.000000  0.892111 0.196246 1 0 1.000000
0  0.524507 3.525779 -15.585368  0.889751 -0.456445 -0.000071  0.892111 0.196246 1 0 1.000000
0  0.524508 3.525780 -7.943708  0.889750 -0.456447 -0.000000  0.893244 0.197201 1 0 1.000000
Material_0
0  0.524508 3.525780 -7.943708  0.889750 -0.456447 -0.000000  0.893244 0.197201 1 0 1.000000
0  0.524507 3.525779 -15.585368  0.889751 -0.456445 -0.000071  0.892111 0.196246 1 0 1.000000
0  0.798287 3.880005 -7.943708  0.885732 -0.464197 -0.000000  0.893244 0.197307 1 0 1.000000
Material_0
0  0.524507 3.525779 -15.585368  0.889751 -0.456445 -0.000071  0.892111 0.196246 1 0 1.000000
0  0.798285 3.880004 -15.585368  0.908820 -0.417188 -0.000039  0.892214 0.196352 1 0 1.000000
0  0.798287 3.880005 -7.943708  0.885732 -0.464197 -0.000000  0.893244 0.197307 1 0 1.000000
Material_0
0  0.798287 3.880005 -7.943708  0.885732 -0.464197 -0.000000  0.893244 0.197307 1 0 1.000000
0  0.798285 3.880004 -15.585368  0.908820 -0.417188 -0.000039  0.892214 0.196352 1 0 1.000000
0  0.798132 4.317669 -7.943709  0.853438 0.521190 0.001896  0.893244 0.197413 1 0 1.000000
Material_0
0  0.798285 3.880004 -15.585368  0.908820 -0.417188 -0.000039  0.892214 0.196352 1 0 1.000000
0  0.798131 4.317668 -15.585368  0.879567 0.475775 -0.000000  0.892214 0.196459 1 0 1.000000
0  0.798132 4.317669 -7.943709  0.853438 0.521190 0.001896  0.893244 0.197413 1 0 1.000000
Material_0
0  0.798132 4.317669 -7.943709  0.853438 0.521190 0.001896  0.893244 0.197413 1 0 1.000000
0  0.798131 4.317668 -15.585368  0.879567 0.475775 -0.000000  0.892214 0.196459 1 0 1.000000
0  0.447455 4.723596 -7.943709  0.375128 0.926971 -0.001883  0.893244 0.197519 1 0 1.000000
Material_0
0  0.798131 4.317668 -15.585368  0.879567 0.475775 -0.000000  0.892214 0.196459 1 0 1.000000
0  0.447454 4.723594 -15.585368  0.375097 0.926984 -0.001884  0.892111 0.196565 1 0 1.000000
0  0.447455 4.723596 -7.943709  0.375128 0.926971 -0.001883  0.893244 0.197519 1 0 1.000000
Material_0
0  0.447455 4.723596 -7.943709  0.375128 0.926971 -0.001883  0.893244 0.197519 1 0 1.000000
0  0.447454 4.723594 -15.585368  0.375097 0.926984 -0.001884  0.892111 0.196565 1 0 1.000000
0  -0.200163 4.723596 -7.932559  -0.263464 0.964669 -0.000007  0.893038 0.197625 1 0 1.000000
Material_0
0  0.447454 4.723594 -15.585368  0.375097 0.926984 -0.001884  0.892111 0.196565 1 0 1.000000
0  -0.200164 4.723594 -15.585368  -0.346583 0.938012 -0.003750  0.891905 0.196671 1 0 1.000000
0  -0.200163 4.723596 -7.932559  -0.263464 0.964669 -0.000007  0.893038 0.197625 1 0 1.000000
Material_0
0  -0.200163 4.723596 -7.932559  -0.263464 0.964669 -0.000007  0.893038 0.197625 1 0 1.000000
0  0.447456 4.724108 -4.827205  0.292817 0.956167 -0.001871  0.893656 0.197944 1 0 1.000000
0  0.447455 4.723596 -7.943709  0.375128 0.926971 -0.001883  0.893244 0.197519 1 0 1.000000
Material_0
0  0.447455 4.723596 -7.943709  0.375128 0.926971 -0.001883  0.893244 0.197519 1 0 1.000000
0  0.447456 4.724108 -4.827205  0.292817 0.956167 -0.001871  0.893656 0.197944 1 0 1.000000
0  0.798132 4.317669 -7.943709  0.853438 0.521190 0.001896  0.893244 0.197413 1 0 1.000000
Material_0
0  0.447456 4.724108 -4.827205  0.292817 0.956167 -0.001871  0.893656 0.197944 1 0 1.000000
0  0.798133 4.317669 -4.827205  0.822458 0.568823 -0.001878  0.893759 0.197838 1 0 1.000000
0  0.798132 4.317669 -7.943709  0.853438 0.521190 0.001896  0.893244 0.197413 1 0 1.000000
Material_0
0  0.798132 4.317669 -7.943709  0.853438 0.521190 0.001896  0.893244 0.197413 1 0 1.000000
0  0.798133 4.317669 -4.827205  0.822458 0.568823 -0.001878  0.893759 0.197838 1 0 1.000000
0  0.798287 3.880005 -7.943708  0.885732 -0.464197 -0.000000  0.893244 0.197307 1 0 1.000000
Material_0
0  0.798133 4.317669 -4.827205  0.822458 0.568823 -0.001878  0.893759 0.197838 1 0 1.000000
0  0.798287 3.880006 -4.827205  0.855690 -0.517488 0.000010  0.893759 0.197731 1 0 1.000000
0  0.798287 3.880005 -7.943708  0.885732 -0.464197 -0.000000  0.893244 0.197307 1 0 1.000000
Material_0
0  0.798287 3.880005 -7.943708  0.885732 -0.464197 -0.000000  0.893244 0.197307 1 0 1.000000
0  0.798287 3.880006 -4.827205  0.855690 -0.517488 0.000010  0.893759 0.197731 1 0 1.000000
0  0.524508 3.525780 -7.943708  0.889750 -0.456447 -0.000000  0.893244 0.197201 1 0 1.000000
Material_0
0  0.798287 3.880006 -4.827205  0.855690 -0.517488 0.000010  0.893759 0.197731 1 0 1.000000
0  0.524509 3.525780 -4.827205  0.889753 -0.456443 -0.000004  0.893656 0.197625 1 0 1.000000
0  0.524508 3.525780 -7.943708  0.889750 -0.456447 -0.000000  0.893244 0.197201 1 0 1.000000
Material_0
0  0.524508 3.525780 -7.943708  0.889750 -0.456447 -0.000000  0.893244 0.197201 1 0 1.000000
0  0.524509 3.525780 -4.827205  0.889753 -0.456443 -0.000004  0.893656 0.197625 1 0 1.000000
0  0.537634 3.370166 -7.943708  0.764055 0.645149 -0.001866  0.893244 0.197201 1 0 1.000000
Material_0
0  0.524509 3.525780 -4.827205  0.889753 -0.456443 -0.000004  0.893656 0.197625 1 0 1.000000
0  0.537789 3.370167 -4.827205  0.761231 0.648470 -0.003776  0.893656 0.197625 1 0 1.000000
0  0.537634 3.370166 -7.943708  0.764055 0.645149 -0.001866  0.893244 0.197201 1 0 1.000000
Material_0
0  0.537634 3.370166 -7.943708  0.764055 0.645149 -0.001866  0.893244 0.197201 1 0 1.000000
0  0.537789 3.370167 -4.827205  0.761231 0.648470 -0.003776  0.893656 0.197625 1 0 1.000000
0  1.111904 2.832685 -7.945567  0.926168 0.377107 0.001886  0.893347 0.196989 1 0 1.000000
Material_0
0  0.537789 3.370167 -4.827205  0.761231 0.648470 -0.003776  0.893656 0.197625 1 0 1.000000
0  1.111905 2.833197 -4.829063  0.926151 0.377147 0.001883  0.893862 0.197413 1 0 1.000000
0  1.111904 2.832685 -7.945567  0.926168 0.377107 0.001886  0.893347 0.196989 1 0 1.000000
Material_0
0  1.111904 2.832685 -7.945567  0.926168 0.377107 0.001886  0.893347 0.196989 1 0 1.000000
0  1.111905 2.833197 -4.829063  0.926151 0.377147 0.001883  0.893862 0.197413 1 0 1.000000
0  1.111904 1.954798 -7.945567  0.976697 -0.214616 -0.001885  0.893347 0.196777 1 0 1.000000
Material_0
0  1.111905 2.833197 -4.829063  0.926151 0.377147 0.001883  0.893862 0.197413 1 0 1.000000
0  1.111905 1.954799 -4.829063  0.976695 -0.214625 -0.001888  0.893862 0.197201 1 0 1.000000
0  1.111904 1.954798 -7.945567  0.976697 -0.214616 -0.001885  0.893347 0.196777 1 0 1.000000
Material_0
0  1.111904 1.954798 -7.945567  0.976697 -0.214616 -0.001885  0.893347 0.196777 1 0 1.000000
0  1.111905 1.954799 -4.829063  0.976695 -0.214625 -0.001888  0.893862 0.197201 1 0 1.000000
0  0.781765 1.346677 -7.945567  0.346677 -0.937985 0.000031  0.893244 0.196671 1 0 1.000000
Material_0
0  1.111905 1.954799 -4.829063  0.976695 -0.214625 -0.001888  0.893862 0.197201 1 0 1.000000
0  0.781765 1.346677 -4.829063  0.346661 -0.937991 0.000009  0.893759 0.197095 1 0 1.000000
0  0.781765 1.346677 -7.945567  0.346677 -0.937985 0.000031  0.893244 0.196671 1 0 1.000000
Material_0
0  0.781765 1.346677 -7.945567  0.346677 -0.937985 0.000031  0.893244 0.196671 1 0 1.000000
0  0.781765 1.346677 -4.829063  0.346661 -0.937991 0.000009  0.893759 0.197095 1 0 1.000000
0  -0.537714 1.346676 -7.945567  -0.284511 -0.958673 0.000047  0.892935 0.196777 1 0 1.000000
Material_0
0  0.781765 1.346677 -4.829063  0.346661 -0.937991 0.000009  0.893759 0.197095 1 0 1.000000
0  -0.537713 1.346677 -4.829063  -0.199712 -0.979847 -0.003774  0.893450 0.197201 1 0 1.000000
0  -0.537714 1.346676 -7.945567  -0.284511 -0.958673 0.000047  0.892935 0.196777 1 0 1.000000
Material_0
0  -0.537714 1.346676 -7.945567  -0.284511 -0.958673 0.000047  0.892935 0.196777 1 0 1.000000
0  -0.537713 1.346677 -4.829063  -0.199712 -0.979847 -0.003774  0.893450 0.197201 1 0 1.000000
0  -0.867854 1.954798 -7.945567  -0.981986 -0.188946 -0.001890  0.892935 0.196989 1 0 1.000000
Material_0
0  -0.867854 1.954798 -7.945567  -0.981986 -0.188946 -0.001890  0.892935 0.196989 1 0 1.000000
0  -0.537713 1.346677 -4.829063  -0.199712 -0.979847 -0.003774  0.893450 0.197201 1 0 1.000000
0  -0.867853 1.954798 -4.829063  -0.989921 -0.141620 -0.000005  0.893347 0.197307 1 0 1.000000
Material_0
0  -0.867853 1.954798 -4.829063  -0.989921 -0.141620 -0.000005  0.893347 0.197307 1 0 1.000000
0  -0.537713 1.346677 -4.829063  -0.199712 -0.979847 -0.003774  0.893450 0.197201 1 0 1.000000
0  -0.537713 1.346677 -1.612207  -0.100304 -0.994955 0.001698  0.893966 0.197519 1 0 1.000000
Material_0
0  -0.537713 1.346677 -1.612207  -0.100304 -0.994955 0.001698  0.893966 0.197519 1 0 1.000000
0  -0.537713 1.346677 -4.829063  -0.199712 -0.979847 -0.003774  0.893450 0.197201 1 0 1.000000
0  0.781766 1.346678 -1.612207  0.346674 -0.937985 0.000000  0.894172 0.197413 1 0 1.000000
Material_0
0  -0.537713 1.346677 -4.829063  -0.199712 -0.979847 -0.003774  0.893450 0.197201 1 0 1.000000
0  0.781765 1.346677 -4.829063  0.346661 -0.937991 0.000009  0.893759 0.197095 1 0 1.000000
0  0.781766 1.346678 -1.612207  0.346674 -0.937985 0.000000  0.894172 0.197413 1 0 1.000000
Material_0
0  0.781766 1.346678 -1.612207  0.346674 -0.937985 0.000000  0.894172 0.197413 1 0 1.000000
0  0.781765 1.346677 -4.829063  0.346661 -0.937991 0.000009  0.893759 0.197095 1 0 1.000000
0  1.111905 1.954799 -1.612207  0.976695 -0.214625 -0.001875  0.894275 0.197625 1 0 1.000000
Material_0
0  0.781765 1.346677 -4.829063  0.346661 -0.937991 0.000009  0.893759 0.197095 1 0 1.000000
0  1.111905 1.954799 -4.829063  0.976695 -0.214625 -0.001888  0.893862 0.197201 1 0 1.000000
0  1.111905 1.954799 -1.612207  0.976695 -0.214625 -0.001875  0.894275 0.197625 1 0 1.000000
Material_0
0  1.111905 1.954799 -1.612207  0.976695 -0.214625 -0.001875  0.894275 0.197625 1 0 1.000000
0  1.111905 1.954799 -4.829063  0.976695 -0.214625 -0.001888  0.893862 0.197201 1 0 1.000000
0  1.111905 2.834221 -1.612208  0.926165 0.377113 0.001888  0.894275 0.197838 1 0 1.000000
Material_0
0  1.111905 1.954799 -4.829063  0.976695 -0.214625 -0.001888  0.893862 0.197201 1 0 1.000000
0  1.111905 2.833197 -4.829063  0.926151 0.377147 0.001883  0.893862 0.197413 1 0 1.000000
0  1.111905 2.834221 -1.612208  0.926165 0.377113 0.001888  0.894275 0.197838 1 0 1.000000
Material_0
0  1.111905 2.834221 -1.612208  0.926165 0.377113 0.001888  0.894275 0.197838 1 0 1.000000
0  1.111905 2.833197 -4.829063  0.926151 0.377147 0.001883  0.893862 0.197413 1 0 1.000000
0  0.537789 3.370167 -1.610349  0.761241 0.648457 -0.003777  0.894172 0.197944 1 0 1.000000
Material_0
0  1.111905 2.833197 -4.829063  0.926151 0.377147 0.001883  0.893862 0.197413 1 0 1.000000
0  0.537789 3.370167 -4.827205  0.761231 0.648470 -0.003776  0.893656 0.197625 1 0 1.000000
0  0.537789 3.370167 -1.610349  0.761241 0.648457 -0.003777  0.894172 0.197944 1 0 1.000000
Material_0
0  0.537789 3.370167 -1.610349  0.761241 0.648457 -0.003777  0.894172 0.197944 1 0 1.000000
0  0.537789 3.370167 -4.827205  0.761231 0.648470 -0.003776  0.893656 0.197625 1 0 1.000000
0  0.524510 3.525781 -1.610349  0.889747 -0.456454 -0.000000  0.894172 0.198050 1 0 1.000000
Material_0
0  0.537789 3.370167 -4.827205  0.761231 0.648470 -0.003776  0.893656 0.197625 1 0 1.000000
0  0.524509 3.525780 -4.827205  0.889753 -0.456443 -0.000004  0.893656 0.197625 1 0 1.000000
0  0.524510 3.525781 -1.610349  0.889747 -0.456454 -0.000000  0.894172 0.198050 1 0 1.000000
Material_0
0  0.524510 3.525781 -1.610349  0.889747 -0.456454 -0.000000  0.894172 0.198050 1 0 1.000000
0  0.524509 3.525780 -4.827205  0.889753 -0.456443 -0.000004  0.893656 0.197625 1 0 1.000000
0  0.798288 3.880006 -1.610349  0.857938 -0.513739 -0.003771  0.894275 0.198050 1 0 1.000000
Material_0
0  0.524509 3.525780 -4.827205  0.889753 -0.456443 -0.000004  0.893656 0.197625 1 0 1.000000
0  0.798287 3.880006 -4.827205  0.855690 -0.517488 0.000010  0.893759 0.197731 1 0 1.000000
0  0.798288 3.880006 -1.610349  0.857938 -0.513739 -0.003771  0.894275 0.198050 1 0 1.000000
Material_0
0  0.798288 3.880006 -1.610349  0.857938 -0.513739 -0.003771  0.894275 0.198050 1 0 1.000000
0  0.798287 3.880006 -4.827205  0.855690 -0.517488 0.000010  0.893759 0.197731 1 0 1.000000
0  0.798133 4.317670 -1.610349  0.822458 0.568823 -0.001975  0.894275 0.198156 1 0 1.000000
Material_0
0  0.798287 3.880006 -4.827205  0.855690 -0.517488 0.000010  0.893759 0.197731 1 0 1.000000
0  0.798133 4.317669 -4.827205  0.822458 0.568823 -0.001878  0.893759 0.197838 1 0 1.000000
0  0.798133 4.317670 -1.610349  0.822458 0.568823 -0.001975  0.894275 0.198156 1 0 1.000000
Material_0
0  0.798133 4.317670 -1.610349  0.822458 0.568823 -0.001975  0.894275 0.198156 1 0 1.000000
0  0.798133 4.317669 -4.827205  0.822458 0.568823 -0.001878  0.893759 0.197838 1 0 1.000000
0  0.447456 4.724108 -1.610350  0.375088 0.926987 -0.001884  0.894172 0.198368 1 0 1.000000
Material_0
0  0.798133 4.317669 -4.827205  0.822458 0.568823 -0.001878  0.893759 0.197838 1 0 1.000000
0  0.447456 4.724108 -4.827205  0.292817 0.956167 -0.001871  0.893656 0.197944 1 0 1.000000
0  0.447456 4.724108 -1.610350  0.375088 0.926987 -0.001884  0.894172 0.198368 1 0 1.000000
Material_0
0  0.447456 4.724108 -1.610350  0.375088 0.926987 -0.001884  0.894172 0.198368 1 0 1.000000
0  0.447456 4.724108 -4.827205  0.292817 0.956167 -0.001871  0.893656 0.197944 1 0 1.000000
0  -0.200162 4.724108 -1.610350  -0.485397 0.874292 -0.001882  0.893966 0.198368 1 0 1.000000
Material_0
0  0.447456 4.724108 -4.827205  0.292817 0.956167 -0.001871  0.893656 0.197944 1 0 1.000000
0  -0.200162 4.724108 -4.845788  -0.346566 0.938018 -0.003756  0.893553 0.198050 1 0 1.000000
0  -0.200162 4.724108 -1.610350  -0.485397 0.874292 -0.001882  0.893966 0.198368 1 0 1.000000
Material_0
0  -0.200162 4.724108 -1.610350  -0.485397 0.874292 -0.001882  0.893966 0.198368 1 0 1.000000
0  -0.200162 4.724108 -4.845788  -0.346566 0.938018 -0.003756  0.893553 0.198050 1 0 1.000000
0  -0.326474 4.579244 -5.033485  -0.752624 0.658449 0.001877  0.893450 0.197944 1 0 1.000000
Material_0
0  -0.200162 4.724108 -4.845788  -0.346566 0.938018 -0.003756  0.893553 0.198050 1 0 1.000000
0  -0.200163 4.723596 -7.932559  -0.263464 0.964669 -0.000007  0.893038 0.197625 1 0 1.000000
0  -0.326474 4.579244 -5.033485  -0.752624 0.658449 0.001877  0.893450 0.197944 1 0 1.000000
Material_0
0  -0.326474 4.579244 -5.033485  -0.752624 0.658449 0.001877  0.893450 0.197944 1 0 1.000000
0  -0.200163 4.723596 -7.932559  -0.263464 0.964669 -0.000007  0.893038 0.197625 1 0 1.000000
0  -0.326474 4.579243 -7.743004  -0.752635 0.658436 0.001789  0.893038 0.197625 1 0 1.000000
Material_0
0  -0.200163 4.723596 -7.932559  -0.263464 0.964669 -0.000007  0.893038 0.197625 1 0 1.000000
0  -0.200164 4.723594 -15.585368  -0.346583 0.938012 -0.003750  0.891905 0.196671 1 0 1.000000
0  -0.326474 4.579243 -7.743004  -0.752635 0.658436 0.001789  0.893038 0.197625 1 0 1.000000
Material_0
0  -0.326474 4.579243 -7.743004  -0.752635 0.658436 0.001789  0.893038 0.197625 1 0 1.000000
0  -0.200164 4.723594 -15.585368  -0.346583 0.938012 -0.003750  0.891905 0.196671 1 0 1.000000
0  -0.554082 4.317669 -8.042203  -0.885689 0.464264 -0.003772  0.892935 0.197519 1 0 1.000000
Material_0
0  -0.200164 4.723594 -15.585368  -0.346583 0.938012 -0.003750  0.891905 0.196671 1 0 1.000000
0  -0.554084 4.317667 -15.585368  -0.885711 0.464223 -0.003726  0.891905 0.196565 1 0 1.000000
0  -0.554082 4.317669 -8.042203  -0.885689 0.464264 -0.003772  0.892935 0.197519 1 0 1.000000
Material_0
0  -0.554082 4.317669 -8.042203  -0.885689 0.464264 -0.003772  0.892935 0.197519 1 0 1.000000
0  -0.554084 4.317667 -15.585368  -0.885711 0.464223 -0.003726  0.891905 0.196565 1 0 1.000000
0  -0.554391 3.880005 -8.042202  -0.917697 -0.397275 0.001889  0.892935 0.197413 1 0 1.000000
Material_0
0  -0.554084 4.317667 -15.585368  -0.885711 0.464223 -0.003726  0.891905 0.196565 1 0 1.000000
0  -0.554393 3.880004 -15.585368  -0.917715 -0.397234 0.001885  0.891905 0.196459 1 0 1.000000
0  -0.554391 3.880005 -8.042202  -0.917697 -0.397275 0.001889  0.892935 0.197413 1 0 1.000000
Material_0
0  -0.200162 4.724108 -4.845788  -0.346566 0.938018 -0.003756  0.893553 0.198050 1 0 1.000000
0  0.447456 4.724108 -4.827205  0.292817 0.956167 -0.001871  0.893656 0.197944 1 0 1.000000
0  -0.200163 4.723596 -7.932559  -0.263464 0.964669 -0.000007  0.893038 0.197625 1 0 1.000000
Material_0
0  -0.326474 4.579244 -5.033485  -0.752624 0.658449 0.001877  0.893450 0.197944 1 0 1.000000
0  -0.554082 4.317669 -4.734286  -0.824931 0.565231 0.001877  0.893450 0.197944 1 0 1.000000
0  -0.200162 4.724108 -1.610350  -0.485397 0.874292 -0.001882  0.893966 0.198368 1 0 1.000000
Material_0
0  0.278370 -1.013124 -12.649127  0.999998 0.002122 -0.000091  0.886137 0.111592 1 0 1.000000
0  0.109440 -1.549581 -12.690011  -0.000240 -0.231665 -0.972796  0.885725 0.111062 1 0 1.000000
0  0.109440 -1.040254 -12.952043  -0.000003 -0.401274 -0.915958  0.885725 0.111592 1 0 1.000000
Material_0
0  0.109440 -1.549581 -12.690011  -0.000240 -0.231665 -0.972796  0.885725 0.111062 1 0 1.000000
0  -0.059336 -1.013124 -12.649127  -0.999998 0.002129 -0.000074  0.885416 0.111592 1 0 1.000000
0  0.109440 -1.040254 -12.952043  -0.000003 -0.401274 -0.915958  0.885725 0.111592 1 0 1.000000
Material_0
0  0.109440 -1.549581 -12.690011  -0.000240 -0.231665 -0.972796  0.885725 0.111062 1 0 1.000000
0  0.278370 -1.013124 -12.649127  0.999998 0.002122 -0.000091  0.886137 0.111592 1 0 1.000000
0  0.278370 -1.529618 -12.463288  0.997949 -0.063313 0.009430  0.886137 0.111062 1 0 1.000000
Material_0
0  0.278370 -1.013124 -12.649127  0.999998 0.002122 -0.000091  0.886137 0.111592 1 0 1.000000
0  0.109440 -0.981387 -12.290459  0.003773 0.290670 0.956816  0.885725 0.111592 1 0 1.000000
0  0.278370 -1.529618 -12.463288  0.997949 -0.063313 0.009430  0.886137 0.111062 1 0 1.000000
Material_0
0  0.278370 -1.529618 -12.463288  0.997949 -0.063313 0.009430  0.886137 0.111062 1 0 1.000000
0  0.109440 -0.981387 -12.290459  0.003773 0.290670 0.956816  0.885725 0.111592 1 0 1.000000
0  0.109440 -1.502487 -12.160373  -0.003778 0.063298 0.997988  0.885725 0.111062 1 0 1.000000
Material_0
0  0.109440 -0.981387 -12.290459  0.003773 0.290670 0.956816  0.885725 0.111592 1 0 1.000000
0  -0.059336 -1.529618 -12.463288  -0.997950 -0.063294 0.009409  0.885416 0.111062 1 0 1.000000
0  0.109440 -1.502487 -12.160373  -0.003778 0.063298 0.997988  0.885725 0.111062 1 0 1.000000
Material_0
0  0.109440 -1.502487 -12.160373  -0.003778 0.063298 0.997988  0.885725 0.111062 1 0 1.000000
0  -0.059336 -1.529618 -12.463288  -0.997950 -0.063294 0.009409  0.885416 0.111062 1 0 1.000000
0  0.109440 -2.681875 -12.273733  -0.000316 -0.176054 0.984380  0.885725 0.110425 1 0 1.000000
Material_0
0  -0.059336 -1.529618 -12.463288  -0.997950 -0.063294 0.009409  0.885416 0.111062 1 0 1.000000
0  0.025130 -2.638877 -12.433554  -0.995965 -0.089564 0.005663  0.885622 0.110531 1 0 1.000000
0  0.109440 -2.681875 -12.273733  -0.000316 -0.176054 0.984380  0.885725 0.110425 1 0 1.000000
Material_0
0  0.025130 -2.638877 -12.433554  -0.995965 -0.089564 0.005663  0.885622 0.110531 1 0 1.000000
0  0.109440 -2.784253 -12.546915  -0.000329 -0.964666 -0.263477  0.885725 0.110213 1 0 1.000000
0  0.109440 -2.681875 -12.273733  -0.000316 -0.176054 0.984380  0.885725 0.110425 1 0 1.000000
Material_0
0  0.109440 -2.681875 -12.273733  -0.000316 -0.176054 0.984380  0.885725 0.110425 1 0 1.000000
0  0.109440 -2.784253 -12.546915  -0.000329 -0.964666 -0.263477  0.885725 0.110213 1 0 1.000000
0  0.193905 -2.638877 -12.433554  0.995968 -0.089531 0.005664  0.885931 0.110531 1 0 1.000000
Material_0
0  0.193905 -2.638877 -12.433554  0.995968 -0.089531 0.005664  0.885931 0.110531 1 0 1.000000
0  0.109440 -2.784253 -12.546915  -0.000329 -0.964666 -0.263477  0.885725 0.110213 1 0 1.000000
0  0.109440 -2.595878 -12.591516  -0.000001 -0.124230 -0.992253  0.885725 0.110531 1 0 1.000000
Material_0
0  0.109440 -2.784253 -12.546915  -0.000329 -0.964666 -0.263477  0.885725 0.110213 1 0 1.000000
0  0.025130 -2.638877 -12.433554  -0.995965 -0.089564 0.005663  0.885622 0.110531 1 0 1.000000
0  0.109440 -2.595878 -12.591516  -0.000001 -0.124230 -0.992253  0.885725 0.110531 1 0 1.000000
Material_0
0  0.109440 -1.502487 -12.160373  -0.003778 0.063298 0.997988  0.885725 0.111062 1 0 1.000000
0  0.109440 -2.681875 -12.273733  -0.000316 -0.176054 0.984380  0.885725 0.110425 1 0 1.000000
0  0.278370 -1.529618 -12.463288  0.997949 -0.063313 0.009430  0.886137 0.111062 1 0 1.000000
Material_0
0  0.109440 -2.681875 -12.273733  -0.000316 -0.176054 0.984380  0.885725 0.110425 1 0 1.000000
0  0.193905 -2.638877 -12.433554  0.995968 -0.089531 0.005664  0.885931 0.110531 1 0 1.000000
0  0.278370 -1.529618 -12.463288  0.997949 -0.063313 0.009430  0.886137 0.111062 1 0 1.000000
Material_0
0  0.278370 -1.529618 -12.463288  0.997949 -0.063313 0.009430  0.886137 0.111062 1 0 1.000000
0  0.193905 -2.638877 -12.433554  0.995968 -0.089531 0.005664  0.885931 0.110531 1 0 1.000000
0  0.109440 -1.549581 -12.690011  -0.000240 -0.231665 -0.972796  0.885725 0.111062 1 0 1.000000
Material_0
0  0.193905 -2.638877 -12.433554  0.995968 -0.089531 0.005664  0.885931 0.110531 1 0 1.000000
0  0.109440 -2.595878 -12.591516  -0.000001 -0.124230 -0.992253  0.885725 0.110531 1 0 1.000000
0  0.109440 -1.549581 -12.690011  -0.000240 -0.231665 -0.972796  0.885725 0.111062 1 0 1.000000
Material_0
0  0.109440 -2.595878 -12.591516  -0.000001 -0.124230 -0.992253  0.885725 0.110531 1 0 1.000000
0  0.025130 -2.638877 -12.433554  -0.995965 -0.089564 0.005663  0.885622 0.110531 1 0 1.000000
0  0.109440 -1.549581 -12.690011  -0.000240 -0.231665 -0.972796  0.885725 0.111062 1 0 1.000000
Material_0
0  0.025130 -2.638877 -12.433554  -0.995965 -0.089564 0.005663  0.885622 0.110531 1 0 1.000000
0  -0.059336 -1.529618 -12.463288  -0.997950 -0.063294 0.009409  0.885416 0.111062 1 0 1.000000
0  0.109440 -1.549581 -12.690011  -0.000240 -0.231665 -0.972796  0.885725 0.111062 1 0 1.000000
Material_0
0  0.109440 -1.549581 -12.690011  -0.000240 -0.231665 -0.972796  0.885725 0.111062 1 0 1.000000
0  -0.059336 -1.529618 -12.463288  -0.997950 -0.063294 0.009409  0.885416 0.111062 1 0 1.000000
0  -0.059336 -1.013124 -12.649127  -0.999998 0.002129 -0.000074  0.885416 0.111592 1 0 1.000000
Material_0
0  -0.059336 -1.529618 -12.463288  -0.997950 -0.063294 0.009409  0.885416 0.111062 1 0 1.000000
0  0.109440 -0.981387 -12.290459  0.003773 0.290670 0.956816  0.885725 0.111592 1 0 1.000000
0  -0.059336 -1.013124 -12.649127  -0.999998 0.002129 -0.000074  0.885416 0.111592 1 0 1.000000
Material_0
0  0.580716 -1.012611 -11.303658  0.893619 -0.278137 -0.352257  0.848538 0.048791 1 0 1.000000
0  -0.336665 -1.438502 -10.971009  -0.831136 -0.028430 -0.555343  0.850289 0.048579 1 0 1.000000
0  -0.336665 -1.012611 -11.303658  -0.893624 -0.278131 -0.352249  0.850289 0.048791 1 0 1.000000
Material_0
0  -0.336665 -1.012611 -11.303658  -0.893624 -0.278131 -0.352249  0.850289 0.048791 1 0 1.000000
0  -0.336665 -1.438502 -10.971009  -0.831136 -0.028430 -0.555343  0.850289 0.048579 1 0 1.000000
0  -0.336665 -1.012611 -10.640218  -0.816996 -0.163134 0.553087  0.850289 0.048791 1 0 1.000000
Material_0
0  -0.336665 -1.438502 -10.971009  -0.831136 -0.028430 -0.555343  0.850289 0.048579 1 0 1.000000
0  -0.336665 -2.469442 -11.062069  -0.690969 -0.311552 0.652302  0.850289 0.047942 1 0 1.000000
0  -0.336665 -1.012611 -10.640218  -0.816996 -0.163134 0.553087  0.850289 0.048791 1 0 1.000000
Material_0
0  -0.336665 -2.469442 -11.062069  -0.690969 -0.311552 0.652302  0.850289 0.047942 1 0 1.000000
0  0.580716 -2.469442 -11.062069  0.690975 -0.311538 0.652302  0.848538 0.047942 1 0 1.000000
0  -0.336665 -1.012611 -10.640218  -0.816996 -0.163134 0.553087  0.850289 0.048791 1 0 1.000000
Material_0
0  -0.336665 -1.012611 -10.640218  -0.816996 -0.163134 0.553087  0.850289 0.048791 1 0 1.000000
0  0.580716 -2.469442 -11.062069  0.690975 -0.311538 0.652302  0.848538 0.047942 1 0 1.000000
0  0.580716 -1.012611 -10.640218  0.816986 -0.163131 0.553102  0.848538 0.048791 1 0 1.000000
Material_0
0  0.580716 -2.469442 -11.062069  0.690975 -0.311538 0.652302  0.848538 0.047942 1 0 1.000000
0  0.580716 -1.438502 -10.971009  0.831129 -0.028426 -0.555352  0.848538 0.048579 1 0 1.000000
0  0.580716 -1.012611 -10.640218  0.816986 -0.163131 0.553102  0.848538 0.048791 1 0 1.000000
Material_0
0  0.580716 -1.012611 -10.640218  0.816986 -0.163131 0.553102  0.848538 0.048791 1 0 1.000000
0  0.580716 -1.438502 -10.971009  0.831129 -0.028426 -0.555352  0.848538 0.048579 1 0 1.000000
0  0.580716 -1.012611 -11.303658  0.893619 -0.278137 -0.352257  0.848538 0.048791 1 0 1.000000
Material_0
0  0.580716 -1.012611 -11.303658  0.893619 -0.278137 -0.352257  0.848538 0.048791 1 0 1.000000
0  0.580716 -1.438502 -10.971009  0.831129 -0.028426 -0.555352  0.848538 0.048579 1 0 1.000000
0  -0.336665 -1.438502 -10.971009  -0.831136 -0.028430 -0.555343  0.850289 0.048579 1 0 1.000000
Material_0
0  0.580716 -1.438502 -10.971009  0.831129 -0.028426 -0.555352  0.848538 0.048579 1 0 1.000000
0  -0.336665 -2.443336 -11.259057  -0.803839 0.265521 -0.532299  0.850289 0.047942 1 0 1.000000
0  -0.336665 -1.438502 -10.971009  -0.831136 -0.028430 -0.555343  0.850289 0.048579 1 0 1.000000
Material_0
0  -0.336665 -1.438502 -10.971009  -0.831136 -0.028430 -0.555343  0.850289 0.048579 1 0 1.000000
0  -0.336665 -2.443336 -11.259057  -0.803839 0.265521 -0.532299  0.850289 0.047942 1 0 1.000000
0  -0.336665 -2.469442 -11.062069  -0.690969 -0.311552 0.652302  0.850289 0.047942 1 0 1.000000
Material_0
0  -0.336665 -2.443336 -11.259057  -0.803839 0.265521 -0.532299  0.850289 0.047942 1 0 1.000000
0  -0.336665 -3.042756 -11.608433  -0.680577 -0.709421 0.183131  0.850289 0.047518 1 0 1.000000
0  -0.336665 -2.469442 -11.062069  -0.690969 -0.311552 0.652302  0.850289 0.047942 1 0 1.000000
Material_0
0  -0.336665 -3.042756 -11.608433  -0.680577 -0.709421 0.183131  0.850289 0.047518 1 0 1.000000
0  0.580716 -3.042756 -11.608433  0.680601 -0.709424 0.183031  0.848538 0.047518 1 0 1.000000
0  -0.336665 -2.469442 -11.062069  -0.690969 -0.311552 0.652302  0.850289 0.047942 1 0 1.000000
Material_0
0  -0.336665 -2.469442 -11.062069  -0.690969 -0.311552 0.652302  0.850289 0.047942 1 0 1.000000
0  0.580716 -3.042756 -11.608433  0.680601 -0.709424 0.183031  0.848538 0.047518 1 0 1.000000
0  0.580716 -2.469442 -11.062069  0.690975 -0.311538 0.652302  0.848538 0.047942 1 0 1.000000
Material_0
0  0.580716 -3.042756 -11.608433  0.680601 -0.709424 0.183031  0.848538 0.047518 1 0 1.000000
0  0.580716 -2.443336 -11.259057  0.803825 0.265531 -0.532314  0.848538 0.047942 1 0 1.000000
0  0.580716 -2.469442 -11.062069  0.690975 -0.311538 0.652302  0.848538 0.047942 1 0 1.000000
Material_0
0  0.580716 -2.469442 -11.062069  0.690975 -0.311538 0.652302  0.848538 0.047942 1 0 1.000000
0  0.580716 -2.443336 -11.259057  0.803825 0.265531 -0.532314  0.848538 0.047942 1 0 1.000000
0  0.580716 -1.438502 -10.971009  0.831129 -0.028426 -0.555352  0.848538 0.048579 1 0 1.000000
Material_0
0  0.580716 -1.438502 -10.971009  0.831129 -0.028426 -0.555352  0.848538 0.048579 1 0 1.000000
0  0.580716 -2.443336 -11.259057  0.803825 0.265531 -0.532314  0.848538 0.047942 1 0 1.000000
0  -0.336665 -2.443336 -11.259057  -0.803839 0.265521 -0.532299  0.850289 0.047942 1 0 1.000000
Material_0
0  0.580716 -2.443336 -11.259057  0.803825 0.265531 -0.532314  0.848538 0.047942 1 0 1.000000
0  -0.336665 -2.866155 -11.667901  -0.726842 0.671461 -0.144363  0.850289 0.047624 1 0 1.000000
0  -0.336665 -2.443336 -11.259057  -0.803839 0.265521 -0.532299  0.850289 0.047942 1 0 1.000000
Material_0
0  -0.336665 -2.443336 -11.259057  -0.803839 0.265521 -0.532299  0.850289 0.047942 1 0 1.000000
0  -0.336665 -2.866155 -11.667901  -0.726842 0.671461 -0.144363  0.850289 0.047624 1 0 1.000000
0  -0.336665 -3.042756 -11.608433  -0.680577 -0.709421 0.183131  0.850289 0.047518 1 0 1.000000
Material_0
0  -0.336665 -2.866155 -11.667901  -0.726842 0.671461 -0.144363  0.850289 0.047624 1 0 1.000000
0  -0.336666 -3.042756 -13.295841  -0.626502 -0.754060 -0.197205  0.850289 0.047518 1 0 1.000000
0  -0.336665 -3.042756 -11.608433  -0.680577 -0.709421 0.183131  0.850289 0.047518 1 0 1.000000
Material_0
0  -0.336665 -3.042756 -11.608433  -0.680577 -0.709421 0.183131  0.850289 0.047518 1 0 1.000000
0  -0.336666 -3.042756 -13.295841  -0.626502 -0.754060 -0.197205  0.850289 0.047518 1 0 1.000000
0  0.580716 -3.042756 -11.608433  0.680601 -0.709424 0.183031  0.848538 0.047518 1 0 1.000000
Material_0
0  -0.336666 -3.042756 -13.295841  -0.626502 -0.754060 -0.197205  0.850289 0.047518 1 0 1.000000
0  0.580716 -3.042756 -13.295841  0.626514 -0.754043 -0.197229  0.848538 0.047518 1 0 1.000000
0  0.580716 -3.042756 -11.608433  0.680601 -0.709424 0.183031  0.848538 0.047518 1 0 1.000000
Material_0
0  0.580716 -3.042756 -13.295841  0.626514 -0.754043 -0.197229  0.848538 0.047518 1 0 1.000000
0  0.580716 -2.866155 -11.667901  0.726864 0.671434 -0.144380  0.848538 0.047624 1 0 1.000000
0  0.580716 -3.042756 -11.608433  0.680601 -0.709424 0.183031  0.848538 0.047518 1 0 1.000000
Material_0
0  0.580716 -3.042756 -11.608433  0.680601 -0.709424 0.183031  0.848538 0.047518 1 0 1.000000
0  0.580716 -2.866155 -11.667901  0.726864 0.671434 -0.144380  0.848538 0.047624 1 0 1.000000
0  0.580716 -2.443336 -11.259057  0.803825 0.265531 -0.532314  0.848538 0.047942 1 0 1.000000
Material_0
0  0.580716 -2.443336 -11.259057  0.803825 0.265531 -0.532314  0.848538 0.047942 1 0 1.000000
0  0.580716 -2.866155 -11.667901  0.726864 0.671434 -0.144380  0.848538 0.047624 1 0 1.000000
0  -0.336665 -2.866155 -11.667901  -0.726842 0.671461 -0.144363  0.850289 0.047624 1 0 1.000000
Material_0
0  0.580716 -2.866155 -11.667901  0.726864 0.671434 -0.144380  0.848538 0.047624 1 0 1.000000
0  -0.336666 -2.866155 -13.240090  -0.789806 0.593779 0.153730  0.850289 0.047624 1 0 1.000000
0  -0.336665 -2.866155 -11.667901  -0.726842 0.671461 -0.144363  0.850289 0.047624 1 0 1.000000
Material_0
0  -0.336665 -2.866155 -11.667901  -0.726842 0.671461 -0.144363  0.850289 0.047624 1 0 1.000000
0  -0.336666 -2.866155 -13.240090  -0.789806 0.593779 0.153730  0.850289 0.047624 1 0 1.000000
0  -0.336666 -3.042756 -13.295841  -0.626502 -0.754060 -0.197205  0.850289 0.047518 1 0 1.000000
Material_0
0  -0.336666 -2.866155 -13.240090  -0.789806 0.593779 0.153730  0.850289 0.047624 1 0 1.000000
0  -0.336666 -2.375767 -14.184148  -0.889971 -0.365001 -0.273361  0.850289 0.047518 1 0 1.000000
0  -0.336666 -3.042756 -13.295841  -0.626502 -0.754060 -0.197205  0.850289 0.047518 1 0 1.000000
Material_0
0  -0.336666 -3.042756 -13.295841  -0.626502 -0.754060 -0.197205  0.850289 0.047518 1 0 1.000000
0  -0.336666 -2.375767 -14.184148  -0.889971 -0.365001 -0.273361  0.850289 0.047518 1 0 1.000000
0  0.580716 -3.042756 -13.295841  0.626514 -0.754043 -0.197229  0.848538 0.047518 1 0 1.000000
Material_0
0  -0.336666 -2.375767 -14.184148  -0.889971 -0.365001 -0.273361  0.850289 0.047518 1 0 1.000000
0  0.580715 -2.375767 -14.184148  0.889946 -0.365037 -0.273393  0.848538 0.047518 1 0 1.000000
0  0.580716 -3.042756 -13.295841  0.626514 -0.754043 -0.197229  0.848538 0.047518 1 0 1.000000
Material_0
0  0.580716 -3.042756 -13.295841  0.626514 -0.754043 -0.197229  0.848538 0.047518 1 0 1.000000
0  0.580715 -2.375767 -14.184148  0.889946 -0.365037 -0.273393  0.848538 0.047518 1 0 1.000000
0  0.580716 -2.866155 -13.240090  0.789802 0.593778 0.153756  0.848538 0.047624 1 0 1.000000
Material_0
0  0.580715 -2.375767 -14.184148  0.889946 -0.365037 -0.273393  0.848538 0.047518 1 0 1.000000
0  0.580715 -2.232439 -14.083796  0.711434 0.561678 0.422350  0.848538 0.047730 1 0 1.000000
0  0.580716 -2.866155 -13.240090  0.789802 0.593778 0.153756  0.848538 0.047624 1 0 1.000000
Material_0
0  0.580715 -2.232439 -14.083796  0.711434 0.561678 0.422350  0.848538 0.047730 1 0 1.000000
0  -0.336666 -2.232439 -14.083796  -0.711440 0.561672 0.422348  0.850289 0.047730 1 0 1.000000
0  0.580716 -2.866155 -13.240090  0.789802 0.593778 0.153756  0.848538 0.047624 1 0 1.000000
Material_0
0  0.580716 -2.866155 -13.240090  0.789802 0.593778 0.153756  0.848538 0.047624 1 0 1.000000
0  -0.336666 -2.232439 -14.083796  -0.711440 0.561672 0.422348  0.850289 0.047730 1 0 1.000000
0  -0.336666 -2.866155 -13.240090  -0.789806 0.593779 0.153730  0.850289 0.047624 1 0 1.000000
Material_0
0  -0.336666 -2.232439 -14.083796  -0.711440 0.561672 0.422348  0.850289 0.047730 1 0 1.000000
0  -0.336666 -2.375767 -14.184148  -0.889971 -0.365001 -0.273361  0.850289 0.047518 1 0 1.000000
0  -0.336666 -2.866155 -13.240090  -0.789806 0.593779 0.153730  0.850289 0.047624 1 0 1.000000
Material_0
0  0.580716 -3.042756 -13.295841  0.626514 -0.754043 -0.197229  0.848538 0.047518 1 0 1.000000
0  0.580716 -2.866155 -13.240090  0.789802 0.593778 0.153756  0.848538 0.047624 1 0 1.000000
0  0.580716 -2.866155 -11.667901  0.726864 0.671434 -0.144380  0.848538 0.047624 1 0 1.000000
Material_0
0  0.580716 -2.866155 -13.240090  0.789802 0.593778 0.153756  0.848538 0.047624 1 0 1.000000
0  -0.336666 -2.866155 -13.240090  -0.789806 0.593779 0.153730  0.850289 0.047624 1 0 1.000000
0  0.580716 -2.866155 -11.667901  0.726864 0.671434 -0.144380  0.848538 0.047624 1 0 1.000000
Material_0
0  -0.931936 6.146642 -5.345694  -0.045209 0.706334 0.706434  0.575356 0.162088 1 0 1.000000
0  1.175986 6.310958 -5.741529  0.047991 0.998846 -0.001846  0.582772 0.162088 1 0 1.000000
0  -0.931937 6.310957 -5.741529  -0.048006 0.998845 -0.001837  0.582772 0.162088 1 0 1.000000
Material_0
0  -0.931937 6.310957 -5.741529  -0.048006 0.998845 -0.001837  0.582772 0.162088 1 0 1.000000
0  1.175986 6.310958 -5.741529  0.047991 0.998846 -0.001846  0.582772 0.162088 1 0 1.000000
0  -0.931937 6.146641 -6.139222  -0.045187 0.706334 -0.706435  0.590086 0.162088 1 0 1.000000
Material_0
0  1.175986 6.310958 -5.741529  0.047991 0.998846 -0.001846  0.582772 0.162088 1 0 1.000000
0  1.175986 6.146642 -6.139222  0.045197 0.706333 -0.706436  0.590086 0.162088 1 0 1.000000
0  -0.931937 6.146641 -6.139222  -0.045187 0.706334 -0.706435  0.590086 0.162088 1 0 1.000000
Material_0
0  1.175986 6.146642 -6.139222  0.045197 0.706333 -0.706436  0.590086 0.162088 1 0 1.000000
0  1.175986 5.749417 -6.302759  0.045231 -0.041467 -0.998116  0.582772 0.162088 1 0 1.000000
0  -0.931937 6.146641 -6.139222  -0.045187 0.706334 -0.706435  0.590086 0.162088 1 0 1.000000
Material_0
0  -0.931937 6.146641 -6.139222  -0.045187 0.706334 -0.706435  0.590086 0.162088 1 0 1.000000
0  1.175986 5.749417 -6.302759  0.045231 -0.041467 -0.998116  0.582772 0.162088 1 0 1.000000
0  -0.931937 5.749417 -6.302759  -0.045263 -0.041502 -0.998113  0.582772 0.162088 1 0 1.000000
Material_0
0  1.175986 5.749417 -6.302759  0.045231 -0.041467 -0.998116  0.582772 0.162088 1 0 1.000000
0  1.175986 5.352193 -6.139222  0.045241 -0.706337 -0.706429  0.575356 0.162088 1 0 1.000000
0  -0.931937 5.749417 -6.302759  -0.045263 -0.041502 -0.998113  0.582772 0.162088 1 0 1.000000
Material_0
0  -0.931937 5.749417 -6.302759  -0.045263 -0.041502 -0.998113  0.582772 0.162088 1 0 1.000000
0  1.175986 5.352193 -6.139222  0.045241 -0.706337 -0.706429  0.575356 0.162088 1 0 1.000000
0  -0.931936 5.352193 -6.139222  -0.045253 -0.706334 -0.706431  0.575356 0.162088 1 0 1.000000
Material_0
0  -0.931936 5.352193 -6.139222  -0.045253 -0.706334 -0.706431  0.575356 0.162088 1 0 1.000000
0  1.175986 5.352193 -6.139222  0.045241 -0.706337 -0.706429  0.575356 0.162088 1 0 1.000000
0  -0.931936 5.187877 -5.741529  -0.048004 -0.998847 -0.000008  0.582772 0.162088 1 0 1.000000
Material_0
0  1.175986 5.352193 -6.139222  0.045241 -0.706337 -0.706429  0.575356 0.162088 1 0 1.000000
0  1.175987 5.187878 -5.741529  0.048017 -0.998847 0.000003  0.582772 0.162088 1 0 1.000000
0  -0.931936 5.187877 -5.741529  -0.048004 -0.998847 -0.000008  0.582772 0.162088 1 0 1.000000
Material_0
0  1.175987 5.187878 -5.741529  0.048017 -0.998847 0.000003  0.582772 0.162088 1 0 1.000000
0  1.175987 5.352193 -5.345694  0.049021 -0.706334 0.706180  0.590086 0.162088 1 0 1.000000
0  -0.931936 5.187877 -5.741529  -0.048004 -0.998847 -0.000008  0.582772 0.162088 1 0 1.000000
Material_0
0  -0.931936 5.187877 -5.741529  -0.048004 -0.998847 -0.000008  0.582772 0.162088 1 0 1.000000
0  1.175987 5.352193 -5.345694  0.049021 -0.706334 0.706180  0.590086 0.162088 1 0 1.000000
0  -0.931936 5.352193 -5.345694  -0.049023 -0.706334 0.706179  0.590086 0.162088 1 0 1.000000
Material_0
0  1.175987 5.352193 -5.345694  0.049021 -0.706334 0.706180  0.590086 0.162088 1 0 1.000000
0  1.175987 5.749418 -5.180298  0.045239 -0.041480 0.998115  0.582772 0.162088 1 0 1.000000
0  -0.931936 5.352193 -5.345694  -0.049023 -0.706334 0.706179  0.590086 0.162088 1 0 1.000000
Material_0
0  -0.931936 5.352193 -5.345694  -0.049023 -0.706334 0.706179  0.590086 0.162088 1 0 1.000000
0  1.175987 5.749418 -5.180298  0.045239 -0.041480 0.998115  0.582772 0.162088 1 0 1.000000
0  -0.931936 5.749417 -5.180298  -0.045247 -0.041482 0.998114  0.582772 0.162088 1 0 1.000000
Material_0
0  1.175987 5.749418 -5.180298  0.045239 -0.041480 0.998115  0.582772 0.162088 1 0 1.000000
0  1.175986 6.146642 -5.345694  0.045210 0.706335 0.706432  0.575356 0.162088 1 0 1.000000
0  -0.931936 5.749417 -5.180298  -0.045247 -0.041482 0.998114  0.582772 0.162088 1 0 1.000000
Material_0
0  -0.931936 5.749417 -5.180298  -0.045247 -0.041482 0.998114  0.582772 0.162088 1 0 1.000000
0  1.175986 6.146642 -5.345694  0.045210 0.706335 0.706432  0.575356 0.162088 1 0 1.000000
0  -0.931936 6.146642 -5.345694  -0.045209 0.706334 0.706434  0.575356 0.162088 1 0 1.000000
Material_0
0  1.175986 6.146642 -5.345694  0.045210 0.706335 0.706432  0.575356 0.162088 1 0 1.000000
0  1.175986 6.310958 -5.741529  0.047991 0.998846 -0.001846  0.582772 0.162088 1 0 1.000000
0  -0.931936 6.146642 -5.345694  -0.045209 0.706334 0.706434  0.575356 0.162088 1 0 1.000000
Material_0
0  0.765088 7.840477 -1.731145  0.707864 0.706339 -0.003742  0.891699 0.169938 1 0 1.000000
0  0.122102 8.106657 -7.129740  -0.000000 1.000000 -0.000000  0.881295 0.164421 1 0 1.000000
0  0.122103 8.106659 -1.731145  0.000000 1.000000 -0.000000  0.890051 0.171105 1 0 1.000000
Material_0
0  0.122103 8.106659 -1.731145  0.000000 1.000000 -0.000000  0.890051 0.171105 1 0 1.000000
0  0.122102 8.106657 -7.129740  -0.000000 1.000000 -0.000000  0.881295 0.164421 1 0 1.000000
0  -0.520882 7.840477 -1.731145  -0.707857 0.706346 -0.003706  0.888506 0.170893 1 0 1.000000
Material_0
0  0.122102 8.106657 -7.129740  -0.000000 1.000000 -0.000000  0.881295 0.164421 1 0 1.000000
0  -0.520883 7.840476 -7.129740  -0.707856 0.706347 -0.003706  0.879750 0.164209 1 0 1.000000
0  -0.520882 7.840477 -1.731145  -0.707857 0.706346 -0.003706  0.888506 0.170893 1 0 1.000000
Material_0
0  -0.520882 7.840477 -1.731145  -0.707857 0.706346 -0.003706  0.888506 0.170893 1 0 1.000000
0  -0.520883 7.840476 -7.129740  -0.707856 0.706347 -0.003706  0.879750 0.164209 1 0 1.000000
0  -0.787249 7.197035 -1.731145  -0.999998 0.002141 0.000000  0.887785 0.169513 1 0 1.000000
Material_0
0  -0.520883 7.840476 -7.129740  -0.707856 0.706347 -0.003706  0.879750 0.164209 1 0 1.000000
0  -0.787250 7.197034 -7.129739  -0.999998 0.002194 0.000000  0.879029 0.162830 1 0 1.000000
0  -0.787249 7.197035 -1.731145  -0.999998 0.002141 0.000000  0.887785 0.169513 1 0 1.000000
Material_0
0  -0.787249 7.197035 -1.731145  -0.999998 0.002141 0.000000  0.887785 0.169513 1 0 1.000000
0  -0.787250 7.197034 -7.129739  -0.999998 0.002194 0.000000  0.879029 0.162830 1 0 1.000000
0  -0.520882 6.554105 -1.731144  -0.707846 -0.706365 -0.001821  0.888506 0.167604 1 0 1.000000
Material_0
0  -0.787250 7.197034 -7.129739  -0.999998 0.002194 0.000000  0.879029 0.162830 1 0 1.000000
0  -0.520883 6.554104 -7.129739  -0.707866 -0.706344 -0.001866  0.879750 0.160921 1 0 1.000000
0  -0.520882 6.554105 -1.731144  -0.707846 -0.706365 -0.001821  0.888506 0.167604 1 0 1.000000
Material_0
0  -0.520882 6.554105 -1.731144  -0.707846 -0.706365 -0.001821  0.888506 0.167604 1 0 1.000000
0  -0.520883 6.554104 -7.129739  -0.707866 -0.706344 -0.001866  0.879750 0.160921 1 0 1.000000
0  0.122103 6.287923 -1.731145  -0.000000 -1.000000 0.000000  0.890051 0.166437 1 0 1.000000
Material_0
0  -0.520883 6.554104 -7.129739  -0.707866 -0.706344 -0.001866  0.879750 0.160921 1 0 1.000000
0  0.122102 6.287923 -7.129739  0.000001 -1.000000 0.000000  0.881295 0.159754 1 0 1.000000
0  0.122103 6.287923 -1.731145  -0.000000 -1.000000 0.000000  0.890051 0.166437 1 0 1.000000
Material_0
0  0.122103 6.287923 -1.731145  -0.000000 -1.000000 0.000000  0.890051 0.166437 1 0 1.000000
0  0.122102 6.287923 -7.129739  0.000001 -1.000000 0.000000  0.881295 0.159754 1 0 1.000000
0  0.765088 6.554105 -1.731144  0.707866 -0.706344 -0.001866  0.891699 0.166543 1 0 1.000000
Material_0
0  0.122102 6.287923 -7.129739  0.000001 -1.000000 0.000000  0.881295 0.159754 1 0 1.000000
0  0.765087 6.554104 -7.129739  0.707825 -0.706386 -0.001775  0.882943 0.159860 1 0 1.000000
0  0.765088 6.554105 -1.731144  0.707866 -0.706344 -0.001866  0.891699 0.166543 1 0 1.000000
Material_0
0  0.765088 6.554105 -1.731144  0.707866 -0.706344 -0.001866  0.891699 0.166543 1 0 1.000000
0  0.765087 6.554104 -7.129739  0.707825 -0.706386 -0.001775  0.882943 0.159860 1 0 1.000000
0  1.031454 7.197035 -1.731145  0.999998 0.002194 -0.000000  0.892317 0.168028 1 0 1.000000
Material_0
0  0.765087 6.554104 -7.129739  0.707825 -0.706386 -0.001775  0.882943 0.159860 1 0 1.000000
0  1.031453 7.197034 -7.129739  0.999998 0.002141 -0.000000  0.883561 0.161345 1 0 1.000000
0  1.031454 7.197035 -1.731145  0.999998 0.002194 -0.000000  0.892317 0.168028 1 0 1.000000
Material_0
0  1.031454 7.197035 -1.731145  0.999998 0.002194 -0.000000  0.892317 0.168028 1 0 1.000000
0  1.031453 7.197034 -7.129739  0.999998 0.002141 -0.000000  0.883561 0.161345 1 0 1.000000
0  0.765088 7.840477 -1.731145  0.707864 0.706339 -0.003742  0.891699 0.169938 1 0 1.000000
Material_0
0  1.031453 7.197034 -7.129739  0.999998 0.002141 -0.000000  0.883561 0.161345 1 0 1.000000
0  0.765087 7.840476 -7.129740  0.707867 0.706335 -0.003764  0.882943 0.163148 1 0 1.000000
0  0.765088 7.840477 -1.731145  0.707864 0.706339 -0.003742  0.891699 0.169938 1 0 1.000000
Material_0
0  0.765088 7.840477 -1.731145  0.707864 0.706339 -0.003742  0.891699 0.169938 1 0 1.000000
0  0.765087 7.840476 -7.129740  0.707867 0.706335 -0.003764  0.882943 0.163148 1 0 1.000000
0  0.122102 8.106657 -7.129740  -0.000000 1.000000 -0.000000  0.881295 0.164421 1 0 1.000000
Material_0
0  -1.037089 1.173662 14.291809  0.003737 0.989639 0.143528  0.582772 0.162088 1 0 1.000000
0  -1.236902 1.079475 14.234200  -0.706240 0.697065 -0.123795  0.590086 0.162088 1 0 1.000000
0  -1.236902 1.092272 14.306679  -0.672295 0.715547 0.189770  0.590086 0.162088 1 0 1.000000
Material_0
0  -1.236902 1.092272 14.306679  -0.672295 0.715547 0.189770  0.590086 0.162088 1 0 1.000000
0  -1.236902 1.079475 14.234200  -0.706240 0.697065 -0.123795  0.590086 0.162088 1 0 1.000000
0  -1.319669 0.895707 14.341989  -0.949877 0.063291 0.306151  0.582772 0.162088 1 0 1.000000
Material_0
0  -1.236902 1.079475 14.234200  -0.706240 0.697065 -0.123795  0.590086 0.162088 1 0 1.000000
0  -1.319669 0.882398 14.269511  -0.999998 0.002221 -0.000003  0.582772 0.162088 1 0 1.000000
0  -1.319669 0.895707 14.341989  -0.949877 0.063291 0.306151  0.582772 0.162088 1 0 1.000000
Material_0
0  -1.319669 0.895707 14.341989  -0.949877 0.063291 0.306151  0.582772 0.162088 1 0 1.000000
0  -1.319669 0.882398 14.269511  -0.999998 0.002221 -0.000003  0.582772 0.162088 1 0 1.000000
0  -1.236902 0.698631 14.375440  -0.672124 -0.607794 0.422889  0.575356 0.162088 1 0 1.000000
Material_0
0  -1.319669 0.882398 14.269511  -0.999998 0.002221 -0.000003  0.582772 0.162088 1 0 1.000000
0  -1.236902 0.685833 14.302962  -0.706870 -0.697010 0.120466  0.575356 0.162088 1 0 1.000000
0  -1.236902 0.698631 14.375440  -0.672124 -0.607794 0.422889  0.575356 0.162088 1 0 1.000000
Material_0
0  -1.236902 0.685833 14.302962  -0.706870 -0.697010 0.120466  0.575356 0.162088 1 0 1.000000
0  -1.037089 0.604443 14.317828  0.000004 -0.984767 0.173879  0.582772 0.162088 1 0 1.000000
0  -1.236902 0.698631 14.375440  -0.672124 -0.607794 0.422889  0.575356 0.162088 1 0 1.000000
Material_0
0  -1.236902 0.698631 14.375440  -0.672124 -0.607794 0.422889  0.575356 0.162088 1 0 1.000000
0  -1.037089 0.604443 14.317828  0.000004 -0.984767 0.173879  0.582772 0.162088 1 0 1.000000
0  -1.037089 0.617241 14.390306  -0.000009 -0.880604 0.473852  0.582772 0.162088 1 0 1.000000
Material_0
0  -1.037089 0.617241 14.390306  -0.000009 -0.880604 0.473852  0.582772 0.162088 1 0 1.000000
0  -1.037089 0.604443 14.317828  0.000004 -0.984767 0.173879  0.582772 0.162088 1 0 1.000000
0  -0.837275 0.698631 14.375440  0.672148 -0.607784 0.422865  0.590086 0.162088 1 0 1.000000
Material_0
0  -1.037089 0.604443 14.317828  0.000004 -0.984767 0.173879  0.582772 0.162088 1 0 1.000000
0  -0.837275 0.685833 14.302962  0.706888 -0.697006 0.120385  0.590086 0.162088 1 0 1.000000
0  -0.837275 0.698631 14.375440  0.672148 -0.607784 0.422865  0.590086 0.162088 1 0 1.000000
Material_0
0  -0.837275 0.698631 14.375440  0.672148 -0.607784 0.422865  0.590086 0.162088 1 0 1.000000
0  -0.837275 0.685833 14.302962  0.706888 -0.697006 0.120385  0.590086 0.162088 1 0 1.000000
0  -0.754509 0.895707 14.341989  0.949874 0.063272 0.306163  0.582772 0.162088 1 0 1.000000
Material_0
0  -0.837275 0.685833 14.302962  0.706888 -0.697006 0.120385  0.590086 0.162088 1 0 1.000000
0  -0.754509 0.882398 14.269511  0.999997 -0.002212 0.000089  0.582772 0.162088 1 0 1.000000
0  -0.754509 0.895707 14.341989  0.949874 0.063272 0.306163  0.582772 0.162088 1 0 1.000000
Material_0
0  -0.754509 0.895707 14.341989  0.949874 0.063272 0.306163  0.582772 0.162088 1 0 1.000000
0  -0.754509 0.882398 14.269511  0.999997 -0.002212 0.000089  0.582772 0.162088 1 0 1.000000
0  -0.837276 1.092272 14.306679  0.672277 0.715555 0.189799  0.575356 0.162088 1 0 1.000000
Material_0
0  -0.754509 0.882398 14.269511  0.999997 -0.002212 0.000089  0.582772 0.162088 1 0 1.000000
0  -0.837276 1.079475 14.234200  0.706349 0.696979 -0.123658  0.575356 0.162088 1 0 1.000000
0  -0.837276 1.092272 14.306679  0.672277 0.715555 0.189799  0.575356 0.162088 1 0 1.000000
Material_0
0  -0.837276 1.092272 14.306679  0.672277 0.715555 0.189799  0.575356 0.162088 1 0 1.000000
0  -0.837276 1.079475 14.234200  0.706349 0.696979 -0.123658  0.575356 0.162088 1 0 1.000000
0  -1.037089 1.173662 14.291809  0.003737 0.989639 0.143528  0.582772 0.162088 1 0 1.000000
Material_0
0  -0.837276 1.079475 14.234200  0.706349 0.696979 -0.123658  0.575356 0.162088 1 0 1.000000
0  -1.037089 1.160865 14.219334  0.000000 0.984766 -0.173884  0.582772 0.162088 1 0 1.000000
0  -1.037089 1.173662 14.291809  0.003737 0.989639 0.143528  0.582772 0.162088 1 0 1.000000
Material_0
0  -1.037089 1.173662 14.291809  0.003737 0.989639 0.143528  0.582772 0.162088 1 0 1.000000
0  -1.037089 1.160865 14.219334  0.000000 0.984766 -0.173884  0.582772 0.162088 1 0 1.000000
0  -1.236902 1.079475 14.234200  -0.706240 0.697065 -0.123795  0.590086 0.162088 1 0 1.000000
Material_0
0  1.281148 1.173662 14.291809  -0.003736 0.989639 0.143528  0.582772 0.162088 1 0 1.000000
0  1.480961 1.092272 14.306679  0.672255 0.715570 0.189820  0.590086 0.162088 1 0 1.000000
0  1.480961 1.079475 14.234200  0.706337 0.696987 -0.123676  0.590086 0.162088 1 0 1.000000
Material_0
0  1.480961 1.092272 14.306679  0.672255 0.715570 0.189820  0.590086 0.162088 1 0 1.000000
0  1.563727 0.895708 14.341989  0.949877 0.063291 0.306152  0.582772 0.162088 1 0 1.000000
0  1.480961 1.079475 14.234200  0.706337 0.696987 -0.123676  0.590086 0.162088 1 0 1.000000
Material_0
0  1.480961 1.079475 14.234200  0.706337 0.696987 -0.123676  0.590086 0.162088 1 0 1.000000
0  1.563727 0.895708 14.341989  0.949877 0.063291 0.306152  0.582772 0.162088 1 0 1.000000
0  1.563727 0.882399 14.269511  0.999998 0.002166 -0.000000  0.582772 0.162088 1 0 1.000000
Material_0
0  1.563727 0.895708 14.341989  0.949877 0.063291 0.306152  0.582772 0.162088 1 0 1.000000
0  1.480961 0.698631 14.375440  0.672129 -0.607789 0.422889  0.575356 0.162088 1 0 1.000000
0  1.563727 0.882399 14.269511  0.999998 0.002166 -0.000000  0.582772 0.162088 1 0 1.000000
Material_0
0  1.563727 0.882399 14.269511  0.999998 0.002166 -0.000000  0.582772 0.162088 1 0 1.000000
0  1.480961 0.698631 14.375440  0.672129 -0.607789 0.422889  0.575356 0.162088 1 0 1.000000
0  1.480961 0.685834 14.302962  0.706893 -0.697006 0.120355  0.575356 0.162088 1 0 1.000000
Material_0
0  1.480961 0.685834 14.302962  0.706893 -0.697006 0.120355  0.575356 0.162088 1 0 1.000000
0  1.480961 0.698631 14.375440  0.672129 -0.607789 0.422889  0.575356 0.162088 1 0 1.000000
0  1.281148 0.604444 14.317828  -0.000003 -0.984767 0.173879  0.582772 0.162088 1 0 1.000000
Material_0
0  1.480961 0.698631 14.375440  0.672129 -0.607789 0.422889  0.575356 0.162088 1 0 1.000000
0  1.281148 0.617241 14.390306  -0.000017 -0.880605 0.473851  0.582772 0.162088 1 0 1.000000
0  1.281148 0.604444 14.317828  -0.000003 -0.984767 0.173879  0.582772 0.162088 1 0 1.000000
Material_0
0  1.281148 0.617241 14.390306  -0.000017 -0.880605 0.473851  0.582772 0.162088 1 0 1.000000
0  1.081334 0.698631 14.375440  -0.672128 -0.607805 0.422869  0.590086 0.162088 1 0 1.000000
0  1.281148 0.604444 14.317828  -0.000003 -0.984767 0.173879  0.582772 0.162088 1 0 1.000000
Material_0
0  1.281148 0.604444 14.317828  -0.000003 -0.984767 0.173879  0.582772 0.162088 1 0 1.000000
0  1.081334 0.698631 14.375440  -0.672128 -0.607805 0.422869  0.590086 0.162088 1 0 1.000000
0  1.081334 0.685834 14.302962  -0.706884 -0.697000 0.120442  0.590086 0.162088 1 0 1.000000
Material_0
0  1.081334 0.698631 14.375440  -0.672128 -0.607805 0.422869  0.590086 0.162088 1 0 1.000000
0  0.998568 0.895708 14.341989  -0.949873 0.063300 0.306159  0.582772 0.162088 1 0 1.000000
0  1.081334 0.685834 14.302962  -0.706884 -0.697000 0.120442  0.590086 0.162088 1 0 1.000000
Material_0
0  1.081334 0.685834 14.302962  -0.706884 -0.697000 0.120442  0.590086 0.162088 1 0 1.000000
0  0.998568 0.895708 14.341989  -0.949873 0.063300 0.306159  0.582772 0.162088 1 0 1.000000
0  0.998568 0.882399 14.269511  -0.999998 0.002185 0.000000  0.582772 0.162088 1 0 1.000000
Material_0
0  0.998568 0.895708 14.341989  -0.949873 0.063300 0.306159  0.582772 0.162088 1 0 1.000000
0  1.081334 1.092272 14.306679  -0.672274 0.715559 0.189798  0.575356 0.162088 1 0 1.000000
0  0.998568 0.882399 14.269511  -0.999998 0.002185 0.000000  0.582772 0.162088 1 0 1.000000
Material_0
0  0.998568 0.882399 14.269511  -0.999998 0.002185 0.000000  0.582772 0.162088 1 0 1.000000
0  1.081334 1.092272 14.306679  -0.672274 0.715559 0.189798  0.575356 0.162088 1 0 1.000000
0  1.081334 1.079475 14.234200  -0.706348 0.696981 -0.123657  0.575356 0.162088 1 0 1.000000
Material_0
0  1.081334 1.092272 14.306679  -0.672274 0.715559 0.189798  0.575356 0.162088 1 0 1.000000
0  1.281148 1.173662 14.291809  -0.003736 0.989639 0.143528  0.582772 0.162088 1 0 1.000000
0  1.081334 1.079475 14.234200  -0.706348 0.696981 -0.123657  0.575356 0.162088 1 0 1.000000
Material_0
0  1.081334 1.079475 14.234200  -0.706348 0.696981 -0.123657  0.575356 0.162088 1 0 1.000000
0  1.281148 1.173662 14.291809  -0.003736 0.989639 0.143528  0.582772 0.162088 1 0 1.000000
0  1.281148 1.160865 14.219334  -0.000001 0.984766 -0.173884  0.582772 0.162088 1 0 1.000000
Material_0
0  1.281148 1.173662 14.291809  -0.003736 0.989639 0.143528  0.582772 0.162088 1 0 1.000000
0  1.480961 1.079475 14.234200  0.706337 0.696987 -0.123676  0.590086 0.162088 1 0 1.000000
0  1.281148 1.160865 14.219334  -0.000001 0.984766 -0.173884  0.582772 0.162088 1 0 1.000000
Material_0
0  -0.406772 4.236789 -18.103474  -0.614395 0.651812 -0.444590  0.861517 0.383271 1 0 1.000000
0  -0.189819 4.325858 -18.105333  -0.082461 0.845270 -0.527938  0.861620 0.383271 1 0 1.000000
0  -0.252974 4.160518 -18.235420  -0.007590 0.002084 -0.999969  0.861620 0.383165 1 0 1.000000
Material_0
0  -0.189819 4.325858 -18.105333  -0.082461 0.845270 -0.527938  0.861620 0.383271 1 0 1.000000
0  0.433865 4.325858 -18.105333  0.082439 0.845270 -0.527941  0.861929 0.383165 1 0 1.000000
0  -0.252974 4.160518 -18.235420  -0.007590 0.002084 -0.999969  0.861620 0.383165 1 0 1.000000
Material_0
0  -0.252974 4.160518 -18.235420  -0.007590 0.002084 -0.999969  0.861620 0.383165 1 0 1.000000
0  -0.804700 3.533968 -18.235420  -0.015015 0.002166 -0.999885  0.861311 0.382952 1 0 1.000000
0  -0.406772 4.236789 -18.103474  -0.614395 0.651812 -0.444590  0.861517 0.383271 1 0 1.000000
Material_0
0  -0.406772 4.236789 -18.103474  -0.614395 0.651812 -0.444590  0.861517 0.383271 1 0 1.000000
0  -0.804700 3.533968 -18.235420  -0.015015 0.002166 -0.999885  0.861311 0.382952 1 0 1.000000
0  -0.924989 3.640441 -18.105333  -0.740915 0.521277 -0.423457  0.861311 0.383059 1 0 1.000000
Material_0
0  -0.804700 3.533968 -18.235420  -0.015015 0.002166 -0.999885  0.861311 0.382952 1 0 1.000000
0  -0.991542 3.015938 -18.235420  -0.014990 0.002190 -0.999885  0.861311 0.382740 1 0 1.000000
0  -0.924989 3.640441 -18.105333  -0.740915 0.521277 -0.423457  0.861311 0.383059 1 0 1.000000
Material_0
0  -0.924989 3.640441 -18.105333  -0.740915 0.521277 -0.423457  0.861311 0.383059 1 0 1.000000
0  -0.991542 3.015938 -18.235420  -0.014990 0.002190 -0.999885  0.861311 0.382740 1 0 1.000000
0  -1.114766 3.058937 -18.105333  -0.994066 0.063283 -0.088473  0.861311 0.382846 1 0 1.000000
Material_0
0  -0.991542 3.015938 -18.235420  -0.014990 0.002190 -0.999885  0.861311 0.382740 1 0 1.000000
0  -0.991388 2.179515 -18.235418  -0.022558 0.002248 -0.999743  0.861311 0.382422 1 0 1.000000
0  -1.114766 3.058937 -18.105333  -0.994066 0.063283 -0.088473  0.861311 0.382846 1 0 1.000000
Material_0
0  -1.114766 3.058937 -18.105333  -0.994066 0.063283 -0.088473  0.861311 0.382846 1 0 1.000000
0  -0.991388 2.179515 -18.235418  -0.022558 0.002248 -0.999743  0.861311 0.382422 1 0 1.000000
0  -1.122641 2.167741 -18.103472  -0.992084 -0.111182 -0.058378  0.861311 0.382422 1 0 1.000000
Material_0
0  -0.991388 2.179515 -18.235418  -0.022558 0.002248 -0.999743  0.861311 0.382422 1 0 1.000000
0  -0.808560 1.522252 -18.235418  -0.015007 0.002201 -0.999885  0.861311 0.382104 1 0 1.000000
0  -1.122641 2.167741 -18.103472  -0.992084 -0.111182 -0.058378  0.861311 0.382422 1 0 1.000000
Material_0
0  -1.122641 2.167741 -18.103472  -0.992084 -0.111182 -0.058378  0.861311 0.382422 1 0 1.000000
0  -0.808560 1.522252 -18.235418  -0.015007 0.002201 -0.999885  0.861311 0.382104 1 0 1.000000
0  -0.968843 1.624629 -18.103472  -0.970634 -0.235915 -0.047047  0.861311 0.382210 1 0 1.000000
Material_0
0  -0.968843 1.624629 -18.103472  -0.970634 -0.235915 -0.047047  0.861311 0.382210 1 0 1.000000
0  -0.808560 1.522252 -18.235418  -0.015007 0.002201 -0.999885  0.861311 0.382104 1 0 1.000000
0  -0.939813 1.417315 -18.103472  -0.998116 -0.041549 -0.045150  0.861311 0.382104 1 0 1.000000
Material_0
0  -0.808560 1.522252 -18.235418  -0.015007 0.002201 -0.999885  0.861311 0.382104 1 0 1.000000
0  -0.808714 0.166263 -18.233561  -0.022574 0.002239 -0.999743  0.861311 0.381467 1 0 1.000000
0  -0.939813 1.417315 -18.103472  -0.998116 -0.041549 -0.045150  0.861311 0.382104 1 0 1.000000
Material_0
0  -0.939813 1.417315 -18.103472  -0.998116 -0.041549 -0.045150  0.861311 0.382104 1 0 1.000000
0  -0.808714 0.166263 -18.233561  -0.022574 0.002239 -0.999743  0.861311 0.381467 1 0 1.000000
0  -0.939813 0.166263 -18.103472  -0.994151 -0.098087 -0.045187  0.861311 0.381573 1 0 1.000000
Material_0
0  -0.808714 0.166263 -18.233561  -0.022574 0.002239 -0.999743  0.861311 0.381467 1 0 1.000000
0  -0.808714 0.060814 -18.103472  -0.052498 -0.997854 -0.039141  0.861414 0.381467 1 0 1.000000
0  -0.939813 0.166263 -18.103472  -0.994151 -0.098087 -0.045187  0.861311 0.381573 1 0 1.000000
Material_0
0  -0.808714 0.060814 -18.103472  -0.052498 -0.997854 -0.039141  0.861414 0.381467 1 0 1.000000
0  -0.808714 0.061326 -17.261625  -0.052275 -0.998631 0.001900  0.861620 0.381679 1 0 1.000000
0  -0.939813 0.166263 -18.103472  -0.994151 -0.098087 -0.045187  0.861311 0.381573 1 0 1.000000
Material_0
0  -0.939813 0.166263 -18.103472  -0.994151 -0.098087 -0.045187  0.861311 0.381573 1 0 1.000000
0  -0.808714 0.061326 -17.261625  -0.052275 -0.998631 0.001900  0.861620 0.381679 1 0 1.000000
0  -0.939967 0.166263 -17.261625  -0.995997 -0.089370 -0.001908  0.861517 0.381679 1 0 1.000000
Material_0
0  -0.808714 0.061326 -17.261625  -0.052275 -0.998631 0.001900  0.861620 0.381679 1 0 1.000000
0  -0.808714 0.061327 -15.563066  -0.052566 -0.997852 0.039081  0.862135 0.381998 1 0 1.000000
0  -0.939967 0.166263 -17.261625  -0.995997 -0.089370 -0.001908  0.861517 0.381679 1 0 1.000000
Material_0
0  -0.939967 0.166263 -17.261625  -0.995997 -0.089370 -0.001908  0.861517 0.381679 1 0 1.000000
0  -0.808714 0.061327 -15.563066  -0.052566 -0.997852 0.039081  0.862135 0.381998 1 0 1.000000
0  -0.939967 0.166263 -15.563066  -0.994148 -0.098091 0.045265  0.862032 0.382104 1 0 1.000000
Material_0
0  -0.808714 0.061327 -15.563066  -0.052566 -0.997852 0.039081  0.862135 0.381998 1 0 1.000000
0  -0.808714 0.166264 -15.421830  -0.022545 0.002201 0.999743  0.862135 0.382104 1 0 1.000000
0  -0.939967 0.166263 -15.563066  -0.994148 -0.098091 0.045265  0.862032 0.382104 1 0 1.000000
Material_0
0  -0.808714 0.166264 -15.421830  -0.022545 0.002201 0.999743  0.862135 0.382104 1 0 1.000000
0  -0.808714 1.522764 -15.421830  -0.015033 0.002205 0.999885  0.862135 0.382740 1 0 1.000000
0  -0.939967 0.166263 -15.563066  -0.994148 -0.098091 0.045265  0.862032 0.382104 1 0 1.000000
Material_0
0  -0.939967 0.166263 -15.563066  -0.994148 -0.098091 0.045265  0.862032 0.382104 1 0 1.000000
0  -0.808714 1.522764 -15.421830  -0.015033 0.002205 0.999885  0.862135 0.382740 1 0 1.000000
0  -0.939967 1.417316 -15.563066  -0.998117 -0.041484 0.045191  0.862032 0.382634 1 0 1.000000
Material_0
0  -0.939967 1.417316 -15.563066  -0.998117 -0.041484 0.045191  0.862032 0.382634 1 0 1.000000
0  -0.808714 1.522764 -15.421830  -0.015033 0.002205 0.999885  0.862135 0.382740 1 0 1.000000
0  -0.968997 1.625142 -15.563066  -0.970815 -0.235889 0.043303  0.862032 0.382740 1 0 1.000000
Material_0
0  -0.808714 1.522764 -15.421830  -0.015033 0.002205 0.999885  0.862135 0.382740 1 0 1.000000
0  -0.991387 2.179515 -15.421830  -0.022561 0.002167 0.999743  0.862032 0.383059 1 0 1.000000
0  -0.968997 1.625142 -15.563066  -0.970815 -0.235889 0.043303  0.862032 0.382740 1 0 1.000000
Material_0
0  -0.968997 1.625142 -15.563066  -0.970815 -0.235889 0.043303  0.862032 0.382740 1 0 1.000000
0  -0.991387 2.179515 -15.421830  -0.022561 0.002167 0.999743  0.862032 0.383059 1 0 1.000000
0  -1.122640 2.167742 -15.563066  -0.992185 -0.115557 0.047064  0.861929 0.382952 1 0 1.000000
Material_0
0  -0.991387 2.179515 -15.421830  -0.022561 0.002167 0.999743  0.862032 0.383059 1 0 1.000000
0  -0.991387 2.992392 -15.421832  -0.022561 0.002149 0.999743  0.862032 0.383377 1 0 1.000000
0  -1.122640 2.167742 -15.563066  -0.992185 -0.115557 0.047064  0.861929 0.382952 1 0 1.000000
Material_0
0  -1.122640 2.167742 -15.563066  -0.992185 -0.115557 0.047064  0.861929 0.382952 1 0 1.000000
0  -0.991387 2.992392 -15.421832  -0.022561 0.002149 0.999743  0.862032 0.383377 1 0 1.000000
0  -1.122640 2.913049 -15.563067  -0.998111 0.041501 0.045289  0.861929 0.383271 1 0 1.000000
Material_0
0  -1.122640 2.913049 -15.563067  -0.998111 0.041501 0.045289  0.861929 0.383271 1 0 1.000000
0  -0.991387 2.992392 -15.421832  -0.022561 0.002149 0.999743  0.862032 0.383377 1 0 1.000000
0  -1.061801 3.111150 -15.563067  -0.926196 0.332205 0.178326  0.862032 0.383377 1 0 1.000000
Material_0
0  -0.991387 2.992392 -15.421832  -0.022561 0.002149 0.999743  0.862032 0.383377 1 0 1.000000
0  -0.652909 3.508886 -15.419972  -0.015026 0.002125 0.999885  0.862238 0.383589 1 0 1.000000
0  -1.061801 3.111150 -15.563067  -0.926196 0.332205 0.178326  0.862032 0.383377 1 0 1.000000
Material_0
0  -1.061801 3.111150 -15.563067  -0.926196 0.332205 0.178326  0.862032 0.383377 1 0 1.000000
0  -0.652909 3.508886 -15.419972  -0.015026 0.002125 0.999885  0.862238 0.383589 1 0 1.000000
0  -0.790339 3.525266 -15.561210  -0.702826 0.132710 0.698873  0.862135 0.383589 1 0 1.000000
Material_0
0  -0.652909 3.508886 -15.419972  -0.015026 0.002125 0.999885  0.862238 0.383589 1 0 1.000000
0  -0.785707 4.067355 -15.419972  -0.014960 0.002250 0.999886  0.862135 0.383801 1 0 1.000000
0  -0.790339 3.525266 -15.561210  -0.702826 0.132710 0.698873  0.862135 0.383589 1 0 1.000000
Material_0
0  -0.790339 3.525266 -15.561210  -0.702826 0.132710 0.698873  0.862135 0.383589 1 0 1.000000
0  -0.785707 4.067355 -15.419972  -0.014960 0.002250 0.999886  0.862135 0.383801 1 0 1.000000
0  -0.900591 3.988012 -15.561210  -0.965961 0.175998 0.189589  0.862032 0.383801 1 0 1.000000
Material_0
0  -0.785707 4.067355 -15.419972  -0.014960 0.002250 0.999886  0.862135 0.383801 1 0 1.000000
0  -0.849326 4.177411 -15.561210  -0.807402 0.586721 0.062140  0.862032 0.383801 1 0 1.000000
0  -0.900591 3.988012 -15.561210  -0.965961 0.175998 0.189589  0.862032 0.383801 1 0 1.000000
Material_0
0  -0.900591 3.988012 -15.561210  -0.965961 0.175998 0.189589  0.862032 0.383801 1 0 1.000000
0  -0.849326 4.177411 -15.561210  -0.807402 0.586721 0.062140  0.862032 0.383801 1 0 1.000000
0  -0.849326 4.177410 -17.261627  -0.789840 0.604227 -0.105177  0.861620 0.383483 1 0 1.000000
Material_0
0  -0.808714 0.166263 -18.233561  -0.022574 0.002239 -0.999743  0.861311 0.381467 1 0 1.000000
0  1.052607 0.166264 -18.233561  0.022560 0.002220 -0.999743  0.862135 0.381255 1 0 1.000000
0  -0.808714 0.060814 -18.103472  -0.052498 -0.997854 -0.039141  0.861414 0.381467 1 0 1.000000
Material_0
0  -0.808714 0.061327 -15.563066  -0.052566 -0.997852 0.039081  0.862135 0.381998 1 0 1.000000
0  1.052608 0.061327 -15.563066  0.052524 -0.997852 0.039152  0.862857 0.381786 1 0 1.000000
0  -0.808714 0.166264 -15.421830  -0.022545 0.002201 0.999743  0.862135 0.382104 1 0 1.000000
Material_0
0  -0.785707 4.067355 -15.419972  -0.014960 0.002250 0.999886  0.862135 0.383801 1 0 1.000000
0  -0.252974 4.671893 -15.419972  -0.007539 0.002165 0.999969  0.862341 0.384013 1 0 1.000000
0  -0.849326 4.177411 -15.561210  -0.807402 0.586721 0.062140  0.862032 0.383801 1 0 1.000000
Material_0
0  -0.849326 4.177411 -15.561210  -0.807402 0.586721 0.062140  0.862032 0.383801 1 0 1.000000
0  -0.252974 4.671893 -15.419972  -0.007539 0.002165 0.999969  0.862341 0.384013 1 0 1.000000
0  -0.396735 4.691345 -15.561210  -0.673656 0.736592 0.060161  0.862238 0.384013 1 0 1.000000
Material_0
0  -0.396735 4.691345 -15.561210  -0.673656 0.736592 0.060161  0.862238 0.384013 1 0 1.000000
0  -0.252974 4.671893 -15.419972  -0.007539 0.002165 0.999969  0.862341 0.384013 1 0 1.000000
0  -0.189818 4.776830 -15.561210  -0.101687 0.993552 0.050149  0.862341 0.384013 1 0 1.000000
Material_0
0  -0.252974 4.671893 -15.419972  -0.007539 0.002165 0.999969  0.862341 0.384013 1 0 1.000000
0  0.497175 4.671893 -15.419972  0.007569 0.002132 0.999969  0.862650 0.383907 1 0 1.000000
0  -0.189818 4.776830 -15.561210  -0.101687 0.993552 0.050149  0.862341 0.384013 1 0 1.000000
Material_0
0  -0.189818 4.776830 -15.561210  -0.101687 0.993552 0.050149  0.862341 0.384013 1 0 1.000000
0  0.497175 4.671893 -15.419972  0.007569 0.002132 0.999969  0.862650 0.383907 1 0 1.000000
0  0.433865 4.776830 -15.561210  0.101654 0.993556 0.050130  0.862650 0.383907 1 0 1.000000
Material_0
0  0.433865 4.776830 -15.561210  0.101654 0.993556 0.050130  0.862650 0.383907 1 0 1.000000
0  0.497175 4.671893 -15.419972  0.007569 0.002132 0.999969  0.862650 0.383907 1 0 1.000000
0  0.640782 4.691345 -15.561210  0.673685 0.736564 0.060175  0.862754 0.383907 1 0 1.000000
Material_0
0  0.497175 4.671893 -15.419972  0.007569 0.002132 0.999969  0.862650 0.383907 1 0 1.000000
0  1.029754 4.067355 -15.419972  0.015042 0.002049 0.999885  0.862960 0.383589 1 0 1.000000
0  0.640782 4.691345 -15.561210  0.673685 0.736564 0.060175  0.862754 0.383907 1 0 1.000000
Material_0
0  0.640782 4.691345 -15.561210  0.673685 0.736564 0.060175  0.862754 0.383907 1 0 1.000000
0  1.029754 4.067355 -15.419972  0.015042 0.002049 0.999885  0.862960 0.383589 1 0 1.000000
0  1.093527 4.177411 -15.561210  0.807394 0.586727 0.062180  0.862960 0.383589 1 0 1.000000
Material_0
0  1.093527 4.177411 -15.561210  0.807394 0.586727 0.062180  0.862960 0.383589 1 0 1.000000
0  1.029754 4.067355 -15.419972  0.015042 0.002049 0.999885  0.862960 0.383589 1 0 1.000000
0  1.144484 3.988013 -15.561210  0.965962 0.175978 0.189600  0.862960 0.383483 1 0 1.000000
Material_0
0  1.029754 4.067355 -15.419972  0.015042 0.002049 0.999885  0.862960 0.383589 1 0 1.000000
0  0.896957 3.508886 -15.419972  0.015007 0.002151 0.999885  0.862857 0.383377 1 0 1.000000
0  1.144484 3.988013 -15.561210  0.965962 0.175978 0.189600  0.862960 0.383483 1 0 1.000000
Material_0
0  1.144484 3.988013 -15.561210  0.965962 0.175978 0.189600  0.862960 0.383483 1 0 1.000000
0  0.896957 3.508886 -15.419972  0.015007 0.002151 0.999885  0.862857 0.383377 1 0 1.000000
0  1.034541 3.525267 -15.561210  0.702799 0.132737 0.698895  0.862857 0.383271 1 0 1.000000
Material_0
0  0.896957 3.508886 -15.419972  0.015007 0.002151 0.999885  0.862857 0.383377 1 0 1.000000
0  1.235590 2.992393 -15.421832  0.022546 0.002130 0.999743  0.863063 0.383059 1 0 1.000000
0  1.034541 3.525267 -15.561210  0.702799 0.132737 0.698895  0.862857 0.383271 1 0 1.000000
Material_0
0  1.034541 3.525267 -15.561210  0.702799 0.132737 0.698895  0.862857 0.383271 1 0 1.000000
0  1.235590 2.992393 -15.421832  0.022546 0.002130 0.999743  0.863063 0.383059 1 0 1.000000
0  1.305848 3.111151 -15.563067  0.926197 0.332206 0.178318  0.862960 0.383059 1 0 1.000000
Material_0
0  1.305848 3.111151 -15.563067  0.926197 0.332206 0.178318  0.862960 0.383059 1 0 1.000000
0  1.235590 2.992393 -15.421832  0.022546 0.002130 0.999743  0.863063 0.383059 1 0 1.000000
0  1.366842 2.913050 -15.563067  0.998111 0.041535 0.045268  0.863063 0.382952 1 0 1.000000
Material_0
0  1.235590 2.992393 -15.421832  0.022546 0.002130 0.999743  0.863063 0.383059 1 0 1.000000
0  1.235590 2.179516 -15.421830  0.022539 0.002262 0.999743  0.863063 0.382740 1 0 1.000000
0  1.366842 2.913050 -15.563067  0.998111 0.041535 0.045268  0.863063 0.382952 1 0 1.000000
Material_0
0  1.366842 2.913050 -15.563067  0.998111 0.041535 0.045268  0.863063 0.382952 1 0 1.000000
0  1.235590 2.179516 -15.421830  0.022539 0.002262 0.999743  0.863063 0.382740 1 0 1.000000
0  1.366843 2.167742 -15.563066  0.992194 -0.115472 0.047089  0.863063 0.382634 1 0 1.000000
Material_0
0  1.235590 2.179516 -15.421830  0.022539 0.002262 0.999743  0.863063 0.382740 1 0 1.000000
0  1.052608 1.522765 -15.421830  0.015022 0.002186 0.999885  0.862960 0.382422 1 0 1.000000
0  1.366843 2.167742 -15.563066  0.992194 -0.115472 0.047089  0.863063 0.382634 1 0 1.000000
Material_0
0  1.366843 2.167742 -15.563066  0.992194 -0.115472 0.047089  0.863063 0.382634 1 0 1.000000
0  1.052608 1.522765 -15.421830  0.015022 0.002186 0.999885  0.862960 0.382422 1 0 1.000000
0  1.212891 1.625142 -15.563066  0.970816 -0.235885 0.043298  0.862960 0.382422 1 0 1.000000
Material_0
0  1.212891 1.625142 -15.563066  0.970816 -0.235885 0.043298  0.862960 0.382422 1 0 1.000000
0  1.052608 1.522765 -15.421830  0.015022 0.002186 0.999885  0.862960 0.382422 1 0 1.000000
0  1.183861 1.417316 -15.563066  0.998117 -0.041501 0.045157  0.862960 0.382316 1 0 1.000000
Material_0
0  1.052608 1.522765 -15.421830  0.015022 0.002186 0.999885  0.862960 0.382422 1 0 1.000000
0  1.052608 0.166264 -15.421830  0.022600 0.002249 0.999742  0.862960 0.381786 1 0 1.000000
0  1.183861 1.417316 -15.563066  0.998117 -0.041501 0.045157  0.862960 0.382316 1 0 1.000000
Material_0
0  1.183861 1.417316 -15.563066  0.998117 -0.041501 0.045157  0.862960 0.382316 1 0 1.000000
0  1.052608 0.166264 -15.421830  0.022600 0.002249 0.999742  0.862960 0.381786 1 0 1.000000
0  1.183861 0.166264 -15.563066  0.994150 -0.098097 0.045194  0.862960 0.381786 1 0 1.000000
Material_0
0  1.052608 0.166264 -15.421830  0.022600 0.002249 0.999742  0.862960 0.381786 1 0 1.000000
0  1.052608 0.061327 -15.563066  0.052524 -0.997852 0.039152  0.862857 0.381786 1 0 1.000000
0  1.183861 0.166264 -15.563066  0.994150 -0.098097 0.045194  0.862960 0.381786 1 0 1.000000
Material_0
0  1.052608 0.061327 -15.563066  0.052524 -0.997852 0.039152  0.862857 0.381786 1 0 1.000000
0  1.052607 0.061327 -17.261625  0.052292 -0.998630 0.001895  0.862444 0.381361 1 0 1.000000
0  1.183861 0.166264 -15.563066  0.994150 -0.098097 0.045194  0.862960 0.381786 1 0 1.000000
Material_0
0  1.183861 0.166264 -15.563066  0.994150 -0.098097 0.045194  0.862960 0.381786 1 0 1.000000
0  1.052607 0.061327 -17.261625  0.052292 -0.998630 0.001895  0.862444 0.381361 1 0 1.000000
0  1.183860 0.166264 -17.261625  0.995999 -0.089350 -0.001899  0.862444 0.381467 1 0 1.000000
Material_0
0  1.052607 0.061327 -17.261625  0.052292 -0.998630 0.001895  0.862444 0.381361 1 0 1.000000
0  1.052607 0.060815 -18.103472  0.052540 -0.997853 -0.039096  0.862135 0.381255 1 0 1.000000
0  1.183860 0.166264 -17.261625  0.995999 -0.089350 -0.001899  0.862444 0.381467 1 0 1.000000
Material_0
0  1.183860 0.166264 -17.261625  0.995999 -0.089350 -0.001899  0.862444 0.381467 1 0 1.000000
0  1.052607 0.060815 -18.103472  0.052540 -0.997853 -0.039096  0.862135 0.381255 1 0 1.000000
0  1.183860 0.166264 -18.103472  0.994153 -0.098060 -0.045220  0.862238 0.381255 1 0 1.000000
Material_0
0  1.052607 0.060815 -18.103472  0.052540 -0.997853 -0.039096  0.862135 0.381255 1 0 1.000000
0  1.052607 0.166264 -18.233561  0.022560 0.002220 -0.999743  0.862135 0.381255 1 0 1.000000
0  1.183860 0.166264 -18.103472  0.994153 -0.098060 -0.045220  0.862238 0.381255 1 0 1.000000
Material_0
0  1.052607 0.166264 -18.233561  0.022560 0.002220 -0.999743  0.862135 0.381255 1 0 1.000000
0  1.052607 1.522252 -18.235418  0.015022 0.002218 -0.999885  0.862135 0.381786 1 0 1.000000
0  1.183860 0.166264 -18.103472  0.994153 -0.098060 -0.045220  0.862238 0.381255 1 0 1.000000
Material_0
0  1.183860 0.166264 -18.103472  0.994153 -0.098060 -0.045220  0.862238 0.381255 1 0 1.000000
0  1.052607 1.522252 -18.235418  0.015022 0.002218 -0.999885  0.862135 0.381786 1 0 1.000000
0  1.183860 1.417315 -18.103472  0.998119 -0.041449 -0.045175  0.862238 0.381786 1 0 1.000000
Material_0
0  1.183860 1.417315 -18.103472  0.998119 -0.041449 -0.045175  0.862238 0.381786 1 0 1.000000
0  1.052607 1.522252 -18.235418  0.015022 0.002218 -0.999885  0.862135 0.381786 1 0 1.000000
0  1.212890 1.624630 -18.103472  0.970654 -0.235828 -0.047071  0.862238 0.381892 1 0 1.000000
Material_0
0  1.052607 1.522252 -18.235418  0.015022 0.002218 -0.999885  0.862135 0.381786 1 0 1.000000
0  1.235589 2.179515 -18.235418  0.022581 0.002163 -0.999743  0.862238 0.382104 1 0 1.000000
0  1.212890 1.624630 -18.103472  0.970654 -0.235828 -0.047071  0.862238 0.381892 1 0 1.000000
Material_0
0  1.212890 1.624630 -18.103472  0.970654 -0.235828 -0.047071  0.862238 0.381892 1 0 1.000000
0  1.235589 2.179515 -18.235418  0.022581 0.002163 -0.999743  0.862238 0.382104 1 0 1.000000
0  1.366842 2.167742 -18.103472  0.992079 -0.111220 -0.058385  0.862341 0.382104 1 0 1.000000
Material_0
0  1.235589 2.179515 -18.235418  0.022581 0.002163 -0.999743  0.862238 0.382104 1 0 1.000000
0  1.235589 3.015939 -18.235420  0.015015 0.002116 -0.999885  0.862238 0.382422 1 0 1.000000
0  1.366842 2.167742 -18.103472  0.992079 -0.111220 -0.058385  0.862341 0.382104 1 0 1.000000
Material_0
0  1.366842 2.167742 -18.103472  0.992079 -0.111220 -0.058385  0.862341 0.382104 1 0 1.000000
0  1.235589 3.015939 -18.235420  0.015015 0.002116 -0.999885  0.862238 0.382422 1 0 1.000000
0  1.358967 3.058937 -18.105333  0.994066 0.063314 -0.088449  0.862341 0.382528 1 0 1.000000
Material_0
0  1.235589 3.015939 -18.235420  0.015015 0.002116 -0.999885  0.862238 0.382422 1 0 1.000000
0  1.048901 3.533969 -18.235420  0.015036 0.002112 -0.999885  0.862135 0.382740 1 0 1.000000
0  1.358967 3.058937 -18.105333  0.994066 0.063314 -0.088449  0.862341 0.382528 1 0 1.000000
Material_0
0  1.358967 3.058937 -18.105333  0.994066 0.063314 -0.088449  0.862341 0.382528 1 0 1.000000
0  1.048901 3.533969 -18.235420  0.015036 0.002112 -0.999885  0.862135 0.382740 1 0 1.000000
0  1.169036 3.640441 -18.105333  0.740900 0.521312 -0.423440  0.862238 0.382740 1 0 1.000000
Material_0
0  1.048901 3.533969 -18.235420  0.015036 0.002112 -0.999885  0.862135 0.382740 1 0 1.000000
0  0.497175 4.160518 -18.235420  0.007459 0.002138 -0.999970  0.861929 0.383059 1 0 1.000000
0  1.169036 3.640441 -18.105333  0.740900 0.521312 -0.423440  0.862238 0.382740 1 0 1.000000
Material_0
0  1.169036 3.640441 -18.105333  0.740900 0.521312 -0.423440  0.862238 0.382740 1 0 1.000000
0  0.497175 4.160518 -18.235420  0.007459 0.002138 -0.999970  0.861929 0.383059 1 0 1.000000
0  0.650818 4.236789 -18.103474  0.614346 0.651867 -0.444577  0.862032 0.383059 1 0 1.000000
Material_0
0  0.650818 4.236789 -18.103474  0.614346 0.651867 -0.444577  0.862032 0.383059 1 0 1.000000
0  0.497175 4.160518 -18.235420  0.007459 0.002138 -0.999970  0.861929 0.383059 1 0 1.000000
0  0.433865 4.325858 -18.105333  0.082439 0.845270 -0.527941  0.861929 0.383165 1 0 1.000000
Material_0
0  0.497175 4.160518 -18.235420  0.007459 0.002138 -0.999970  0.861929 0.383059 1 0 1.000000
0  -0.252974 4.160518 -18.235420  -0.007590 0.002084 -0.999969  0.861620 0.383165 1 0 1.000000
0  0.433865 4.325858 -18.105333  0.082439 0.845270 -0.527941  0.861929 0.383165 1 0 1.000000
Material_0
0  1.052608 0.166264 -15.421830  0.022600 0.002249 0.999742  0.862960 0.381786 1 0 1.000000
0  -0.808714 0.166264 -15.421830  -0.022545 0.002201 0.999743  0.862135 0.382104 1 0 1.000000
0  1.052608 0.061327 -15.563066  0.052524 -0.997852 0.039152  0.862857 0.381786 1 0 1.000000
Material_0
0  1.052607 0.060815 -18.103472  0.052540 -0.997853 -0.039096  0.862135 0.381255 1 0 1.000000
0  -0.808714 0.060814 -18.103472  -0.052498 -0.997854 -0.039141  0.861414 0.381467 1 0 1.000000
0  1.052607 0.166264 -18.233561  0.022560 0.002220 -0.999743  0.862135 0.381255 1 0 1.000000
Material_0
0  -1.061801 3.111150 -15.563067  -0.926196 0.332205 0.178326  0.862032 0.383377 1 0 1.000000
0  -1.063963 3.106542 -17.226318  -0.962316 0.261286 0.075355  0.861517 0.383059 1 0 1.000000
0  -1.122640 2.913049 -15.563067  -0.998111 0.041501 0.045289  0.861929 0.383271 1 0 1.000000
Material_0
0  -1.122640 2.913049 -15.563067  -0.998111 0.041501 0.045289  0.861929 0.383271 1 0 1.000000
0  -1.063963 3.106542 -17.226318  -0.962316 0.261286 0.075355  0.861517 0.383059 1 0 1.000000
0  -1.122795 2.911513 -17.263487  -0.999997 0.002268 0.000005  0.861517 0.382952 1 0 1.000000
Material_0
0  -1.122795 2.911513 -17.263487  -0.999997 0.002268 0.000005  0.861517 0.382952 1 0 1.000000
0  -1.063963 3.106542 -17.226318  -0.962316 0.261286 0.075355  0.861517 0.383059 1 0 1.000000
0  -1.122795 3.016450 -17.401009  -0.997944 0.063389 0.009517  0.861414 0.382952 1 0 1.000000
Material_0
0  -1.063963 3.106542 -17.226318  -0.962316 0.261286 0.075355  0.861517 0.383059 1 0 1.000000
0  -0.901364 3.991595 -17.226318  -0.966592 0.244373 0.077336  0.861620 0.383377 1 0 1.000000
0  -1.122795 3.016450 -17.401009  -0.997944 0.063389 0.009517  0.861414 0.382952 1 0 1.000000
Material_0
0  -1.122795 3.016450 -17.401009  -0.997944 0.063389 0.009517  0.861414 0.382952 1 0 1.000000
0  -0.901364 3.991595 -17.226318  -0.966592 0.244373 0.077336  0.861620 0.383377 1 0 1.000000
0  -0.933019 4.017702 -17.399149  -0.883856 0.436968 -0.166906  0.861517 0.383377 1 0 1.000000
Material_0
0  -0.933019 4.017702 -17.399149  -0.883856 0.436968 -0.166906  0.861517 0.383377 1 0 1.000000
0  -0.901364 3.991595 -17.226318  -0.966592 0.244373 0.077336  0.861620 0.383377 1 0 1.000000
0  -0.849326 4.177410 -17.261627  -0.789840 0.604227 -0.105177  0.861620 0.383483 1 0 1.000000
Material_0
0  -0.901364 3.991595 -17.226318  -0.966592 0.244373 0.077336  0.861620 0.383377 1 0 1.000000
0  -0.900591 3.988012 -15.561210  -0.965961 0.175998 0.189589  0.862032 0.383801 1 0 1.000000
0  -0.849326 4.177410 -17.261627  -0.789840 0.604227 -0.105177  0.861620 0.383483 1 0 1.000000
Material_0
0  1.144484 3.988013 -15.561210  0.965962 0.175978 0.189600  0.862960 0.383483 1 0 1.000000
0  1.145410 3.991596 -17.226318  0.966594 0.244378 0.077305  0.862444 0.383165 1 0 1.000000
0  1.093527 4.177411 -15.561210  0.807394 0.586727 0.062180  0.862960 0.383589 1 0 1.000000
Material_0
0  1.093527 4.177411 -15.561210  0.807394 0.586727 0.062180  0.862960 0.383589 1 0 1.000000
0  1.145410 3.991596 -17.226318  0.966594 0.244378 0.077305  0.862444 0.383165 1 0 1.000000
0  1.093527 4.177411 -17.261627  0.789849 0.604211 -0.105204  0.862444 0.383165 1 0 1.000000
Material_0
0  1.093527 4.177411 -17.261627  0.789849 0.604211 -0.105204  0.862444 0.383165 1 0 1.000000
0  1.145410 3.991596 -17.226318  0.966594 0.244378 0.077305  0.862444 0.383165 1 0 1.000000
0  1.177066 4.017702 -17.399149  0.883859 0.436966 -0.166894  0.862444 0.383059 1 0 1.000000
Material_0
0  1.145410 3.991596 -17.226318  0.966594 0.244378 0.077305  0.862444 0.383165 1 0 1.000000
0  1.308164 3.106543 -17.226318  0.962318 0.261267 0.075383  0.862547 0.382740 1 0 1.000000
0  1.177066 4.017702 -17.399149  0.883859 0.436966 -0.166894  0.862444 0.383059 1 0 1.000000
Material_0
0  1.177066 4.017702 -17.399149  0.883859 0.436966 -0.166894  0.862444 0.383059 1 0 1.000000
0  1.308164 3.106543 -17.226318  0.962318 0.261267 0.075383  0.862547 0.382740 1 0 1.000000
0  1.366842 3.016451 -17.401009  0.997944 0.063378 0.009512  0.862547 0.382634 1 0 1.000000
Material_0
0  1.366842 3.016451 -17.401009  0.997944 0.063378 0.009512  0.862547 0.382634 1 0 1.000000
0  1.308164 3.106543 -17.226318  0.962318 0.261267 0.075383  0.862547 0.382740 1 0 1.000000
0  1.366842 2.911514 -17.263487  0.999997 0.002277 0.000046  0.862547 0.382634 1 0 1.000000
Material_0
0  1.308164 3.106543 -17.226318  0.962318 0.261267 0.075383  0.862547 0.382740 1 0 1.000000
0  1.305848 3.111151 -15.563067  0.926197 0.332206 0.178318  0.862960 0.383059 1 0 1.000000
0  1.366842 2.911514 -17.263487  0.999997 0.002277 0.000046  0.862547 0.382634 1 0 1.000000
Material_0
0  1.366842 2.911514 -17.263487  0.999997 0.002277 0.000046  0.862547 0.382634 1 0 1.000000
0  1.305848 3.111151 -15.563067  0.926197 0.332206 0.178318  0.862960 0.383059 1 0 1.000000
0  1.366842 2.913050 -15.563067  0.998111 0.041535 0.045268  0.863063 0.382952 1 0 1.000000
Material_0
0  -0.841605 2.994951 -15.024138  -0.047176 0.998845 -0.009158  0.501909 0.328426 1 0 1.000000
0  -0.840833 2.906395 -15.139358  -0.060332 0.124167 -0.990425  0.501806 0.328426 1 0 1.000000
0  -0.987836 2.906395 -15.024138  -0.992205 0.124106 -0.011253  0.501806 0.328426 1 0 1.000000
Material_0
0  -0.840833 2.906395 -15.139358  -0.060332 0.124167 -0.990425  0.501806 0.328426 1 0 1.000000
0  -0.833421 2.083281 -15.139356  -0.060293 -0.124222 -0.990421  0.500570 0.328426 1 0 1.000000
0  -0.987836 2.906395 -15.024138  -0.992205 0.124106 -0.011253  0.501806 0.328426 1 0 1.000000
Material_0
0  -0.987836 2.906395 -15.024138  -0.992205 0.124106 -0.011253  0.501806 0.328426 1 0 1.000000
0  -0.833421 2.083281 -15.139356  -0.060293 -0.124222 -0.990421  0.500570 0.328426 1 0 1.000000
0  -0.980269 2.083281 -15.024137  -0.988585 -0.150090 -0.013147  0.500570 0.328426 1 0 1.000000
Material_0
0  -0.833421 2.083281 -15.139356  -0.060293 -0.124222 -0.990421  0.500570 0.328426 1 0 1.000000
0  -0.832648 1.994724 -15.024137  -0.052092 -0.998626 -0.005677  0.500467 0.328426 1 0 1.000000
0  -0.980269 2.083281 -15.024137  -0.988585 -0.150090 -0.013147  0.500570 0.328426 1 0 1.000000
Material_0
0  -0.832648 1.994724 -15.024137  -0.052092 -0.998626 -0.005677  0.500467 0.328426 1 0 1.000000
0  -0.832647 1.994725 -5.572415  -0.051532 -0.998626 0.009515  0.500467 0.328426 1 0 1.000000
0  -0.980269 2.083281 -15.024137  -0.988585 -0.150090 -0.013147  0.500570 0.328426 1 0 1.000000
Material_0
0  -0.980269 2.083281 -15.024137  -0.988585 -0.150090 -0.013147  0.500570 0.328426 1 0 1.000000
0  -0.832647 1.994725 -5.572415  -0.051532 -0.998626 0.009515  0.500467 0.328426 1 0 1.000000
0  -0.980268 2.083282 -5.572415  -0.988629 -0.150082 0.009350  0.500570 0.328426 1 0 1.000000
Material_0
0  -0.832647 1.994725 -5.572415  -0.051532 -0.998626 0.009515  0.500467 0.328426 1 0 1.000000
0  -0.833419 2.083282 -5.457195  -0.060357 -0.124187 0.990422  0.500570 0.328426 1 0 1.000000
0  -0.980268 2.083282 -5.572415  -0.988629 -0.150082 0.009350  0.500570 0.328426 1 0 1.000000
Material_0
0  -0.833419 2.083282 -5.457195  -0.060357 -0.124187 0.990422  0.500570 0.328426 1 0 1.000000
0  -0.840831 2.906396 -5.457195  -0.060302 0.124231 0.990419  0.501806 0.328426 1 0 1.000000
0  -0.980268 2.083282 -5.572415  -0.988629 -0.150082 0.009350  0.500570 0.328426 1 0 1.000000
Material_0
0  -0.980268 2.083282 -5.572415  -0.988629 -0.150082 0.009350  0.500570 0.328426 1 0 1.000000
0  -0.840831 2.906396 -5.457195  -0.060302 0.124231 0.990419  0.501806 0.328426 1 0 1.000000
0  -0.987834 2.906396 -5.572415  -0.992205 0.124110 0.011226  0.501806 0.328426 1 0 1.000000
Material_0
0  -0.840831 2.906396 -5.457195  -0.060302 0.124231 0.990419  0.501806 0.328426 1 0 1.000000
0  -0.841603 2.994953 -5.572415  -0.047735 0.998845 0.005517  0.501909 0.328426 1 0 1.000000
0  -0.987834 2.906396 -5.572415  -0.992205 0.124110 0.011226  0.501806 0.328426 1 0 1.000000
Material_0
0  -0.841603 2.994953 -5.572415  -0.047735 0.998845 0.005517  0.501909 0.328426 1 0 1.000000
0  -0.841605 2.994951 -15.024138  -0.047176 0.998845 -0.009158  0.501909 0.328426 1 0 1.000000
0  -0.987834 2.906396 -5.572415  -0.992205 0.124110 0.011226  0.501806 0.328426 1 0 1.000000
Material_0
0  -0.987834 2.906396 -5.572415  -0.992205 0.124110 0.011226  0.501806 0.328426 1 0 1.000000
0  -0.841605 2.994951 -15.024138  -0.047176 0.998845 -0.009158  0.501909 0.328426 1 0 1.000000
0  -0.987836 2.906395 -15.024138  -0.992205 0.124106 -0.011253  0.501806 0.328426 1 0 1.000000
Material_0
0  1.084880 2.906395 -15.139358  0.060302 0.124240 -0.990418  0.501806 0.328426 1 0 1.000000
0  1.085807 2.994952 -15.024138  0.047188 0.998844 -0.009125  0.501909 0.328426 1 0 1.000000
0  1.231729 2.906395 -15.024138  0.992205 0.124110 -0.011263  0.501806 0.328426 1 0 1.000000
Material_0
0  1.085807 2.994952 -15.024138  0.047188 0.998844 -0.009125  0.501909 0.328426 1 0 1.000000
0  1.085808 2.994953 -5.572415  0.047716 0.998846 0.005511  0.501909 0.328426 1 0 1.000000
0  1.231729 2.906395 -15.024138  0.992205 0.124110 -0.011263  0.501806 0.328426 1 0 1.000000
Material_0
0  1.231729 2.906395 -15.024138  0.992205 0.124110 -0.011263  0.501806 0.328426 1 0 1.000000
0  1.085808 2.994953 -5.572415  0.047716 0.998846 0.005511  0.501909 0.328426 1 0 1.000000
0  1.231731 2.906397 -5.572415  0.992204 0.124116 0.011235  0.501806 0.328426 1 0 1.000000
Material_0
0  1.085808 2.994953 -5.572415  0.047716 0.998846 0.005511  0.501909 0.328426 1 0 1.000000
0  1.084882 2.906397 -5.457195  0.060338 0.124197 0.990421  0.501806 0.328426 1 0 1.000000
0  1.231731 2.906397 -5.572415  0.992204 0.124116 0.011235  0.501806 0.328426 1 0 1.000000
Material_0
0  1.084882 2.906397 -5.457195  0.060338 0.124197 0.990421  0.501806 0.328426 1 0 1.000000
0  1.075771 2.083282 -5.457195  0.060327 -0.124206 0.990421  0.500570 0.328426 1 0 1.000000
0  1.231731 2.906397 -5.572415  0.992204 0.124116 0.011235  0.501806 0.328426 1 0 1.000000
Material_0
0  1.231731 2.906397 -5.572415  0.992204 0.124116 0.011235  0.501806 0.328426 1 0 1.000000
0  1.075771 2.083282 -5.457195  0.060327 -0.124206 0.990421  0.500570 0.328426 1 0 1.000000
0  1.222775 2.083282 -5.572415  0.988628 -0.150086 0.009380  0.500570 0.328426 1 0 1.000000
Material_0
0  1.075771 2.083282 -5.457195  0.060327 -0.124206 0.990421  0.500570 0.328426 1 0 1.000000
0  1.074845 1.994726 -5.572415  0.051547 -0.998625 0.009518  0.500467 0.328426 1 0 1.000000
0  1.222775 2.083282 -5.572415  0.988628 -0.150086 0.009380  0.500570 0.328426 1 0 1.000000
Material_0
0  1.074845 1.994726 -5.572415  0.051547 -0.998625 0.009518  0.500467 0.328426 1 0 1.000000
0  1.074843 1.994725 -15.024137  0.052057 -0.998628 -0.005764  0.500467 0.328426 1 0 1.000000
0  1.222775 2.083282 -5.572415  0.988628 -0.150086 0.009380  0.500570 0.328426 1 0 1.000000
Material_0
0  1.222775 2.083282 -5.572415  0.988628 -0.150086 0.009380  0.500570 0.328426 1 0 1.000000
0  1.074843 1.994725 -15.024137  0.052057 -0.998628 -0.005764  0.500467 0.328426 1 0 1.000000
0  1.222773 2.083281 -15.024137  0.988581 -0.150113 -0.013151  0.500570 0.328426 1 0 1.000000
Material_0
0  1.074843 1.994725 -15.024137  0.052057 -0.998628 -0.005764  0.500467 0.328426 1 0 1.000000
0  1.075770 2.083281 -15.139356  0.060311 -0.124194 -0.990423  0.500570 0.328426 1 0 1.000000
0  1.222773 2.083281 -15.024137  0.988581 -0.150113 -0.013151  0.500570 0.328426 1 0 1.000000
Material_0
0  1.075770 2.083281 -15.139356  0.060311 -0.124194 -0.990423  0.500570 0.328426 1 0 1.000000
0  1.084880 2.906395 -15.139358  0.060302 0.124240 -0.990418  0.501806 0.328426 1 0 1.000000
0  1.222773 2.083281 -15.024137  0.988581 -0.150113 -0.013151  0.500570 0.328426 1 0 1.000000
Material_0
0  1.222773 2.083281 -15.024137  0.988581 -0.150113 -0.013151  0.500570 0.328426 1 0 1.000000
0  1.084880 2.906395 -15.139358  0.060302 0.124240 -0.990418  0.501806 0.328426 1 0 1.000000
0  1.231729 2.906395 -15.024138  0.992205 0.124110 -0.011263  0.501806 0.328426 1 0 1.000000
Material_0
0  -1.179927 1.112744 -9.086612  -0.761311 -0.248599 0.598835  0.870582 0.141189 1 0 1.000000
0  -1.179927 -0.192568 -9.090328  -0.761002 0.282294 0.584112  0.870582 0.131536 1 0 1.000000
0  -0.998180 -0.094798 -8.898915  -0.848834 0.421199 0.319486  0.872745 0.132491 1 0 1.000000
Material_0
0  -1.179927 -0.192568 -9.090328  -0.761002 0.282294 0.584112  0.870582 0.131536 1 0 1.000000
0  -1.179927 -0.306719 -8.949091  -0.766106 0.628358 0.135084  0.871200 0.131217 1 0 1.000000
0  -0.998180 -0.094798 -8.898915  -0.848834 0.421199 0.319486  0.872745 0.132491 1 0 1.000000
Material_0
0  -0.998180 -0.094798 -8.898915  -0.848834 0.421199 0.319486  0.872745 0.132491 1 0 1.000000
0  -1.179927 -0.306719 -8.949091  -0.766106 0.628358 0.135084  0.871200 0.131217 1 0 1.000000
0  -0.998334 0.728317 -5.936657  -0.750558 0.554382 -0.359616  0.886549 0.149145 1 0 1.000000
Material_0
0  -1.179927 -0.306719 -8.949091  -0.766106 0.628358 0.135084  0.871200 0.131217 1 0 1.000000
0  -1.180081 0.555811 -5.823296  -0.750622 0.554425 -0.359415  0.885725 0.148721 1 0 1.000000
0  -0.998334 0.728317 -5.936657  -0.750558 0.554382 -0.359616  0.886549 0.149145 1 0 1.000000
Material_0
0  -0.998334 0.728317 -5.936657  -0.750558 0.554382 -0.359616  0.886549 0.149145 1 0 1.000000
0  -1.180081 0.555811 -5.823296  -0.750622 0.554425 -0.359415  0.885725 0.148721 1 0 1.000000
0  -0.998334 0.841956 -5.843738  -0.753426 0.214607 -0.621525  0.886961 0.150312 1 0 1.000000
Material_0
0  -1.180081 0.555811 -5.823296  -0.750622 0.554425 -0.359415  0.885725 0.148721 1 0 1.000000
0  -1.180081 0.772339 -5.648609  -0.753429 0.214585 -0.621528  0.886549 0.150949 1 0 1.000000
0  -0.998334 0.841956 -5.843738  -0.753426 0.214607 -0.621525  0.886961 0.150312 1 0 1.000000
Material_0
0  -0.998334 0.841956 -5.843738  -0.753426 0.214607 -0.621525  0.886961 0.150312 1 0 1.000000
0  -1.180081 0.772339 -5.648609  -0.753429 0.214585 -0.621528  0.886549 0.150949 1 0 1.000000
0  -0.998180 1.032378 -5.843738  -0.761287 -0.248605 -0.598864  0.886961 0.151798 1 0 1.000000
Material_0
0  -1.180081 0.772339 -5.648609  -0.753429 0.214585 -0.621528  0.886549 0.150949 1 0 1.000000
0  -1.179927 1.113256 -5.646750  -0.761291 -0.248554 -0.598880  0.886549 0.153495 1 0 1.000000
0  -0.998180 1.032378 -5.843738  -0.761287 -0.248605 -0.598864  0.886961 0.151798 1 0 1.000000
Material_0
0  -0.998180 1.032378 -5.843738  -0.761287 -0.248605 -0.598864  0.886961 0.151798 1 0 1.000000
0  -1.179927 1.113256 -5.646750  -0.761291 -0.248554 -0.598880  0.886549 0.153495 1 0 1.000000
0  -0.998180 1.080495 -5.892056  -0.760284 -0.600796 -0.247008  0.886755 0.151904 1 0 1.000000
Material_0
0  -1.179927 1.113256 -5.646750  -0.761291 -0.248554 -0.598880  0.886549 0.153495 1 0 1.000000
0  -1.179927 1.277060 -5.810288  -0.760292 -0.600752 -0.247090  0.885828 0.154131 1 0 1.000000
0  -0.998180 1.080495 -5.892056  -0.760284 -0.600796 -0.247008  0.886755 0.151904 1 0 1.000000
Material_0
0  -0.998180 1.080495 -5.892056  -0.760284 -0.600796 -0.247008  0.886755 0.151904 1 0 1.000000
0  -1.179927 1.277060 -5.810288  -0.760292 -0.600752 -0.247090  0.885828 0.154131 1 0 1.000000
0  -0.998180 1.080495 -8.841306  -0.759125 -0.600791 0.250558  0.872952 0.141401 1 0 1.000000
Material_0
0  -1.179927 1.277060 -5.810288  -0.760292 -0.600752 -0.247090  0.885828 0.154131 1 0 1.000000
0  -1.179927 1.277059 -8.923075  -0.759108 -0.600787 0.250618  0.871303 0.142993 1 0 1.000000
0  -0.998180 1.080495 -8.841306  -0.759125 -0.600791 0.250558  0.872952 0.141401 1 0 1.000000
Material_0
0  -0.998180 1.080495 -8.841306  -0.759125 -0.600791 0.250558  0.872952 0.141401 1 0 1.000000
0  -1.179927 1.277059 -8.923075  -0.759108 -0.600787 0.250618  0.871303 0.142993 1 0 1.000000
0  -0.998180 1.030842 -8.891482  -0.758771 -0.252845 0.600279  0.872745 0.140871 1 0 1.000000
Material_0
0  -1.179927 1.277059 -8.923075  -0.759108 -0.600787 0.250618  0.871303 0.142993 1 0 1.000000
0  -1.179927 1.112744 -9.086612  -0.761311 -0.248599 0.598835  0.870582 0.141189 1 0 1.000000
0  -0.998180 1.030842 -8.891482  -0.758771 -0.252845 0.600279  0.872745 0.140871 1 0 1.000000
Material_0
0  -0.998180 1.030842 -8.891482  -0.758771 -0.252845 0.600279  0.872745 0.140871 1 0 1.000000
0  -1.179927 1.112744 -9.086612  -0.761311 -0.248599 0.598835  0.870582 0.141189 1 0 1.000000
0  -0.998180 -0.094798 -8.898915  -0.848834 0.421199 0.319486  0.872745 0.132491 1 0 1.000000
Material_0
0  1.423978 1.112744 -9.086613  0.761319 -0.248595 0.598827  0.870582 0.141189 1 0 1.000000
0  1.242077 -0.094797 -8.898915  0.848856 0.421188 0.319445  0.872745 0.132491 1 0 1.000000
0  1.423978 -0.192568 -9.090328  0.765557 0.282309 0.578121  0.870582 0.131536 1 0 1.000000
Material_0
0  1.423978 -0.192568 -9.090328  0.765557 0.282309 0.578121  0.870582 0.131536 1 0 1.000000
0  1.242077 -0.094797 -8.898915  0.848856 0.421188 0.319445  0.872745 0.132491 1 0 1.000000
0  1.423978 -0.306719 -8.949091  0.766137 0.628329 0.135044  0.871200 0.131217 1 0 1.000000
Material_0
0  1.242077 -0.094797 -8.898915  0.848856 0.421188 0.319445  0.872745 0.132491 1 0 1.000000
0  1.242231 0.728318 -5.936657  0.750585 0.554437 -0.359473  0.886549 0.149145 1 0 1.000000
0  1.423978 -0.306719 -8.949091  0.766137 0.628329 0.135044  0.871200 0.131217 1 0 1.000000
Material_0
0  1.423978 -0.306719 -8.949091  0.766137 0.628329 0.135044  0.871200 0.131217 1 0 1.000000
0  1.242231 0.728318 -5.936657  0.750585 0.554437 -0.359473  0.886549 0.149145 1 0 1.000000
0  1.424133 0.555812 -5.823296  0.750604 0.554413 -0.359471  0.885725 0.148721 1 0 1.000000
Material_0
0  1.242231 0.728318 -5.936657  0.750585 0.554437 -0.359473  0.886549 0.149145 1 0 1.000000
0  1.242231 0.841956 -5.843738  0.753425 0.214602 -0.621528  0.886961 0.150312 1 0 1.000000
0  1.424133 0.555812 -5.823296  0.750604 0.554413 -0.359471  0.885725 0.148721 1 0 1.000000
Material_0
0  1.424133 0.555812 -5.823296  0.750604 0.554413 -0.359471  0.885725 0.148721 1 0 1.000000
0  1.242231 0.841956 -5.843738  0.753425 0.214602 -0.621528  0.886961 0.150312 1 0 1.000000
0  1.424132 0.772340 -5.648609  0.753429 0.214593 -0.621527  0.886549 0.150949 1 0 1.000000
Material_0
0  1.242231 0.841956 -5.843738  0.753425 0.214602 -0.621528  0.886961 0.150312 1 0 1.000000
0  1.242231 1.032378 -5.843738  0.761289 -0.248596 -0.598865  0.886961 0.151798 1 0 1.000000
0  1.424132 0.772340 -5.648609  0.753429 0.214593 -0.621527  0.886549 0.150949 1 0 1.000000
Material_0
0  1.424132 0.772340 -5.648609  0.753429 0.214593 -0.621527  0.886549 0.150949 1 0 1.000000
0  1.242231 1.032378 -5.843738  0.761289 -0.248596 -0.598865  0.886961 0.151798 1 0 1.000000
0  1.423978 1.113257 -5.646750  0.761277 -0.248510 -0.598916  0.886549 0.153495 1 0 1.000000
Material_0
0  1.242231 1.032378 -5.843738  0.761289 -0.248596 -0.598865  0.886961 0.151798 1 0 1.000000
0  1.242077 1.080496 -5.892056  0.760281 -0.600754 -0.247119  0.886755 0.151904 1 0 1.000000
0  1.423978 1.113257 -5.646750  0.761277 -0.248510 -0.598916  0.886549 0.153495 1 0 1.000000
Material_0
0  1.423978 1.113257 -5.646750  0.761277 -0.248510 -0.598916  0.886549 0.153495 1 0 1.000000
0  1.242077 1.080496 -5.892056  0.760281 -0.600754 -0.247119  0.886755 0.151904 1 0 1.000000
0  1.423978 1.277061 -5.810288  0.760284 -0.600765 -0.247083  0.885828 0.154131 1 0 1.000000
Material_0
0  1.242077 1.080496 -5.892056  0.760281 -0.600754 -0.247119  0.886755 0.151904 1 0 1.000000
0  1.242231 1.080495 -8.841307  0.759105 -0.600788 0.250626  0.872952 0.141401 1 0 1.000000
0  1.423978 1.277061 -5.810288  0.760284 -0.600765 -0.247083  0.885828 0.154131 1 0 1.000000
Material_0
0  1.423978 1.277061 -5.810288  0.760284 -0.600765 -0.247083  0.885828 0.154131 1 0 1.000000
0  1.242231 1.080495 -8.841307  0.759105 -0.600788 0.250626  0.872952 0.141401 1 0 1.000000
0  1.423978 1.277060 -8.923075  0.759133 -0.600772 0.250577  0.871303 0.142993 1 0 1.000000
Material_0
0  1.242231 1.080495 -8.841307  0.759105 -0.600788 0.250626  0.872952 0.141401 1 0 1.000000
0  1.242076 1.030842 -8.891482  0.758846 -0.252693 0.600249  0.872745 0.140871 1 0 1.000000
0  1.423978 1.277060 -8.923075  0.759133 -0.600772 0.250577  0.871303 0.142993 1 0 1.000000
Material_0
0  1.423978 1.277060 -8.923075  0.759133 -0.600772 0.250577  0.871303 0.142993 1 0 1.000000
0  1.242076 1.030842 -8.891482  0.758846 -0.252693 0.600249  0.872745 0.140871 1 0 1.000000
0  1.423978 1.112744 -9.086613  0.761319 -0.248595 0.598827  0.870582 0.141189 1 0 1.000000
Material_0
0  1.242076 1.030842 -8.891482  0.758846 -0.252693 0.600249  0.872745 0.140871 1 0 1.000000
0  1.242077 -0.094797 -8.898915  0.848856 0.421188 0.319445  0.872745 0.132491 1 0 1.000000
0  1.423978 1.112744 -9.086613  0.761319 -0.248595 0.598827  0.870582 0.141189 1 0 1.000000
Material_0
0  1.598932 7.197036 4.464695  0.135495 -0.037121 0.990082  0.489548 0.346354 1 0 1.000000
0  1.166414 8.241285 4.464695  0.098013 0.102567 0.989886  0.488518 0.349324 1 0 1.000000
0  0.122104 7.197036 4.951590  0.000000 0.002191 0.999998  0.486252 0.347733 1 0 1.000000
Material_0
0  1.166414 8.241285 4.464695  0.098013 0.102567 0.989886  0.488518 0.349324 1 0 1.000000
0  0.122104 8.673830 4.464695  -0.000023 0.141612 0.989922  0.485943 0.351340 1 0 1.000000
0  0.122104 7.197036 4.951590  0.000000 0.002191 0.999998  0.486252 0.347733 1 0 1.000000
Material_0
0  0.122104 8.673830 4.464695  -0.000023 0.141612 0.989922  0.485943 0.351340 1 0 1.000000
0  -0.922207 8.241285 4.464695  -0.098036 0.102543 0.989886  0.483265 0.351021 1 0 1.000000
0  0.122104 7.197036 4.951590  0.000000 0.002191 0.999998  0.486252 0.347733 1 0 1.000000
Material_0
0  -0.922207 8.241285 4.464695  -0.098036 0.102543 0.989886  0.483265 0.351021 1 0 1.000000
0  -1.354724 7.197035 4.464695  -0.135494 -0.037116 0.990083  0.482235 0.348688 1 0 1.000000
0  0.122104 7.197036 4.951590  0.000000 0.002191 0.999998  0.486252 0.347733 1 0 1.000000
Material_0
0  -1.354724 7.197035 4.464695  -0.135494 -0.037116 0.990083  0.482235 0.348688 1 0 1.000000
0  -0.922206 6.152786 4.464695  -0.098013 -0.102566 0.989886  0.483265 0.345717 1 0 1.000000
0  0.122104 7.197036 4.951590  0.000000 0.002191 0.999998  0.486252 0.347733 1 0 1.000000
Material_0
0  -0.922206 6.152786 4.464695  -0.098013 -0.102566 0.989886  0.483265 0.345717 1 0 1.000000
0  0.122104 5.720241 4.464696  0.000023 -0.141611 0.989922  0.485943 0.343702 1 0 1.000000
0  0.122104 7.197036 4.951590  0.000000 0.002191 0.999998  0.486252 0.347733 1 0 1.000000
Material_0
0  0.122104 5.720241 4.464696  0.000023 -0.141611 0.989922  0.485943 0.343702 1 0 1.000000
0  1.166414 6.152786 4.464695  0.098036 -0.102542 0.989886  0.488518 0.344020 1 0 1.000000
0  0.122104 7.197036 4.951590  0.000000 0.002191 0.999998  0.486252 0.347733 1 0 1.000000
Material_0
0  0.122104 7.197036 4.951590  0.000000 0.002191 0.999998  0.486252 0.347733 1 0 1.000000
0  1.166414 6.152786 4.464695  0.098036 -0.102542 0.989886  0.488518 0.344020 1 0 1.000000
0  1.598932 7.197036 4.464695  0.135495 -0.037121 0.990082  0.489548 0.346354 1 0 1.000000
Material_0
0  0.530538 2.036706 30.329630  -0.995897 0.002132 0.090464  0.898807 0.201657 1 0 1.000000
0  0.410866 2.325411 30.329630  -0.704930 -0.703246 0.092293  0.898807 0.201763 1 0 1.000000
0  0.121954 2.036705 25.759874  0.000112 0.002208 0.999998  0.898086 0.201126 1 0 1.000000
Material_0
0  0.410866 2.325411 30.329630  -0.704930 -0.703246 0.092293  0.898807 0.201763 1 0 1.000000
0  0.121955 2.445192 30.329630  0.000003 -0.996180 0.087324  0.898807 0.201763 1 0 1.000000
0  0.121954 2.036705 25.759874  0.000112 0.002208 0.999998  0.898086 0.201126 1 0 1.000000
Material_0
0  0.121955 2.445192 30.329630  0.000003 -0.996180 0.087324  0.898807 0.201763 1 0 1.000000
0  -0.166802 2.325410 30.329630  0.704933 -0.703243 0.092298  0.898704 0.201763 1 0 1.000000
0  0.121954 2.036705 25.759874  0.000112 0.002208 0.999998  0.898086 0.201126 1 0 1.000000
Material_0
0  -0.166802 2.325410 30.329630  0.704933 -0.703243 0.092298  0.898704 0.201763 1 0 1.000000
0  -0.286474 2.036706 30.329630  0.995894 0.002183 0.090497  0.898704 0.201657 1 0 1.000000
0  0.121954 2.036705 25.759874  0.000112 0.002208 0.999998  0.898086 0.201126 1 0 1.000000
Material_0
0  -0.286474 2.036706 30.329630  0.995894 0.002183 0.090497  0.898704 0.201657 1 0 1.000000
0  -0.166802 1.748002 30.329630  0.705208 0.703224 0.090319  0.898704 0.201550 1 0 1.000000
0  0.121954 2.036705 25.759874  0.000112 0.002208 0.999998  0.898086 0.201126 1 0 1.000000
Material_0
0  -0.166802 1.748002 30.329630  0.705208 0.703224 0.090319  0.898704 0.201550 1 0 1.000000
0  0.121955 1.628220 30.329630  -0.000000 0.996183 0.087284  0.898807 0.201550 1 0 1.000000
0  0.121954 2.036705 25.759874  0.000112 0.002208 0.999998  0.898086 0.201126 1 0 1.000000
Material_0
0  0.121955 1.628220 30.329630  -0.000000 0.996183 0.087284  0.898807 0.201550 1 0 1.000000
0  0.410866 1.748002 30.329630  -0.705189 0.703247 0.090288  0.898807 0.201550 1 0 1.000000
0  0.121954 2.036705 25.759874  0.000112 0.002208 0.999998  0.898086 0.201126 1 0 1.000000
Material_0
0  0.121954 2.036705 25.759874  0.000112 0.002208 0.999998  0.898086 0.201126 1 0 1.000000
0  0.410866 1.748002 30.329630  -0.705189 0.703247 0.090288  0.898807 0.201550 1 0 1.000000
0  0.530538 2.036706 30.329630  -0.995897 0.002132 0.090464  0.898807 0.201657 1 0 1.000000
Material_0
0  -0.833421 2.083281 -15.139356  -0.060319 -0.124287 -0.990411  0.529413 0.112971 1 0 1.000000
0  -0.840833 2.906395 -15.139358  -0.060304 0.124312 -0.990409  0.550118 0.112971 1 0 1.000000
0  1.084880 2.906395 -15.139358  0.060316 0.124319 -0.990407  0.550118 0.112971 1 0 1.000000
Material_0
0  1.084880 2.906395 -15.139358  0.060316 0.124319 -0.990407  0.550118 0.112971 1 0 1.000000
0  -0.840833 2.906395 -15.139358  -0.060304 0.124312 -0.990409  0.550118 0.112971 1 0 1.000000
0  1.085807 2.994952 -15.024138  0.047125 0.998846 -0.009231  0.552384 0.112971 1 0 1.000000
Material_0
0  1.084880 2.906395 -15.139358  0.060316 0.124319 -0.990407  0.550118 0.112971 1 0 1.000000
0  1.075770 2.083281 -15.139356  0.060307 -0.124303 -0.990410  0.529413 0.112971 1 0 1.000000
0  -0.833421 2.083281 -15.139356  -0.060319 -0.124287 -0.990411  0.529413 0.112971 1 0 1.000000
Material_0
0  -0.833421 2.083281 -15.139356  -0.060319 -0.124287 -0.990411  0.529413 0.112971 1 0 1.000000
0  1.075770 2.083281 -15.139356  0.060307 -0.124303 -0.990410  0.529413 0.112971 1 0 1.000000
0  -0.832648 1.994724 -15.024137  -0.052069 -0.998627 -0.005803  0.527250 0.112971 1 0 1.000000
Material_0
0  1.075770 2.083281 -15.139356  0.060307 -0.124303 -0.990410  0.529413 0.112971 1 0 1.000000
0  1.074843 1.994725 -15.024137  0.052062 -0.998627 -0.005823  0.527250 0.112971 1 0 1.000000
0  -0.832648 1.994724 -15.024137  -0.052069 -0.998627 -0.005803  0.527250 0.112971 1 0 1.000000
Material_0
0  -0.832648 1.994724 -15.024137  -0.052069 -0.998627 -0.005803  0.527250 0.112971 1 0 1.000000
0  1.074843 1.994725 -15.024137  0.052062 -0.998627 -0.005823  0.527250 0.112971 1 0 1.000000
0  -0.832647 1.994725 -5.572415  -0.051504 -0.998627 0.009607  0.527250 0.112971 1 0 1.000000
Material_0
0  1.074843 1.994725 -15.024137  0.052062 -0.998627 -0.005823  0.527250 0.112971 1 0 1.000000
0  1.074845 1.994726 -5.572415  0.051502 -0.998627 0.009589  0.527250 0.112971 1 0 1.000000
0  -0.832647 1.994725 -5.572415  -0.051504 -0.998627 0.009607  0.527250 0.112971 1 0 1.000000
Material_0
0  -0.832647 1.994725 -5.572415  -0.051504 -0.998627 0.009607  0.527250 0.112971 1 0 1.000000
0  1.074845 1.994726 -5.572415  0.051502 -0.998627 0.009589  0.527250 0.112971 1 0 1.000000
0  -0.833419 2.083282 -5.457195  -0.060318 -0.124289 0.990411  0.529413 0.112971 1 0 1.000000
Material_0
0  1.074845 1.994726 -5.572415  0.051502 -0.998627 0.009589  0.527250 0.112971 1 0 1.000000
0  1.075771 2.083282 -5.457195  0.060303 -0.124315 0.990409  0.529413 0.112971 1 0 1.000000
0  -0.833419 2.083282 -5.457195  -0.060318 -0.124289 0.990411  0.529413 0.112971 1 0 1.000000
Material_0
0  -0.833419 2.083282 -5.457195  -0.060318 -0.124289 0.990411  0.529413 0.112971 1 0 1.000000
0  1.075771 2.083282 -5.457195  0.060303 -0.124315 0.990409  0.529413 0.112971 1 0 1.000000
0  -0.840831 2.906396 -5.457195  -0.060313 0.124289 0.990411  0.550118 0.112971 1 0 1.000000
Material_0
0  1.075771 2.083282 -5.457195  0.060303 -0.124315 0.990409  0.529413 0.112971 1 0 1.000000
0  1.084882 2.906397 -5.457195  0.060318 0.124305 0.990409  0.550118 0.112971 1 0 1.000000
0  -0.840831 2.906396 -5.457195  -0.060313 0.124289 0.990411  0.550118 0.112971 1 0 1.000000
Material_0
0  -0.840831 2.906396 -5.457195  -0.060313 0.124289 0.990411  0.550118 0.112971 1 0 1.000000
0  1.084882 2.906397 -5.457195  0.060318 0.124305 0.990409  0.550118 0.112971 1 0 1.000000
0  -0.841603 2.994953 -5.572415  -0.047706 0.998846 0.005617  0.552384 0.112971 1 0 1.000000
Material_0
0  1.084882 2.906397 -5.457195  0.060318 0.124305 0.990409  0.550118 0.112971 1 0 1.000000
0  1.085808 2.994953 -5.572415  0.047707 0.998846 0.005600  0.552384 0.112971 1 0 1.000000
0  -0.841603 2.994953 -5.572415  -0.047706 0.998846 0.005617  0.552384 0.112971 1 0 1.000000
Material_0
0  -0.841603 2.994953 -5.572415  -0.047706 0.998846 0.005617  0.552384 0.112971 1 0 1.000000
0  1.085808 2.994953 -5.572415  0.047707 0.998846 0.005600  0.552384 0.112971 1 0 1.000000
0  -0.841605 2.994951 -15.024138  -0.047151 0.998845 -0.009267  0.552384 0.112971 1 0 1.000000
Material_0
0  1.085808 2.994953 -5.572415  0.047707 0.998846 0.005600  0.552384 0.112971 1 0 1.000000
0  1.085807 2.994952 -15.024138  0.047125 0.998846 -0.009231  0.552384 0.112971 1 0 1.000000
0  -0.841605 2.994951 -15.024138  -0.047151 0.998845 -0.009267  0.552384 0.112971 1 0 1.000000
Material_0
0  -0.841605 2.994951 -15.024138  -0.047151 0.998845 -0.009267  0.552384 0.112971 1 0 1.000000
0  1.085807 2.994952 -15.024138  0.047125 0.998846 -0.009231  0.552384 0.112971 1 0 1.000000
0  -0.840833 2.906395 -15.139358  -0.060304 0.124312 -0.990409  0.550118 0.112971 1 0 1.000000
Material_0
0  -0.880980 7.197033 -9.547491  -0.319052 0.002133 0.947735  0.186596 0.622594 1 0 1.000000
0  -0.587128 7.906509 -9.547492  -0.217078 0.240109 0.946163  0.191128 0.632248 1 0 1.000000
0  -0.864303 8.183439 -9.679437  -0.359973 0.368975 0.856899  0.185566 0.637021 1 0 1.000000
Material_0
0  -0.864303 8.183439 -9.679437  -0.359973 0.368975 0.856899  0.185566 0.637021 1 0 1.000000
0  -0.587128 7.906509 -9.547492  -0.217078 0.240109 0.946163  0.191128 0.632248 1 0 1.000000
0  0.122101 8.591925 -9.679437  0.003770 0.513732 0.857942  0.200502 0.638506 1 0 1.000000
Material_0
0  -0.864303 8.183439 -9.679437  -0.359973 0.368975 0.856899  0.185566 0.637021 1 0 1.000000
0  -1.272886 7.197033 -9.679436  -0.516970 -0.032738 0.855377  0.179385 0.623549 1 0 1.000000
0  -0.880980 7.197033 -9.547491  -0.319052 0.002133 0.947735  0.186596 0.622594 1 0 1.000000
Material_0
0  -0.880980 7.197033 -9.547491  -0.319052 0.002133 0.947735  0.186596 0.622594 1 0 1.000000
0  -1.272886 7.197033 -9.679436  -0.516970 -0.032738 0.855377  0.179385 0.623549 1 0 1.000000
0  -0.587128 6.488070 -9.547491  -0.242750 -0.214602 0.946054  0.191128 0.610076 1 0 1.000000
Material_0
0  -1.272886 7.197033 -9.679436  -0.516970 -0.032738 0.855377  0.179385 0.623549 1 0 1.000000
0  -0.864303 6.210627 -9.679436  -0.367293 -0.360835 0.857259  0.185566 0.606045 1 0 1.000000
0  -0.587128 6.488070 -9.547491  -0.242750 -0.214602 0.946054  0.191128 0.610076 1 0 1.000000
Material_0
0  -0.587128 6.488070 -9.547491  -0.242750 -0.214602 0.946054  0.191128 0.610076 1 0 1.000000
0  -0.864303 6.210627 -9.679436  -0.367293 -0.360835 0.857259  0.185566 0.606045 1 0 1.000000
0  0.122102 6.194247 -9.547491  -0.015096 -0.319801 0.947364  0.201841 0.601908 1 0 1.000000
Material_0
0  -0.864303 6.210627 -9.679436  -0.367293 -0.360835 0.857259  0.185566 0.606045 1 0 1.000000
0  0.122102 5.802141 -9.679437  -0.007555 -0.513728 0.857920  0.200502 0.594800 1 0 1.000000
0  0.122102 6.194247 -9.547491  -0.015096 -0.319801 0.947364  0.201841 0.601908 1 0 1.000000
Material_0
0  0.122102 6.194247 -9.547491  -0.015096 -0.319801 0.947364  0.201841 0.601908 1 0 1.000000
0  0.122102 5.802141 -9.679437  -0.007555 -0.513728 0.857920  0.200502 0.594800 1 0 1.000000
0  0.831485 6.488070 -9.547491  0.217061 -0.240141 0.946159  0.212554 0.603075 1 0 1.000000
Material_0
0  0.122102 5.802141 -9.679437  -0.007555 -0.513728 0.857920  0.200502 0.594800 1 0 1.000000
0  1.108506 6.210628 -9.679437  0.356908 -0.368951 0.858191  0.215439 0.596285 1 0 1.000000
0  0.831485 6.488070 -9.547491  0.217061 -0.240141 0.946159  0.212554 0.603075 1 0 1.000000
Material_0
0  0.831485 6.488070 -9.547491  0.217061 -0.240141 0.946159  0.212554 0.603075 1 0 1.000000
0  1.108506 6.210628 -9.679437  0.356908 -0.368951 0.858191  0.215439 0.596285 1 0 1.000000
0  1.125183 7.197034 -9.547491  0.318965 -0.024024 0.947462  0.216984 0.612728 1 0 1.000000
Material_0
0  1.108506 6.210628 -9.679437  0.356908 -0.368951 0.858191  0.215439 0.596285 1 0 1.000000
0  1.517089 7.197034 -9.679437  0.516969 -0.032759 0.855377  0.221619 0.609758 1 0 1.000000
0  1.125183 7.197034 -9.547491  0.318965 -0.024024 0.947462  0.216984 0.612728 1 0 1.000000
Material_0
0  1.125183 7.197034 -9.547491  0.318965 -0.024024 0.947462  0.216984 0.612728 1 0 1.000000
0  1.517089 7.197034 -9.679437  0.516969 -0.032759 0.855377  0.221619 0.609758 1 0 1.000000
0  0.831485 7.906509 -9.547492  0.242756 0.214602 0.946052  0.212554 0.625246 1 0 1.000000
Material_0
0  1.517089 7.197034 -9.679437  0.516969 -0.032759 0.855377  0.221619 0.609758 1 0 1.000000
0  1.108506 8.183439 -9.679438  0.370307 0.360832 0.855963  0.215439 0.627262 1 0 1.000000
0  0.831485 7.906509 -9.547492  0.242756 0.214602 0.946052  0.212554 0.625246 1 0 1.000000
Material_0
0  0.831485 7.906509 -9.547492  0.242756 0.214602 0.946052  0.212554 0.625246 1 0 1.000000
0  1.108506 8.183439 -9.679438  0.370307 0.360832 0.855963  0.215439 0.627262 1 0 1.000000
0  0.122101 8.200333 -9.547492  0.018860 0.319801 0.947297  0.201841 0.633414 1 0 1.000000
Material_0
0  1.108506 8.183439 -9.679438  0.370307 0.360832 0.855963  0.215439 0.627262 1 0 1.000000
0  0.122101 8.591925 -9.679437  0.003770 0.513732 0.857942  0.200502 0.638506 1 0 1.000000
0  0.122101 8.200333 -9.547492  0.018860 0.319801 0.947297  0.201841 0.633414 1 0 1.000000
Material_0
0  0.122101 8.200333 -9.547492  0.018860 0.319801 0.947297  0.201841 0.633414 1 0 1.000000
0  0.122101 8.591925 -9.679437  0.003770 0.513732 0.857942  0.200502 0.638506 1 0 1.000000
0  -0.587128 7.906509 -9.547492  -0.217078 0.240109 0.946163  0.191128 0.632248 1 0 1.000000
Material_0
0  -1.350094 7.197033 -11.820291  -0.999542 0.002182 -0.030190  0.157032 0.607742 1 0 1.000000
0  -0.918812 8.238211 -9.787223  -0.707065 0.706334 0.033922  0.183712 0.637339 1 0 1.000000
0  -0.918813 8.238211 -11.820292  -0.707388 0.706333 -0.026389  0.163522 0.621851 1 0 1.000000
Material_0
0  -0.918813 8.238211 -11.820292  -0.707388 0.706333 -0.026389  0.163522 0.621851 1 0 1.000000
0  -0.918812 8.238211 -9.787223  -0.707065 0.706334 0.033922  0.183712 0.637339 1 0 1.000000
0  0.122101 8.669220 -9.787223  -0.003546 0.999533 0.030343  0.199472 0.638931 1 0 1.000000
Material_0
0  -0.918812 8.238211 -9.787223  -0.707065 0.706334 0.033922  0.183712 0.637339 1 0 1.000000
0  -1.350094 7.197033 -11.820291  -0.999542 0.002182 -0.030190  0.157032 0.607742 1 0 1.000000
0  -1.350094 7.197033 -9.787222  -0.999542 0.002183 0.030190  0.177119 0.623124 1 0 1.000000
Material_0
0  -1.350094 7.197033 -11.820291  -0.999542 0.002182 -0.030190  0.157032 0.607742 1 0 1.000000
0  -0.918812 6.156367 -11.820291  -0.707150 -0.706334 -0.032093  0.163522 0.589284 1 0 1.000000
0  -1.350094 7.197033 -9.787222  -0.999542 0.002183 0.030190  0.177119 0.623124 1 0 1.000000
Material_0
0  -1.350094 7.197033 -9.787222  -0.999542 0.002183 0.030190  0.177119 0.623124 1 0 1.000000
0  -0.918812 6.156367 -11.820291  -0.707150 -0.706334 -0.032093  0.163522 0.589284 1 0 1.000000
0  -0.918812 6.156367 -9.787222  -0.707312 -0.706336 0.028273  0.183712 0.604666 1 0 1.000000
Material_0
0  -0.918812 6.156367 -11.820291  -0.707150 -0.706334 -0.032093  0.163522 0.589284 1 0 1.000000
0  0.122101 5.724846 -11.820291  -0.000000 -0.999657 -0.026183  0.179282 0.577403 1 0 1.000000
0  -0.918812 6.156367 -9.787222  -0.707312 -0.706336 0.028273  0.183712 0.604666 1 0 1.000000
Material_0
0  -0.918812 6.156367 -9.787222  -0.707312 -0.706336 0.028273  0.183712 0.604666 1 0 1.000000
0  0.122101 5.724846 -11.820291  -0.000000 -0.999657 -0.026183  0.179282 0.577403 1 0 1.000000
0  0.122102 5.724846 -9.787222  0.003828 -0.999533 0.030313  0.199472 0.592785 1 0 1.000000
Material_0
0  0.122101 5.724846 -11.820291  -0.000000 -0.999657 -0.026183  0.179282 0.577403 1 0 1.000000
0  1.163015 6.156367 -11.820291  0.707151 -0.706333 -0.032094  0.195043 0.578994 1 0 1.000000
0  0.122102 5.724846 -9.787222  0.003828 -0.999533 0.030313  0.199472 0.592785 1 0 1.000000
Material_0
0  0.122102 5.724846 -9.787222  0.003828 -0.999533 0.030313  0.199472 0.592785 1 0 1.000000
0  1.163015 6.156367 -11.820291  0.707151 -0.706333 -0.032094  0.195043 0.578994 1 0 1.000000
0  1.163015 6.156367 -9.787223  0.707309 -0.706336 0.028329  0.215233 0.594376 1 0 1.000000
Material_0
0  1.163015 6.156367 -11.820291  0.707151 -0.706333 -0.032094  0.195043 0.578994 1 0 1.000000
0  1.594296 7.197034 -11.820291  0.999542 0.002183 -0.030190  0.201635 0.593103 1 0 1.000000
0  1.163015 6.156367 -9.787223  0.707309 -0.706336 0.028329  0.215233 0.594376 1 0 1.000000
Material_0
0  1.163015 6.156367 -9.787223  0.707309 -0.706336 0.028329  0.215233 0.594376 1 0 1.000000
0  1.594296 7.197034 -11.820291  0.999542 0.002183 -0.030190  0.201635 0.593103 1 0 1.000000
0  1.594296 7.197034 -9.787223  0.999542 0.002182 0.030190  0.221722 0.608591 1 0 1.000000
Material_0
0  1.594296 7.197034 -11.820291  0.999542 0.002183 -0.030190  0.201635 0.593103 1 0 1.000000
0  1.163014 8.238213 -11.820292  0.707385 0.706335 -0.026389  0.195043 0.611561 1 0 1.000000
0  1.594296 7.197034 -9.787223  0.999542 0.002182 0.030190  0.221722 0.608591 1 0 1.000000
Material_0
0  1.594296 7.197034 -9.787223  0.999542 0.002182 0.030190  0.221722 0.608591 1 0 1.000000
0  1.163014 8.238213 -11.820292  0.707385 0.706335 -0.026389  0.195043 0.611561 1 0 1.000000
0  1.163015 8.238211 -9.787223  0.707069 0.706330 0.033922  0.215233 0.627049 1 0 1.000000
Material_0
0  1.163014 8.238213 -11.820292  0.707385 0.706335 -0.026389  0.195043 0.611561 1 0 1.000000
0  0.122101 8.669220 -11.820292  -0.000000 0.999657 -0.026178  0.179282 0.623549 1 0 1.000000
0  1.163015 8.238211 -9.787223  0.707069 0.706330 0.033922  0.215233 0.627049 1 0 1.000000
Material_0
0  1.163015 8.238211 -9.787223  0.707069 0.706330 0.033922  0.215233 0.627049 1 0 1.000000
0  0.122101 8.669220 -11.820292  -0.000000 0.999657 -0.026178  0.179282 0.623549 1 0 1.000000
0  0.122101 8.669220 -9.787223  -0.003546 0.999533 0.030343  0.199472 0.638931 1 0 1.000000
Material_0
0  0.122101 8.669220 -11.820292  -0.000000 0.999657 -0.026178  0.179282 0.623549 1 0 1.000000
0  -0.918813 8.238211 -11.820292  -0.707388 0.706333 -0.026389  0.163522 0.621851 1 0 1.000000
0  0.122101 8.669220 -9.787223  -0.003546 0.999533 0.030343  0.199472 0.638931 1 0 1.000000
Material_0
0  -1.279681 7.197033 -11.942943  -0.701379 -0.028402 -0.712222  0.156826 0.606469 1 0 1.000000
0  -0.869091 8.188559 -11.942945  -0.496563 0.491092 -0.715719  0.163110 0.619942 1 0 1.000000
0  -0.719154 8.038574 -12.067455  -0.367382 0.348617 -0.862263  0.164140 0.615911 1 0 1.000000
Material_0
0  -0.869091 8.188559 -11.942945  -0.496563 0.491092 -0.715719  0.163110 0.619942 1 0 1.000000
0  0.122101 8.387171 -12.067455  -0.015056 0.506297 -0.862228  0.176810 0.617184 1 0 1.000000
0  -0.719154 8.038574 -12.067455  -0.367382 0.348617 -0.862263  0.164140 0.615911 1 0 1.000000
Material_0
0  -0.719154 8.038574 -12.067455  -0.367382 0.348617 -0.862263  0.164140 0.615911 1 0 1.000000
0  -1.067669 7.197032 -12.067454  -0.504004 -0.037118 -0.862903  0.158783 0.604454 1 0 1.000000
0  -1.279681 7.197033 -11.942943  -0.701379 -0.028402 -0.712222  0.156826 0.606469 1 0 1.000000
Material_0
0  -1.279681 7.197033 -11.942943  -0.701379 -0.028402 -0.712222  0.156826 0.606469 1 0 1.000000
0  -1.067669 7.197032 -12.067454  -0.504004 -0.037118 -0.862903  0.158783 0.604454 1 0 1.000000
0  -0.869090 6.206020 -11.942944  -0.490281 -0.498675 -0.714806  0.163110 0.588860 1 0 1.000000
Material_0
0  -1.067669 7.197032 -12.067454  -0.504004 -0.037118 -0.862903  0.158783 0.604454 1 0 1.000000
0  -0.719153 6.356002 -12.067454  -0.346498 -0.369012 -0.862421  0.164140 0.589602 1 0 1.000000
0  -0.869090 6.206020 -11.942944  -0.490281 -0.498675 -0.714806  0.163110 0.588860 1 0 1.000000
Material_0
0  -0.869090 6.206020 -11.942944  -0.490281 -0.498675 -0.714806  0.163110 0.588860 1 0 1.000000
0  -0.719153 6.356002 -12.067454  -0.346498 -0.369012 -0.862421  0.164140 0.589602 1 0 1.000000
0  0.122101 5.795486 -11.942944  0.000023 -0.700050 -0.714094  0.178046 0.577509 1 0 1.000000
Material_0
0  -0.719153 6.356002 -12.067454  -0.346498 -0.369012 -0.862421  0.164140 0.589602 1 0 1.000000
0  0.122101 6.007407 -12.067454  0.015111 -0.506295 -0.862228  0.176810 0.579949 1 0 1.000000
0  0.122101 5.795486 -11.942944  0.000023 -0.700050 -0.714094  0.178046 0.577509 1 0 1.000000
Material_0
0  0.122101 5.795486 -11.942944  0.000023 -0.700050 -0.714094  0.178046 0.577509 1 0 1.000000
0  0.122101 6.007407 -12.067454  0.015111 -0.506295 -0.862228  0.176810 0.579949 1 0 1.000000
0  1.113293 6.206020 -11.942944  0.496578 -0.491071 -0.715723  0.193085 0.579100 1 0 1.000000
Material_0
0  0.122101 6.007407 -12.067454  0.015111 -0.506295 -0.862228  0.176810 0.579949 1 0 1.000000
0  0.963355 6.356002 -12.067454  0.367372 -0.348625 -0.862263  0.189583 0.581222 1 0 1.000000
0  1.113293 6.206020 -11.942944  0.496578 -0.491071 -0.715723  0.193085 0.579100 1 0 1.000000
Material_0
0  1.113293 6.206020 -11.942944  0.496578 -0.491071 -0.715723  0.193085 0.579100 1 0 1.000000
0  0.963355 6.356002 -12.067454  0.367372 -0.348625 -0.862263  0.189583 0.581222 1 0 1.000000
0  1.523883 7.197034 -11.942944  0.701405 0.028402 -0.712197  0.199266 0.592572 1 0 1.000000
Material_0
0  0.963355 6.356002 -12.067454  0.367372 -0.348625 -0.862263  0.189583 0.581222 1 0 1.000000
0  1.311871 7.197033 -12.067454  0.504004 0.037142 -0.862902  0.194837 0.592679 1 0 1.000000
0  1.523883 7.197034 -11.942944  0.701405 0.028402 -0.712197  0.199266 0.592572 1 0 1.000000
Material_0
0  1.523883 7.197034 -11.942944  0.701405 0.028402 -0.712197  0.199266 0.592572 1 0 1.000000
0  1.311871 7.197033 -12.067454  0.504004 0.037142 -0.862902  0.194837 0.592679 1 0 1.000000
0  1.113292 8.188559 -11.942945  0.489678 0.498679 -0.715217  0.193085 0.610076 1 0 1.000000
Material_0
0  1.311871 7.197033 -12.067454  0.504004 0.037142 -0.862902  0.194837 0.592679 1 0 1.000000
0  0.963355 8.038574 -12.067455  0.346085 0.368998 -0.862593  0.189583 0.607530 1 0 1.000000
0  1.113292 8.188559 -11.942945  0.489678 0.498679 -0.715217  0.193085 0.610076 1 0 1.000000
Material_0
0  1.113292 8.188559 -11.942945  0.489678 0.498679 -0.715217  0.193085 0.610076 1 0 1.000000
0  0.963355 8.038574 -12.067455  0.346085 0.368998 -0.862593  0.189583 0.607530 1 0 1.000000
0  0.122101 8.599091 -11.942944  -0.000021 0.700051 -0.714092  0.178046 0.621427 1 0 1.000000
Material_0
0  0.963355 8.038574 -12.067455  0.346085 0.368998 -0.862593  0.189583 0.607530 1 0 1.000000
0  0.122101 8.387171 -12.067455  -0.015056 0.506297 -0.862228  0.176810 0.617184 1 0 1.000000
0  0.122101 8.599091 -11.942944  -0.000021 0.700051 -0.714092  0.178046 0.621427 1 0 1.000000
Material_0
0  0.122101 8.599091 -11.942944  -0.000021 0.700051 -0.714092  0.178046 0.621427 1 0 1.000000
0  0.122101 8.387171 -12.067455  -0.015056 0.506297 -0.862228  0.176810 0.617184 1 0 1.000000
0  -0.869091 8.188559 -11.942945  -0.496563 0.491092 -0.715719  0.163110 0.619942 1 0 1.000000
Material_0
0  -0.925296 5.785762 -3.732620  0.000073 -1.000000 -0.000019  0.856264 0.916126 1 0 1.000000
0  -0.925296 6.104156 -2.963251  0.003851 -0.706356 0.707846  0.857191 0.916126 1 0 1.000000
0  -1.113065 6.209092 -3.067319  -0.999998 0.002201 -0.000035  0.857191 0.916444 1 0 1.000000
Material_0
0  -1.113065 6.209092 -3.067319  -0.999998 0.002201 -0.000035  0.857191 0.916444 1 0 1.000000
0  -0.925296 6.104156 -2.963251  0.003851 -0.706356 0.707846  0.857191 0.916126 1 0 1.000000
0  -1.113065 6.874033 -2.792280  -0.999998 0.002156 -0.000039  0.856264 0.916444 1 0 1.000000
Material_0
0  -1.113065 6.209092 -3.067319  -0.999998 0.002201 -0.000035  0.857191 0.916444 1 0 1.000000
0  -1.113065 5.933697 -3.732620  -0.999997 0.002210 -0.000004  0.856264 0.916444 1 0 1.000000
0  -0.925296 5.785762 -3.732620  0.000073 -1.000000 -0.000019  0.856264 0.916126 1 0 1.000000
Material_0
0  -0.925296 5.785762 -3.732620  0.000073 -1.000000 -0.000019  0.856264 0.916126 1 0 1.000000
0  -1.113065 5.933697 -3.732620  -0.999997 0.002210 -0.000004  0.856264 0.916444 1 0 1.000000
0  -0.925296 6.104155 -4.501989  0.000087 -0.706343 -0.707870  0.857191 0.916126 1 0 1.000000
Material_0
0  -1.113065 5.933697 -3.732620  -0.999997 0.002210 -0.000004  0.856264 0.916444 1 0 1.000000
0  -1.113065 6.209092 -4.397920  -0.999997 0.002236 0.000024  0.857191 0.916444 1 0 1.000000
0  -0.925296 6.104155 -4.501989  0.000087 -0.706343 -0.707870  0.857191 0.916126 1 0 1.000000
Material_0
0  -0.925296 6.104155 -4.501989  0.000087 -0.706343 -0.707870  0.857191 0.916126 1 0 1.000000
0  -1.113065 6.209092 -4.397920  -0.999997 0.002236 0.000024  0.857191 0.916444 1 0 1.000000
0  -0.925296 6.874033 -4.821631  0.000067 0.002195 -0.999998  0.856264 0.916126 1 0 1.000000
Material_0
0  -1.113065 6.209092 -4.397920  -0.999997 0.002236 0.000024  0.857191 0.916444 1 0 1.000000
0  -1.113065 6.874033 -4.672961  -0.999997 0.002229 0.000018  0.856264 0.916444 1 0 1.000000
0  -0.925296 6.874033 -4.821631  0.000067 0.002195 -0.999998  0.856264 0.916126 1 0 1.000000
Material_0
0  -0.925296 6.874033 -4.821631  0.000067 0.002195 -0.999998  0.856264 0.916126 1 0 1.000000
0  -1.113065 6.874033 -4.672961  -0.999997 0.002229 0.000018  0.856264 0.916444 1 0 1.000000
0  -0.925296 7.643399 -4.501989  0.000065 0.706357 -0.707856  0.857191 0.916126 1 0 1.000000
Material_0
0  -1.113065 6.874033 -4.672961  -0.999997 0.002229 0.000018  0.856264 0.916444 1 0 1.000000
0  -1.113065 7.538462 -4.397920  -0.999998 0.002210 0.000027  0.857191 0.916444 1 0 1.000000
0  -0.925296 7.643399 -4.501989  0.000065 0.706357 -0.707856  0.857191 0.916126 1 0 1.000000
Material_0
0  -0.925296 7.643399 -4.501989  0.000065 0.706357 -0.707856  0.857191 0.916126 1 0 1.000000
0  -1.113065 7.538462 -4.397920  -0.999998 0.002210 0.000027  0.857191 0.916444 1 0 1.000000
0  -0.925296 7.961792 -3.732620  0.000070 1.000000 0.000020  0.856264 0.916126 1 0 1.000000
Material_0
0  -1.113065 7.538462 -4.397920  -0.999998 0.002210 0.000027  0.857191 0.916444 1 0 1.000000
0  -1.113065 7.813857 -3.732620  -0.999998 0.002132 0.000005  0.856264 0.916444 1 0 1.000000
0  -0.925296 7.961792 -3.732620  0.000070 1.000000 0.000020  0.856264 0.916126 1 0 1.000000
Material_0
0  -0.925296 7.961792 -3.732620  0.000070 1.000000 0.000020  0.856264 0.916126 1 0 1.000000
0  -1.113065 7.813857 -3.732620  -0.999998 0.002132 0.000005  0.856264 0.916444 1 0 1.000000
0  -0.925296 7.643400 -2.963251  0.000106 0.706328 0.707885  0.857191 0.916126 1 0 1.000000
Material_0
0  -1.113065 7.813857 -3.732620  -0.999998 0.002132 0.000005  0.856264 0.916444 1 0 1.000000
0  -1.113065 7.538463 -3.067319  -0.999998 0.002154 -0.000025  0.857191 0.916444 1 0 1.000000
0  -0.925296 7.643400 -2.963251  0.000106 0.706328 0.707885  0.857191 0.916126 1 0 1.000000
Material_0
0  -0.925296 7.643400 -2.963251  0.000106 0.706328 0.707885  0.857191 0.916126 1 0 1.000000
0  -1.113065 7.538463 -3.067319  -0.999998 0.002154 -0.000025  0.857191 0.916444 1 0 1.000000
0  -0.925296 6.874033 -2.645467  0.000117 0.002206 0.999997  0.856264 0.916126 1 0 1.000000
Material_0
0  -1.113065 7.538463 -3.067319  -0.999998 0.002154 -0.000025  0.857191 0.916444 1 0 1.000000
0  -1.113065 6.874033 -2.792280  -0.999998 0.002156 -0.000039  0.856264 0.916444 1 0 1.000000
0  -0.925296 6.874033 -2.645467  0.000117 0.002206 0.999997  0.856264 0.916126 1 0 1.000000
Material_0
0  -0.925296 6.874033 -2.645467  0.000117 0.002206 0.999997  0.856264 0.916126 1 0 1.000000
0  -1.113065 6.874033 -2.792280  -0.999998 0.002156 -0.000039  0.856264 0.916444 1 0 1.000000
0  -0.925296 6.104156 -2.963251  0.003851 -0.706356 0.707846  0.857191 0.916126 1 0 1.000000
Material_0
0  0.850788 8.252033 -2.991127  0.706729 -0.032757 0.706726  0.916731 0.700247 1 0 1.000000
0  0.121948 8.838144 -2.688210  -0.000000 0.002197 0.999998  0.922396 0.704914 1 0 1.000000
0  0.121948 8.252033 -2.688210  -0.000000 0.002197 0.999998  0.922396 0.700247 1 0 1.000000
Material_0
0  0.121948 8.252033 -2.688210  -0.000000 0.002197 0.999998  0.922396 0.700247 1 0 1.000000
0  0.121948 8.838144 -2.688210  -0.000000 0.002197 0.999998  0.922396 0.704914 1 0 1.000000
0  -0.606892 8.838144 -2.991127  -0.706728 -0.032757 0.706726  0.928062 0.704914 1 0 1.000000
Material_0
0  0.121948 8.838144 -2.688210  -0.000000 0.002197 0.999998  0.922396 0.704914 1 0 1.000000
0  0.850788 8.252033 -2.991127  0.706729 -0.032757 0.706726  0.916731 0.700247 1 0 1.000000
0  0.850788 8.838144 -2.991127  0.706727 -0.032756 0.706728  0.916731 0.704914 1 0 1.000000
Material_0
0  0.850788 8.252033 -2.991127  0.706729 -0.032757 0.706726  0.916731 0.700247 1 0 1.000000
0  1.152670 8.252033 -3.719612  0.999998 0.002196 0.000000  0.922396 0.700247 1 0 1.000000
0  0.850788 8.838144 -2.991127  0.706727 -0.032756 0.706728  0.916731 0.704914 1 0 1.000000
Material_0
0  0.850788 8.838144 -2.991127  0.706727 -0.032756 0.706728  0.916731 0.704914 1 0 1.000000
0  1.152670 8.252033 -3.719612  0.999998 0.002196 0.000000  0.922396 0.700247 1 0 1.000000
0  1.152670 8.838144 -3.719612  0.999998 0.002197 -0.000001  0.922396 0.704914 1 0 1.000000
Material_0
0  1.152670 8.252033 -3.719612  0.999998 0.002196 0.000000  0.922396 0.700247 1 0 1.000000
0  0.850788 8.252033 -4.448097  0.706726 -0.032769 -0.706728  0.928062 0.700247 1 0 1.000000
0  1.152670 8.838144 -3.719612  0.999998 0.002197 -0.000001  0.922396 0.704914 1 0 1.000000
Material_0
0  1.152670 8.838144 -3.719612  0.999998 0.002197 -0.000001  0.922396 0.704914 1 0 1.000000
0  0.850788 8.252033 -4.448097  0.706726 -0.032769 -0.706728  0.928062 0.700247 1 0 1.000000
0  0.850788 8.838144 -4.448097  0.706726 -0.032768 -0.706729  0.928062 0.704914 1 0 1.000000
Material_0
0  0.850788 8.252033 -4.448097  0.706726 -0.032769 -0.706728  0.928062 0.700247 1 0 1.000000
0  0.121948 8.252033 -4.749155  -0.000000 0.002196 -0.999998  0.922396 0.700247 1 0 1.000000
0  0.850788 8.838144 -4.448097  0.706726 -0.032768 -0.706729  0.928062 0.704914 1 0 1.000000
Material_0
0  0.850788 8.838144 -4.448097  0.706726 -0.032768 -0.706729  0.928062 0.704914 1 0 1.000000
0  0.121948 8.252033 -4.749155  -0.000000 0.002196 -0.999998  0.922396 0.700247 1 0 1.000000
0  0.121948 8.838144 -4.749154  -0.000000 0.002196 -0.999998  0.922396 0.704914 1 0 1.000000
Material_0
0  0.121948 8.252033 -4.749155  -0.000000 0.002196 -0.999998  0.922396 0.700247 1 0 1.000000
0  -0.606892 8.252033 -4.448097  -0.706726 -0.032769 -0.706728  0.916731 0.700247 1 0 1.000000
0  0.121948 8.838144 -4.749154  -0.000000 0.002196 -0.999998  0.922396 0.704914 1 0 1.000000
Material_0
0  0.121948 8.838144 -4.749154  -0.000000 0.002196 -0.999998  0.922396 0.704914 1 0 1.000000
0  -0.606892 8.252033 -4.448097  -0.706726 -0.032769 -0.706728  0.916731 0.700247 1 0 1.000000
0  -0.606892 8.838144 -4.448097  -0.706726 -0.032769 -0.706728  0.916731 0.704914 1 0 1.000000
Material_0
0  -0.606892 8.252033 -4.448097  -0.706726 -0.032769 -0.706728  0.916731 0.700247 1 0 1.000000
0  -0.908774 8.252031 -3.719612  -0.999998 0.002140 0.000001  0.922396 0.700247 1 0 1.000000
0  -0.606892 8.838144 -4.448097  -0.706726 -0.032769 -0.706728  0.916731 0.704914 1 0 1.000000
Material_0
0  -0.606892 8.838144 -4.448097  -0.706726 -0.032769 -0.706728  0.916731 0.704914 1 0 1.000000
0  -0.908774 8.252031 -3.719612  -0.999998 0.002140 0.000001  0.922396 0.700247 1 0 1.000000
0  -0.908774 8.838142 -3.719612  -0.999998 0.002196 0.000000  0.922396 0.704914 1 0 1.000000
Material_0
0  -0.908774 8.252031 -3.719612  -0.999998 0.002140 0.000001  0.922396 0.700247 1 0 1.000000
0  -0.606892 8.252033 -2.991127  -0.706723 -0.032756 0.706732  0.928062 0.700247 1 0 1.000000
0  -0.908774 8.838142 -3.719612  -0.999998 0.002196 0.000000  0.922396 0.704914 1 0 1.000000
Material_0
0  -0.908774 8.838142 -3.719612  -0.999998 0.002196 0.000000  0.922396 0.704914 1 0 1.000000
0  -0.606892 8.252033 -2.991127  -0.706723 -0.032756 0.706732  0.928062 0.700247 1 0 1.000000
0  -0.606892 8.838144 -2.991127  -0.706728 -0.032757 0.706726  0.928062 0.704914 1 0 1.000000
Material_0
0  -0.606892 8.252033 -2.991127  -0.706723 -0.032756 0.706732  0.928062 0.700247 1 0 1.000000
0  0.121948 8.252033 -2.688210  -0.000000 0.002197 0.999998  0.922396 0.700247 1 0 1.000000
0  -0.606892 8.838144 -2.991127  -0.706728 -0.032757 0.706726  0.928062 0.704914 1 0 1.000000
Material_0
0  0.121948 8.838144 -2.688210  0.000015 0.002092 0.999998  0.856058 0.911352 1 0 1.000000
0  0.850788 8.838144 -2.991127  0.706689 -0.032841 0.706762  0.855749 0.911352 1 0 1.000000
0  0.703476 9.060816 -3.137939  -0.000080 1.000000 -0.000067  0.855749 0.911564 1 0 1.000000
Material_0
0  0.850788 8.838144 -2.991127  0.706689 -0.032841 0.706762  0.855749 0.911352 1 0 1.000000
0  0.944363 9.060814 -3.719612  -0.000104 1.000000 0.000034  0.856058 0.911564 1 0 1.000000
0  0.703476 9.060816 -3.137939  -0.000080 1.000000 -0.000067  0.855749 0.911564 1 0 1.000000
Material_0
0  0.703476 9.060816 -3.137939  -0.000080 1.000000 -0.000067  0.855749 0.911564 1 0 1.000000
0  0.121948 9.060816 -2.896349  0.000006 1.000000 -0.000120  0.856058 0.911564 1 0 1.000000
0  0.121948 8.838144 -2.688210  0.000015 0.002092 0.999998  0.856058 0.911352 1 0 1.000000
Material_0
0  0.121948 8.838144 -2.688210  0.000015 0.002092 0.999998  0.856058 0.911352 1 0 1.000000
0  0.121948 9.060816 -2.896349  0.000006 1.000000 -0.000120  0.856058 0.911564 1 0 1.000000
0  -0.606892 8.838144 -2.991127  -0.706742 -0.032882 0.706707  0.856367 0.911352 1 0 1.000000
Material_0
0  0.121948 9.060816 -2.896349  0.000006 1.000000 -0.000120  0.856058 0.911564 1 0 1.000000
0  -0.459426 9.060816 -3.137939  0.000062 1.000000 -0.000073  0.856367 0.911564 1 0 1.000000
0  -0.606892 8.838144 -2.991127  -0.706742 -0.032882 0.706707  0.856367 0.911352 1 0 1.000000
Material_0
0  -0.606892 8.838144 -2.991127  -0.706742 -0.032882 0.706707  0.856367 0.911352 1 0 1.000000
0  -0.459426 9.060816 -3.137939  0.000062 1.000000 -0.000073  0.856367 0.911564 1 0 1.000000
0  -0.908774 8.838142 -3.719612  -0.999998 0.002096 0.000004  0.856058 0.911352 1 0 1.000000
Material_0
0  -0.459426 9.060816 -3.137939  0.000062 1.000000 -0.000073  0.856367 0.911564 1 0 1.000000
0  -0.700314 9.060814 -3.719612  0.000110 1.000000 -0.000036  0.856058 0.911564 1 0 1.000000
0  -0.908774 8.838142 -3.719612  -0.999998 0.002096 0.000004  0.856058 0.911352 1 0 1.000000
Material_0
0  -0.908774 8.838142 -3.719612  -0.999998 0.002096 0.000004  0.856058 0.911352 1 0 1.000000
0  -0.700314 9.060814 -3.719612  0.000110 1.000000 -0.000036  0.856058 0.911564 1 0 1.000000
0  -0.606892 8.838144 -4.448097  -0.706723 -0.032835 -0.706728  0.855749 0.911352 1 0 1.000000
Material_0
0  -0.700314 9.060814 -3.719612  0.000110 1.000000 -0.000036  0.856058 0.911564 1 0 1.000000
0  -0.459426 9.060814 -4.301285  0.000057 1.000000 0.000067  0.855749 0.911564 1 0 1.000000
0  -0.606892 8.838144 -4.448097  -0.706723 -0.032835 -0.706728  0.855749 0.911352 1 0 1.000000
Material_0
0  -0.606892 8.838144 -4.448097  -0.706723 -0.032835 -0.706728  0.855749 0.911352 1 0 1.000000
0  -0.459426 9.060814 -4.301285  0.000057 1.000000 0.000067  0.855749 0.911564 1 0 1.000000
0  0.121948 8.838144 -4.749154  0.000050 0.002101 -0.999998  0.856058 0.911352 1 0 1.000000
Material_0
0  -0.459426 9.060814 -4.301285  0.000057 1.000000 0.000067  0.855749 0.911564 1 0 1.000000
0  0.121948 9.060814 -4.541016  0.000041 1.000000 0.000074  0.856058 0.911564 1 0 1.000000
0  0.121948 8.838144 -4.749154  0.000050 0.002101 -0.999998  0.856058 0.911352 1 0 1.000000
Material_0
0  0.121948 8.838144 -4.749154  0.000050 0.002101 -0.999998  0.856058 0.911352 1 0 1.000000
0  0.121948 9.060814 -4.541016  0.000041 1.000000 0.000074  0.856058 0.911564 1 0 1.000000
0  0.850788 8.838144 -4.448097  0.706725 -0.032842 -0.706725  0.856367 0.911352 1 0 1.000000
Material_0
0  0.121948 9.060814 -4.541016  0.000041 1.000000 0.000074  0.856058 0.911564 1 0 1.000000
0  0.703475 9.060814 -4.301285  -0.000072 1.000000 0.000095  0.856367 0.911564 1 0 1.000000
0  0.850788 8.838144 -4.448097  0.706725 -0.032842 -0.706725  0.856367 0.911352 1 0 1.000000
Material_0
0  0.850788 8.838144 -4.448097  0.706725 -0.032842 -0.706725  0.856367 0.911352 1 0 1.000000
0  0.703475 9.060814 -4.301285  -0.000072 1.000000 0.000095  0.856367 0.911564 1 0 1.000000
0  1.152670 8.838144 -3.719612  0.999998 0.002076 -0.000004  0.856058 0.911352 1 0 1.000000
Material_0
0  0.703475 9.060814 -4.301285  -0.000072 1.000000 0.000095  0.856367 0.911564 1 0 1.000000
0  0.944363 9.060814 -3.719612  -0.000104 1.000000 0.000034  0.856058 0.911564 1 0 1.000000
0  1.152670 8.838144 -3.719612  0.999998 0.002076 -0.000004  0.856058 0.911352 1 0 1.000000
Material_0
0  1.152670 8.838144 -3.719612  0.999998 0.002076 -0.000004  0.856058 0.911352 1 0 1.000000
0  0.944363 9.060814 -3.719612  -0.000104 1.000000 0.000034  0.856058 0.911564 1 0 1.000000
0  0.850788 8.838144 -2.991127  0.706689 -0.032841 0.706762  0.855749 0.911352 1 0 1.000000
Material_0
0  -0.645496 5.785762 -3.732620  0.000000 -1.000000 -0.000011  0.925693 0.784264 1 0 1.000000
0  -0.645496 6.104156 -2.963251  0.003751 -0.706337 0.707866  0.941350 0.784264 1 0 1.000000
0  -0.925296 6.104156 -2.963251  0.003754 -0.706336 0.707867  0.941350 0.784264 1 0 1.000000
Material_0
0  -0.925296 6.104156 -2.963251  0.003754 -0.706336 0.707867  0.941350 0.784264 1 0 1.000000
0  -0.645496 6.104156 -2.963251  0.003751 -0.706337 0.707866  0.941350 0.784264 1 0 1.000000
0  -0.925296 6.874033 -2.645467  -0.000001 0.002114 0.999998  0.925693 0.784264 1 0 1.000000
Material_0
0  -0.925296 6.104156 -2.963251  0.003754 -0.706336 0.707867  0.941350 0.784264 1 0 1.000000
0  -0.925296 5.785762 -3.732620  0.000000 -1.000000 0.000011  0.925693 0.784264 1 0 1.000000
0  -0.645496 5.785762 -3.732620  0.000000 -1.000000 -0.000011  0.925693 0.784264 1 0 1.000000
Material_0
0  -0.645496 5.785762 -3.732620  0.000000 -1.000000 -0.000011  0.925693 0.784264 1 0 1.000000
0  -0.925296 5.785762 -3.732620  0.000000 -1.000000 0.000011  0.925693 0.784264 1 0 1.000000
0  -0.645496 6.104155 -4.501989  -0.000001 -0.706422 -0.707791  0.941350 0.784264 1 0 1.000000
Material_0
0  -0.925296 5.785762 -3.732620  0.000000 -1.000000 0.000011  0.925693 0.784264 1 0 1.000000
0  -0.925296 6.104155 -4.501989  0.000000 -0.706437 -0.707775  0.941350 0.784264 1 0 1.000000
0  -0.645496 6.104155 -4.501989  -0.000001 -0.706422 -0.707791  0.941350 0.784264 1 0 1.000000
Material_0
0  -0.645496 6.104155 -4.501989  -0.000001 -0.706422 -0.707791  0.941350 0.784264 1 0 1.000000
0  -0.925296 6.104155 -4.501989  0.000000 -0.706437 -0.707775  0.941350 0.784264 1 0 1.000000
0  -0.645496 6.874033 -4.821631  0.000001 0.002116 -0.999998  0.925693 0.784264 1 0 1.000000
Material_0
0  -0.925296 6.104155 -4.501989  0.000000 -0.706437 -0.707775  0.941350 0.784264 1 0 1.000000
0  -0.925296 6.874033 -4.821631  0.000000 0.002093 -0.999998  0.925693 0.784264 1 0 1.000000
0  -0.645496 6.874033 -4.821631  0.000001 0.002116 -0.999998  0.925693 0.784264 1 0 1.000000
Material_0
0  -0.645496 6.874033 -4.821631  0.000001 0.002116 -0.999998  0.925693 0.784264 1 0 1.000000
0  -0.925296 6.874033 -4.821631  0.000000 0.002093 -0.999998  0.925693 0.784264 1 0 1.000000
0  -0.645496 7.643400 -4.501989  -0.000003 0.706361 -0.707852  0.941350 0.784264 1 0 1.000000
Material_0
0  -0.925296 6.874033 -4.821631  0.000000 0.002093 -0.999998  0.925693 0.784264 1 0 1.000000
0  -0.925296 7.643399 -4.501989  -0.000003 0.706345 -0.707868  0.941350 0.784264 1 0 1.000000
0  -0.645496 7.643400 -4.501989  -0.000003 0.706361 -0.707852  0.941350 0.784264 1 0 1.000000
Material_0
0  -0.645496 7.643400 -4.501989  -0.000003 0.706361 -0.707852  0.941350 0.784264 1 0 1.000000
0  -0.925296 7.643399 -4.501989  -0.000003 0.706345 -0.707868  0.941350 0.784264 1 0 1.000000
0  -0.645496 7.961792 -3.732620  -0.000000 1.000000 0.000010  0.925693 0.784264 1 0 1.000000
Material_0
0  -0.925296 7.643399 -4.501989  -0.000003 0.706345 -0.707868  0.941350 0.784264 1 0 1.000000
0  -0.925296 7.961792 -3.732620  0.000000 1.000000 -0.000012  0.925693 0.784264 1 0 1.000000
0  -0.645496 7.961792 -3.732620  -0.000000 1.000000 0.000010  0.925693 0.784264 1 0 1.000000
Material_0
0  -0.645496 7.961792 -3.732620  -0.000000 1.000000 0.000010  0.925693 0.784264 1 0 1.000000
0  -0.925296 7.961792 -3.732620  0.000000 1.000000 -0.000012  0.925693 0.784264 1 0 1.000000
0  -0.645496 7.643400 -2.963251  0.000000 0.706499 0.707714  0.941350 0.784264 1 0 1.000000
Material_0
0  -0.925296 7.961792 -3.732620  0.000000 1.000000 -0.000012  0.925693 0.784264 1 0 1.000000
0  -0.925296 7.643400 -2.963251  -0.000000 0.706394 0.707819  0.941350 0.784264 1 0 1.000000
0  -0.645496 7.643400 -2.963251  0.000000 0.706499 0.707714  0.941350 0.784264 1 0 1.000000
Material_0
0  -0.645496 7.643400 -2.963251  0.000000 0.706499 0.707714  0.941350 0.784264 1 0 1.000000
0  -0.925296 7.643400 -2.963251  -0.000000 0.706394 0.707819  0.941350 0.784264 1 0 1.000000
0  -0.645496 6.874033 -2.645467  -0.000001 0.002206 0.999998  0.925693 0.784264 1 0 1.000000
Material_0
0  -0.925296 7.643400 -2.963251  -0.000000 0.706394 0.707819  0.941350 0.784264 1 0 1.000000
0  -0.925296 6.874033 -2.645467  -0.000001 0.002114 0.999998  0.925693 0.784264 1 0 1.000000
0  -0.645496 6.874033 -2.645467  -0.000001 0.002206 0.999998  0.925693 0.784264 1 0 1.000000
Material_0
0  -0.645496 6.874033 -2.645467  -0.000001 0.002206 0.999998  0.925693 0.784264 1 0 1.000000
0  -0.925296 6.874033 -2.645467  -0.000001 0.002114 0.999998  0.925693 0.784264 1 0 1.000000
0  -0.645496 6.104156 -2.963251  0.003751 -0.706337 0.707866  0.941350 0.784264 1 0 1.000000
Material_0
0  -1.071064 6.066275 -5.425604  -0.987993 0.111110 0.107354  0.500673 0.345930 1 0 1.000000
0  -1.071064 5.749417 -5.293659  -0.995872 -0.037155 0.082817  0.501085 0.345930 1 0 1.000000
0  -0.931936 5.749417 -5.180298  -0.045177 -0.041551 0.998115  0.501085 0.345717 1 0 1.000000
Material_0
0  -0.931936 5.749417 -5.180298  -0.045177 -0.041551 0.998115  0.501085 0.345717 1 0 1.000000
0  -1.071064 5.749417 -5.293659  -0.995872 -0.037155 0.082817  0.501085 0.345930 1 0 1.000000
0  -0.931936 5.352193 -5.345694  -0.048984 -0.706365 0.706151  0.501497 0.345717 1 0 1.000000
Material_0
0  -0.931936 5.749417 -5.180298  -0.045177 -0.041551 0.998115  0.501085 0.345717 1 0 1.000000
0  -0.931936 6.146642 -5.345694  -0.045136 0.706335 0.706438  0.500673 0.345717 1 0 1.000000
0  -1.071064 6.066275 -5.425604  -0.987993 0.111110 0.107354  0.500673 0.345930 1 0 1.000000
Material_0
0  -1.071064 6.066275 -5.425604  -0.987993 0.111110 0.107354  0.500673 0.345930 1 0 1.000000
0  -0.931936 6.146642 -5.345694  -0.045136 0.706335 0.706438  0.500673 0.345717 1 0 1.000000
0  -1.071064 6.197319 -5.741529  -0.988006 0.154370 -0.003788  0.501085 0.345930 1 0 1.000000
Material_0
0  -0.931936 6.146642 -5.345694  -0.045136 0.706335 0.706438  0.500673 0.345717 1 0 1.000000
0  -0.931937 6.310957 -5.741529  -0.047933 0.998849 -0.001808  0.501085 0.345717 1 0 1.000000
0  -1.071064 6.197319 -5.741529  -0.988006 0.154370 -0.003788  0.501085 0.345930 1 0 1.000000
Material_0
0  -1.071064 6.197319 -5.741529  -0.988006 0.154370 -0.003788  0.501085 0.345930 1 0 1.000000
0  -0.931937 6.310957 -5.741529  -0.047933 0.998849 -0.001808  0.501085 0.345717 1 0 1.000000
0  -1.071065 6.066275 -6.059312  -0.988396 0.111144 -0.103536  0.501497 0.345930 1 0 1.000000
Material_0
0  -0.931937 6.310957 -5.741529  -0.047933 0.998849 -0.001808  0.501085 0.345717 1 0 1.000000
0  -0.931937 6.146641 -6.139222  -0.045112 0.706360 -0.706414  0.501497 0.345717 1 0 1.000000
0  -1.071065 6.066275 -6.059312  -0.988396 0.111144 -0.103536  0.501497 0.345930 1 0 1.000000
Material_0
0  -1.071065 6.066275 -6.059312  -0.988396 0.111144 -0.103536  0.501497 0.345930 1 0 1.000000
0  -0.931937 6.146641 -6.139222  -0.045112 0.706360 -0.706414  0.501497 0.345717 1 0 1.000000
0  -1.071065 5.749417 -6.189398  -0.995873 -0.037122 -0.082818  0.501085 0.345930 1 0 1.000000
Material_0
0  -0.931937 6.146641 -6.139222  -0.045112 0.706360 -0.706414  0.501497 0.345717 1 0 1.000000
0  -0.931937 5.749417 -6.302759  -0.045170 -0.041517 -0.998116  0.501085 0.345717 1 0 1.000000
0  -1.071065 5.749417 -6.189398  -0.995873 -0.037122 -0.082818  0.501085 0.345930 1 0 1.000000
Material_0
0  -1.071065 5.749417 -6.189398  -0.995873 -0.037122 -0.082818  0.501085 0.345930 1 0 1.000000
0  -0.931937 5.749417 -6.302759  -0.045170 -0.041517 -0.998116  0.501085 0.345717 1 0 1.000000
0  -1.071064 5.432559 -6.059312  -0.988398 -0.111112 -0.103556  0.500673 0.345930 1 0 1.000000
Material_0
0  -0.931937 5.749417 -6.302759  -0.045170 -0.041517 -0.998116  0.501085 0.345717 1 0 1.000000
0  -0.931936 5.352193 -6.139222  -0.045191 -0.706322 -0.706447  0.500673 0.345717 1 0 1.000000
0  -1.071064 5.432559 -6.059312  -0.988398 -0.111112 -0.103556  0.500673 0.345930 1 0 1.000000
Material_0
0  -1.071064 5.432559 -6.059312  -0.988398 -0.111112 -0.103556  0.500673 0.345930 1 0 1.000000
0  -0.931936 5.352193 -6.139222  -0.045191 -0.706322 -0.706447  0.500673 0.345717 1 0 1.000000
0  -1.071064 5.301516 -5.741529  -0.988005 -0.154374 -0.003798  0.501085 0.345930 1 0 1.000000
Material_0
0  -0.931936 5.352193 -6.139222  -0.045191 -0.706322 -0.706447  0.500673 0.345717 1 0 1.000000
0  -0.931936 5.187877 -5.741529  -0.047956 -0.998849 -0.000040  0.501085 0.345717 1 0 1.000000
0  -1.071064 5.301516 -5.741529  -0.988005 -0.154374 -0.003798  0.501085 0.345930 1 0 1.000000
Material_0
0  -1.071064 5.301516 -5.741529  -0.988005 -0.154374 -0.003798  0.501085 0.345930 1 0 1.000000
0  -0.931936 5.187877 -5.741529  -0.047956 -0.998849 -0.000040  0.501085 0.345717 1 0 1.000000
0  -1.071064 5.432559 -5.425604  -0.987997 -0.111113 0.107315  0.501497 0.345930 1 0 1.000000
Material_0
0  -0.931936 5.187877 -5.741529  -0.047956 -0.998849 -0.000040  0.501085 0.345717 1 0 1.000000
0  -0.931936 5.352193 -5.345694  -0.048984 -0.706365 0.706151  0.501497 0.345717 1 0 1.000000
0  -1.071064 5.432559 -5.425604  -0.987997 -0.111113 0.107315  0.501497 0.345930 1 0 1.000000
Material_0
0  -1.071064 5.432559 -5.425604  -0.987997 -0.111113 0.107315  0.501497 0.345930 1 0 1.000000
0  -0.931936 5.352193 -5.345694  -0.048984 -0.706365 0.706151  0.501497 0.345717 1 0 1.000000
0  -1.071064 5.749417 -5.293659  -0.995872 -0.037155 0.082817  0.501085 0.345930 1 0 1.000000
Material_0
0  1.175987 5.749418 -5.180298  0.045171 -0.041485 0.998118  0.501085 0.345717 1 0 1.000000
0  1.315115 6.066276 -5.425604  0.987992 0.111147 0.107319  0.500673 0.345930 1 0 1.000000
0  1.175986 6.146642 -5.345694  0.045134 0.706333 0.706439  0.500673 0.345717 1 0 1.000000
Material_0
0  1.175986 6.146642 -5.345694  0.045134 0.706333 0.706439  0.500673 0.345717 1 0 1.000000
0  1.315115 6.066276 -5.425604  0.987992 0.111147 0.107319  0.500673 0.345930 1 0 1.000000
0  1.315115 6.197319 -5.741529  0.988006 0.154371 -0.003786  0.501085 0.345930 1 0 1.000000
Material_0
0  1.315115 6.066276 -5.425604  0.987992 0.111147 0.107319  0.500673 0.345930 1 0 1.000000
0  1.175987 5.749418 -5.180298  0.045171 -0.041485 0.998118  0.501085 0.345717 1 0 1.000000
0  1.315115 5.749418 -5.293659  0.995872 -0.037157 0.082817  0.501085 0.345930 1 0 1.000000
Material_0
0  1.175987 5.749418 -5.180298  0.045171 -0.041485 0.998118  0.501085 0.345717 1 0 1.000000
0  1.175987 5.352193 -5.345694  0.048985 -0.706319 0.706196  0.501497 0.345717 1 0 1.000000
0  1.315115 5.749418 -5.293659  0.995872 -0.037157 0.082817  0.501085 0.345930 1 0 1.000000
Material_0
0  1.315115 5.749418 -5.293659  0.995872 -0.037157 0.082817  0.501085 0.345930 1 0 1.000000
0  1.175987 5.352193 -5.345694  0.048985 -0.706319 0.706196  0.501497 0.345717 1 0 1.000000
0  1.315115 5.432559 -5.425604  0.987997 -0.111113 0.107312  0.501497 0.345930 1 0 1.000000
Material_0
0  1.175987 5.352193 -5.345694  0.048985 -0.706319 0.706196  0.501497 0.345717 1 0 1.000000
0  1.175987 5.187878 -5.741529  0.047953 -0.998850 0.000026  0.501085 0.345717 1 0 1.000000
0  1.315115 5.432559 -5.425604  0.987997 -0.111113 0.107312  0.501497 0.345930 1 0 1.000000
Material_0
0  1.315115 5.432559 -5.425604  0.987997 -0.111113 0.107312  0.501497 0.345930 1 0 1.000000
0  1.175987 5.187878 -5.741529  0.047953 -0.998850 0.000026  0.501085 0.345717 1 0 1.000000
0  1.315115 5.301517 -5.741529  0.988005 -0.154377 -0.003746  0.501085 0.345930 1 0 1.000000
Material_0
0  1.175987 5.187878 -5.741529  0.047953 -0.998850 0.000026  0.501085 0.345717 1 0 1.000000
0  1.175986 5.352193 -6.139222  0.045190 -0.706368 -0.706401  0.500673 0.345717 1 0 1.000000
0  1.315115 5.301517 -5.741529  0.988005 -0.154377 -0.003746  0.501085 0.345930 1 0 1.000000
Material_0
0  1.315115 5.301517 -5.741529  0.988005 -0.154377 -0.003746  0.501085 0.345930 1 0 1.000000
0  1.175986 5.352193 -6.139222  0.045190 -0.706368 -0.706401  0.500673 0.345717 1 0 1.000000
0  1.315115 5.432559 -6.059312  0.988398 -0.111111 -0.103558  0.500673 0.345930 1 0 1.000000
Material_0
0  1.175986 5.352193 -6.139222  0.045190 -0.706368 -0.706401  0.500673 0.345717 1 0 1.000000
0  1.175986 5.749417 -6.302759  0.045169 -0.041516 -0.998116  0.501085 0.345717 1 0 1.000000
0  1.315115 5.432559 -6.059312  0.988398 -0.111111 -0.103558  0.500673 0.345930 1 0 1.000000
Material_0
0  1.315115 5.432559 -6.059312  0.988398 -0.111111 -0.103558  0.500673 0.345930 1 0 1.000000
0  1.175986 5.749417 -6.302759  0.045169 -0.041516 -0.998116  0.501085 0.345717 1 0 1.000000
0  1.315114 5.749417 -6.189398  0.995871 -0.037177 -0.082820  0.501085 0.345930 1 0 1.000000
Material_0
0  1.175986 5.749417 -6.302759  0.045169 -0.041516 -0.998116  0.501085 0.345717 1 0 1.000000
0  1.175986 6.146642 -6.139222  0.045112 0.706313 -0.706461  0.501497 0.345717 1 0 1.000000
0  1.315114 5.749417 -6.189398  0.995871 -0.037177 -0.082820  0.501085 0.345930 1 0 1.000000
Material_0
0  1.315114 5.749417 -6.189398  0.995871 -0.037177 -0.082820  0.501085 0.345930 1 0 1.000000
0  1.175986 6.146642 -6.139222  0.045112 0.706313 -0.706461  0.501497 0.345717 1 0 1.000000
0  1.315114 6.066276 -6.059312  0.988397 0.111106 -0.103572  0.501497 0.345930 1 0 1.000000
Material_0
0  1.175986 6.146642 -6.139222  0.045112 0.706313 -0.706461  0.501497 0.345717 1 0 1.000000
0  1.175986 6.310958 -5.741529  0.047933 0.998849 -0.001873  0.501085 0.345717 1 0 1.000000
0  1.315114 6.066276 -6.059312  0.988397 0.111106 -0.103572  0.501497 0.345930 1 0 1.000000
Material_0
0  1.315114 6.066276 -6.059312  0.988397 0.111106 -0.103572  0.501497 0.345930 1 0 1.000000
0  1.175986 6.310958 -5.741529  0.047933 0.998849 -0.001873  0.501085 0.345717 1 0 1.000000
0  1.315115 6.197319 -5.741529  0.988006 0.154371 -0.003786  0.501085 0.345930 1 0 1.000000
Material_0
0  1.175986 6.310958 -5.741529  0.047933 0.998849 -0.001873  0.501085 0.345717 1 0 1.000000
0  1.175986 6.146642 -5.345694  0.045134 0.706333 0.706439  0.500673 0.345717 1 0 1.000000
0  1.315115 6.197319 -5.741529  0.988006 0.154371 -0.003786  0.501085 0.345930 1 0 1.000000
Material_0
0  -0.787250 7.197034 -7.129739  -0.972015 0.037107 0.231970  0.879029 0.162830 1 0 1.000000
0  -0.520883 7.840476 -7.129740  -0.668415 0.706339 0.233037  0.879750 0.164209 1 0 1.000000
0  -0.780919 8.100002 -8.694495  -0.675500 0.700119 0.231372  0.876557 0.163148 1 0 1.000000
Material_0
0  -0.520883 7.840476 -7.129740  -0.668415 0.706339 0.233037  0.879750 0.164209 1 0 1.000000
0  0.122101 8.474192 -8.694495  0.015025 0.973305 0.229022  0.878823 0.163361 1 0 1.000000
0  -0.780919 8.100002 -8.694495  -0.675500 0.700119 0.231372  0.876557 0.163148 1 0 1.000000
Material_0
0  -0.780919 8.100002 -8.694495  -0.675500 0.700119 0.231372  0.876557 0.163148 1 0 1.000000
0  -1.154913 7.197033 -8.694494  -0.972053 0.037098 0.231814  0.875630 0.161133 1 0 1.000000
0  -0.787250 7.197034 -7.129739  -0.972015 0.037107 0.231970  0.879029 0.162830 1 0 1.000000
Material_0
0  -0.787250 7.197034 -7.129739  -0.972015 0.037107 0.231970  0.879029 0.162830 1 0 1.000000
0  -1.154913 7.197033 -8.694494  -0.972053 0.037098 0.231814  0.875630 0.161133 1 0 1.000000
0  -0.520883 6.554104 -7.129739  -0.706814 -0.668260 0.232039  0.879750 0.160921 1 0 1.000000
Material_0
0  -1.154913 7.197033 -8.694494  -0.972053 0.037098 0.231814  0.875630 0.161133 1 0 1.000000
0  -0.780919 6.294065 -8.694494  -0.697446 -0.677985 0.232176  0.876557 0.158587 1 0 1.000000
0  -0.520883 6.554104 -7.129739  -0.706814 -0.668260 0.232039  0.879750 0.160921 1 0 1.000000
Material_0
0  -0.520883 6.554104 -7.129739  -0.706814 -0.668260 0.232039  0.879750 0.160921 1 0 1.000000
0  -0.780919 6.294065 -8.694494  -0.697446 -0.677985 0.232176  0.876557 0.158587 1 0 1.000000
0  0.122102 6.287923 -7.129739  -0.026348 -0.973305 0.227997  0.881295 0.159754 1 0 1.000000
Material_0
0  -0.780919 6.294065 -8.694494  -0.697446 -0.677985 0.232176  0.876557 0.158587 1 0 1.000000
0  0.122102 5.920387 -8.694495  -0.018866 -0.973306 0.228737  0.878823 0.156890 1 0 1.000000
0  0.122102 6.287923 -7.129739  -0.026348 -0.973305 0.227997  0.881295 0.159754 1 0 1.000000
Material_0
0  0.122102 6.287923 -7.129739  -0.026348 -0.973305 0.227997  0.881295 0.159754 1 0 1.000000
0  0.122102 5.920387 -8.694495  -0.018866 -0.973306 0.228737  0.878823 0.156890 1 0 1.000000
0  0.765087 6.554104 -7.129739  0.670128 -0.706340 0.228062  0.882943 0.159860 1 0 1.000000
Material_0
0  0.122102 5.920387 -8.694495  -0.018866 -0.973306 0.228737  0.878823 0.156890 1 0 1.000000
0  1.025122 6.294065 -8.694495  0.677176 -0.700131 0.226382  0.880986 0.157102 1 0 1.000000
0  0.765087 6.554104 -7.129739  0.670128 -0.706340 0.228062  0.882943 0.159860 1 0 1.000000
Material_0
0  0.765087 6.554104 -7.129739  0.670128 -0.706340 0.228062  0.882943 0.159860 1 0 1.000000
0  1.025122 6.294065 -8.694495  0.677176 -0.700131 0.226382  0.880986 0.157102 1 0 1.000000
0  1.031453 7.197034 -7.129739  0.972005 -0.037124 0.232010  0.883561 0.161345 1 0 1.000000
Material_0
0  1.025122 6.294065 -8.694495  0.677176 -0.700131 0.226382  0.880986 0.157102 1 0 1.000000
0  1.399116 7.197034 -8.694495  0.972051 -0.037127 0.231814  0.881913 0.159117 1 0 1.000000
0  1.031453 7.197034 -7.129739  0.972005 -0.037124 0.232010  0.883561 0.161345 1 0 1.000000
Material_0
0  1.031453 7.197034 -7.129739  0.972005 -0.037124 0.232010  0.883561 0.161345 1 0 1.000000
0  1.399116 7.197034 -8.694495  0.972051 -0.037127 0.231814  0.881913 0.159117 1 0 1.000000
0  0.765087 7.840476 -7.129740  0.707515 0.668263 0.229885  0.882943 0.163148 1 0 1.000000
Material_0
0  1.399116 7.197034 -8.694495  0.972051 -0.037127 0.231814  0.881913 0.159117 1 0 1.000000
0  1.025122 8.100002 -8.694495  0.698877 0.677971 0.227875  0.880986 0.161769 1 0 1.000000
0  0.765087 7.840476 -7.129740  0.707515 0.668263 0.229885  0.882943 0.163148 1 0 1.000000
Material_0
0  0.765087 7.840476 -7.129740  0.707515 0.668263 0.229885  0.882943 0.163148 1 0 1.000000
0  1.025122 8.100002 -8.694495  0.698877 0.677971 0.227875  0.880986 0.161769 1 0 1.000000
0  0.122102 8.106657 -7.129740  0.022464 0.973306 0.228410  0.881295 0.164421 1 0 1.000000
Material_0
0  1.025122 8.100002 -8.694495  0.698877 0.677971 0.227875  0.880986 0.161769 1 0 1.000000
0  0.122101 8.474192 -8.694495  0.015025 0.973305 0.229022  0.878823 0.163361 1 0 1.000000
0  0.122102 8.106657 -7.129740  0.022464 0.973306 0.228410  0.881295 0.164421 1 0 1.000000
Material_0
0  0.122102 8.106657 -7.129740  0.022464 0.973306 0.228410  0.881295 0.164421 1 0 1.000000
0  0.122101 8.474192 -8.694495  0.015025 0.973305 0.229022  0.878823 0.163361 1 0 1.000000
0  -0.520883 7.840476 -7.129740  -0.668415 0.706339 0.233037  0.879750 0.164209 1 0 1.000000
Material_0
0  -0.780919 8.100002 -9.540058  -0.704176 0.700115 -0.118217  0.875115 0.162088 1 0 1.000000
0  -0.700932 8.020147 -9.584660  -0.267973 0.261273 -0.927322  0.875321 0.161769 1 0 1.000000
0  -1.154913 7.197033 -9.540057  -0.992169 -0.032780 -0.120524  0.874188 0.160072 1 0 1.000000
Material_0
0  -1.154913 7.197033 -9.540057  -0.992169 -0.032780 -0.120524  0.874188 0.160072 1 0 1.000000
0  -0.700932 8.020147 -9.584660  -0.267973 0.261273 -0.927322  0.875321 0.161769 1 0 1.000000
0  -1.041726 7.197033 -9.584659  -0.375694 0.002184 -0.926741  0.874394 0.159966 1 0 1.000000
Material_0
0  -0.700932 8.020147 -9.584660  -0.267973 0.261273 -0.927322  0.875321 0.161769 1 0 1.000000
0  -0.780919 8.100002 -9.540058  -0.704176 0.700115 -0.118217  0.875115 0.162088 1 0 1.000000
0  0.122101 8.361065 -9.584660  0.000002 0.373074 -0.927801  0.877278 0.161982 1 0 1.000000
Material_0
0  -0.780919 8.100002 -9.540058  -0.704176 0.700115 -0.118217  0.875115 0.162088 1 0 1.000000
0  0.122101 8.474192 -9.540058  0.000181 0.992523 -0.122059  0.877381 0.162406 1 0 1.000000
0  0.122101 8.361065 -9.584660  0.000002 0.373074 -0.927801  0.877278 0.161982 1 0 1.000000
Material_0
0  0.122101 8.361065 -9.584660  0.000002 0.373074 -0.927801  0.877278 0.161982 1 0 1.000000
0  0.122101 8.474192 -9.540058  0.000181 0.992523 -0.122059  0.877381 0.162406 1 0 1.000000
0  0.945135 8.020147 -9.584660  0.268002 0.261282 -0.927312  0.879338 0.160496 1 0 1.000000
Material_0
0  0.122101 8.474192 -9.540058  0.000181 0.992523 -0.122059  0.877381 0.162406 1 0 1.000000
0  1.025122 8.100002 -9.540058  0.704177 0.700114 -0.118215  0.879647 0.160709 1 0 1.000000
0  0.945135 8.020147 -9.584660  0.268002 0.261282 -0.927312  0.879338 0.160496 1 0 1.000000
Material_0
0  0.945135 8.020147 -9.584660  0.268002 0.261282 -0.927312  0.879338 0.160496 1 0 1.000000
0  1.025122 8.100002 -9.540058  0.704177 0.700114 -0.118215  0.879647 0.160709 1 0 1.000000
0  1.285929 7.197034 -9.584659  0.375664 0.002178 -0.926753  0.880162 0.158056 1 0 1.000000
Material_0
0  1.025122 8.100002 -9.540058  0.704177 0.700114 -0.118215  0.879647 0.160709 1 0 1.000000
0  1.399116 7.197034 -9.540058  0.992169 -0.032766 -0.120532  0.880574 0.158056 1 0 1.000000
0  1.285929 7.197034 -9.584659  0.375664 0.002178 -0.926753  0.880162 0.158056 1 0 1.000000
Material_0
0  1.285929 7.197034 -9.584659  0.375664 0.002178 -0.926753  0.880162 0.158056 1 0 1.000000
0  1.399116 7.197034 -9.540058  0.992169 -0.032766 -0.120532  0.880574 0.158056 1 0 1.000000
0  0.945135 6.374431 -9.584659  0.268303 -0.261272 -0.927227  0.879338 0.156253 1 0 1.000000
Material_0
0  1.399116 7.197034 -9.540058  0.992169 -0.032766 -0.120532  0.880574 0.158056 1 0 1.000000
0  1.025122 6.294065 -9.540058  0.703178 -0.700116 -0.124008  0.879647 0.156041 1 0 1.000000
0  0.945135 6.374431 -9.584659  0.268303 -0.261272 -0.927227  0.879338 0.156253 1 0 1.000000
Material_0
0  0.945135 6.374431 -9.584659  0.268303 -0.261272 -0.927227  0.879338 0.156253 1 0 1.000000
0  1.025122 6.294065 -9.540058  0.703178 -0.700116 -0.124008  0.879647 0.156041 1 0 1.000000
0  0.122102 6.033514 -9.584659  0.000004 -0.373072 -0.927802  0.877278 0.156041 1 0 1.000000
Material_0
0  1.025122 6.294065 -9.540058  0.703178 -0.700116 -0.124008  0.879647 0.156041 1 0 1.000000
0  0.122102 5.920387 -9.540058  0.000181 -0.992522 -0.122068  0.877381 0.155829 1 0 1.000000
0  0.122102 6.033514 -9.584659  0.000004 -0.373072 -0.927802  0.877278 0.156041 1 0 1.000000
Material_0
0  0.122102 6.033514 -9.584659  0.000004 -0.373072 -0.927802  0.877278 0.156041 1 0 1.000000
0  0.122102 5.920387 -9.540058  0.000181 -0.992522 -0.122068  0.877381 0.155829 1 0 1.000000
0  -0.700932 6.374431 -9.584659  -0.268325 -0.261286 -0.927217  0.875321 0.157632 1 0 1.000000
Material_0
0  0.122102 5.920387 -9.540058  0.000181 -0.992522 -0.122068  0.877381 0.155829 1 0 1.000000
0  -0.780919 6.294065 -9.540057  -0.703155 -0.700137 -0.124021  0.875115 0.157526 1 0 1.000000
0  -0.700932 6.374431 -9.584659  -0.268325 -0.261286 -0.927217  0.875321 0.157632 1 0 1.000000
Material_0
0  -0.700932 6.374431 -9.584659  -0.268325 -0.261286 -0.927217  0.875321 0.157632 1 0 1.000000
0  -0.780919 6.294065 -9.540057  -0.703155 -0.700137 -0.124021  0.875115 0.157526 1 0 1.000000
0  -1.041726 7.197033 -9.584659  -0.375694 0.002184 -0.926741  0.874394 0.159966 1 0 1.000000
Material_0
0  -1.041726 7.197033 -9.584659  -0.375694 0.002184 -0.926741  0.874394 0.159966 1 0 1.000000
0  -0.780919 6.294065 -9.540057  -0.703155 -0.700137 -0.124021  0.875115 0.157526 1 0 1.000000
0  -1.154913 7.197033 -9.540057  -0.992169 -0.032780 -0.120524  0.874188 0.160072 1 0 1.000000
Material_0
0  -1.154913 7.197033 -9.540057  -0.992169 -0.032780 -0.120524  0.874188 0.160072 1 0 1.000000
0  -0.780919 6.294065 -9.540057  -0.703155 -0.700137 -0.124021  0.875115 0.157526 1 0 1.000000
0  -0.780919 6.294065 -8.694494  -0.707828 -0.706382 -0.001784  0.876557 0.158587 1 0 1.000000
Material_0
0  -0.780919 6.294065 -8.694494  -0.707828 -0.706382 -0.001784  0.876557 0.158587 1 0 1.000000
0  -0.780919 6.294065 -9.540057  -0.703155 -0.700137 -0.124021  0.875115 0.157526 1 0 1.000000
0  0.122102 5.920387 -8.694495  -0.000010 -1.000000 -0.000000  0.878823 0.156890 1 0 1.000000
Material_0
0  -0.780919 6.294065 -9.540057  -0.703155 -0.700137 -0.124021  0.875115 0.157526 1 0 1.000000
0  0.122102 5.920387 -9.540058  0.000181 -0.992522 -0.122068  0.877381 0.155829 1 0 1.000000
0  0.122102 5.920387 -8.694495  -0.000010 -1.000000 -0.000000  0.878823 0.156890 1 0 1.000000
Material_0
0  0.122102 5.920387 -8.694495  -0.000010 -1.000000 -0.000000  0.878823 0.156890 1 0 1.000000
0  0.122102 5.920387 -9.540058  0.000181 -0.992522 -0.122068  0.877381 0.155829 1 0 1.000000
0  1.025122 6.294065 -8.694495  0.707868 -0.706343 -0.001869  0.880986 0.157102 1 0 1.000000
Material_0
0  0.122102 5.920387 -9.540058  0.000181 -0.992522 -0.122068  0.877381 0.155829 1 0 1.000000
0  1.025122 6.294065 -9.540058  0.703178 -0.700116 -0.124008  0.879647 0.156041 1 0 1.000000
0  1.025122 6.294065 -8.694495  0.707868 -0.706343 -0.001869  0.880986 0.157102 1 0 1.000000
Material_0
0  1.025122 6.294065 -8.694495  0.707868 -0.706343 -0.001869  0.880986 0.157102 1 0 1.000000
0  1.025122 6.294065 -9.540058  0.703178 -0.700116 -0.124008  0.879647 0.156041 1 0 1.000000
0  1.399116 7.197034 -8.694495  0.999998 0.002124 -0.000000  0.881913 0.159117 1 0 1.000000
Material_0
0  1.025122 6.294065 -9.540058  0.703178 -0.700116 -0.124008  0.879647 0.156041 1 0 1.000000
0  1.399116 7.197034 -9.540058  0.992169 -0.032766 -0.120532  0.880574 0.158056 1 0 1.000000
0  1.399116 7.197034 -8.694495  0.999998 0.002124 -0.000000  0.881913 0.159117 1 0 1.000000
Material_0
0  1.399116 7.197034 -8.694495  0.999998 0.002124 -0.000000  0.881913 0.159117 1 0 1.000000
0  1.399116 7.197034 -9.540058  0.992169 -0.032766 -0.120532  0.880574 0.158056 1 0 1.000000
0  1.025122 8.100002 -8.694495  0.707865 0.706338 -0.003748  0.880986 0.161769 1 0 1.000000
Material_0
0  1.399116 7.197034 -9.540058  0.992169 -0.032766 -0.120532  0.880574 0.158056 1 0 1.000000
0  1.025122 8.100002 -9.540058  0.704177 0.700114 -0.118215  0.879647 0.160709 1 0 1.000000
0  1.025122 8.100002 -8.694495  0.707865 0.706338 -0.003748  0.880986 0.161769 1 0 1.000000
Material_0
0  1.025122 8.100002 -8.694495  0.707865 0.706338 -0.003748  0.880986 0.161769 1 0 1.000000
0  1.025122 8.100002 -9.540058  0.704177 0.700114 -0.118215  0.879647 0.160709 1 0 1.000000
0  0.122101 8.474192 -8.694495  0.000010 1.000000 0.000000  0.878823 0.163361 1 0 1.000000
Material_0
0  1.025122 8.100002 -9.540058  0.704177 0.700114 -0.118215  0.879647 0.160709 1 0 1.000000
0  0.122101 8.474192 -9.540058  0.000181 0.992523 -0.122059  0.877381 0.162406 1 0 1.000000
0  0.122101 8.474192 -8.694495  0.000010 1.000000 0.000000  0.878823 0.163361 1 0 1.000000
Material_0
0  0.122101 8.474192 -8.694495  0.000010 1.000000 0.000000  0.878823 0.163361 1 0 1.000000
0  0.122101 8.474192 -9.540058  0.000181 0.992523 -0.122059  0.877381 0.162406 1 0 1.000000
0  -0.780919 8.100002 -8.694495  -0.707874 0.706328 -0.003797  0.876557 0.163148 1 0 1.000000
Material_0
0  0.122101 8.474192 -9.540058  0.000181 0.992523 -0.122059  0.877381 0.162406 1 0 1.000000
0  -0.780919 8.100002 -9.540058  -0.704176 0.700115 -0.118217  0.875115 0.162088 1 0 1.000000
0  -0.780919 8.100002 -8.694495  -0.707874 0.706328 -0.003797  0.876557 0.163148 1 0 1.000000
Material_0
0  -0.780919 8.100002 -8.694495  -0.707874 0.706328 -0.003797  0.876557 0.163148 1 0 1.000000
0  -0.780919 8.100002 -9.540058  -0.704176 0.700115 -0.118217  0.875115 0.162088 1 0 1.000000
0  -1.154913 7.197033 -8.694494  -0.999998 0.002201 0.000000  0.875630 0.161133 1 0 1.000000
Material_0
0  -0.780919 8.100002 -9.540058  -0.704176 0.700115 -0.118217  0.875115 0.162088 1 0 1.000000
0  -1.154913 7.197033 -9.540057  -0.992169 -0.032780 -0.120524  0.874188 0.160072 1 0 1.000000
0  -1.154913 7.197033 -8.694494  -0.999998 0.002201 0.000000  0.875630 0.161133 1 0 1.000000
Material_0
0  -1.154913 7.197033 -8.694494  -0.999998 0.002201 0.000000  0.875630 0.161133 1 0 1.000000
0  -1.154913 7.197033 -9.540057  -0.992169 -0.032780 -0.120524  0.874188 0.160072 1 0 1.000000
0  -0.780919 6.294065 -8.694494  -0.707828 -0.706382 -0.001784  0.876557 0.158587 1 0 1.000000
Material_0
0  1.031454 7.197035 -1.731145  0.984763 0.019627 -0.172793  0.892317 0.168028 1 0 1.000000
0  0.765088 7.840477 -1.731145  0.679941 0.712467 -0.173410  0.891699 0.169938 1 0 1.000000
0  1.082875 8.157846 0.788818  0.685815 0.706345 -0.175312  0.896541 0.173545 1 0 1.000000
Material_0
0  1.082875 8.157846 0.788818  0.685815 0.706345 -0.175312  0.896541 0.173545 1 0 1.000000
0  0.765088 7.840477 -1.731145  0.679941 0.712467 -0.173410  0.891699 0.169938 1 0 1.000000
0  0.122103 8.556095 0.788818  -0.014940 0.984766 -0.173244  0.894172 0.175348 1 0 1.000000
Material_0
0  1.082875 8.157846 0.788818  0.685815 0.706345 -0.175312  0.896541 0.173545 1 0 1.000000
0  1.480803 7.197036 0.788819  0.984763 0.019676 -0.172786  0.897571 0.170786 1 0 1.000000
0  1.031454 7.197035 -1.731145  0.984763 0.019627 -0.172793  0.892317 0.168028 1 0 1.000000
Material_0
0  1.031454 7.197035 -1.731145  0.984763 0.019627 -0.172793  0.892317 0.168028 1 0 1.000000
0  1.480803 7.197036 0.788819  0.984763 0.019676 -0.172786  0.897571 0.170786 1 0 1.000000
0  0.765088 6.554105 -1.731144  0.713294 -0.677949 -0.177756  0.891699 0.166543 1 0 1.000000
Material_0
0  1.480803 7.197036 0.788819  0.984763 0.019676 -0.172786  0.897571 0.170786 1 0 1.000000
0  1.082875 6.236223 0.788819  0.705452 -0.687548 -0.172091  0.896541 0.168665 1 0 1.000000
0  0.765088 6.554105 -1.731144  0.713294 -0.677949 -0.177756  0.891699 0.166543 1 0 1.000000
Material_0
0  0.765088 6.554105 -1.731144  0.713294 -0.677949 -0.177756  0.891699 0.166543 1 0 1.000000
0  1.082875 6.236223 0.788819  0.705452 -0.687548 -0.172091  0.896541 0.168665 1 0 1.000000
0  0.122103 6.287923 -1.731145  0.022652 -0.983996 -0.176747  0.890051 0.166437 1 0 1.000000
Material_0
0  1.082875 6.236223 0.788819  0.705452 -0.687548 -0.172091  0.896541 0.168665 1 0 1.000000
0  0.122103 5.838487 0.788819  0.015167 -0.984766 -0.173223  0.894172 0.168453 1 0 1.000000
0  0.122103 6.287923 -1.731145  0.022652 -0.983996 -0.176747  0.890051 0.166437 1 0 1.000000
Material_0
0  0.122103 6.287923 -1.731145  0.022652 -0.983996 -0.176747  0.890051 0.166437 1 0 1.000000
0  0.122103 5.838487 0.788819  0.015167 -0.984766 -0.173223  0.894172 0.168453 1 0 1.000000
0  -0.520882 6.554105 -1.731144  -0.678808 -0.712503 -0.177649  0.888506 0.167604 1 0 1.000000
Material_0
0  0.122103 5.838487 0.788819  0.015167 -0.984766 -0.173223  0.894172 0.168453 1 0 1.000000
0  -0.838668 6.236223 0.788819  -0.686211 -0.706341 -0.173773  0.891802 0.170256 1 0 1.000000
0  -0.520882 6.554105 -1.731144  -0.678808 -0.712503 -0.177649  0.888506 0.167604 1 0 1.000000
Material_0
0  -0.520882 6.554105 -1.731144  -0.678808 -0.712503 -0.177649  0.888506 0.167604 1 0 1.000000
0  -0.838668 6.236223 0.788819  -0.686211 -0.706341 -0.173773  0.891802 0.170256 1 0 1.000000
0  -0.787249 7.197035 -1.731145  -0.984763 -0.019652 -0.172790  0.887785 0.169513 1 0 1.000000
Material_0
0  -0.838668 6.236223 0.788819  -0.686211 -0.706341 -0.173773  0.891802 0.170256 1 0 1.000000
0  -1.236597 7.197035 0.788819  -0.984763 -0.019649 -0.172791  0.890772 0.173014 1 0 1.000000
0  -0.787249 7.197035 -1.731145  -0.984763 -0.019652 -0.172790  0.887785 0.169513 1 0 1.000000
Material_0
0  -0.787249 7.197035 -1.731145  -0.984763 -0.019652 -0.172790  0.887785 0.169513 1 0 1.000000
0  -1.236597 7.197035 0.788819  -0.984763 -0.019649 -0.172791  0.890772 0.173014 1 0 1.000000
0  -0.520882 7.840477 -1.731145  -0.714315 0.677968 -0.173531  0.888506 0.170893 1 0 1.000000
Material_0
0  -1.236597 7.197035 0.788819  -0.984763 -0.019649 -0.172791  0.890772 0.173014 1 0 1.000000
0  -0.838669 8.157846 0.788818  -0.705073 0.687547 -0.173641  0.891802 0.175136 1 0 1.000000
0  -0.520882 7.840477 -1.731145  -0.714315 0.677968 -0.173531  0.888506 0.170893 1 0 1.000000
Material_0
0  -0.520882 7.840477 -1.731145  -0.714315 0.677968 -0.173531  0.888506 0.170893 1 0 1.000000
0  -0.838669 8.157846 0.788818  -0.705073 0.687547 -0.173641  0.891802 0.175136 1 0 1.000000
0  0.122103 8.106659 -1.731145  -0.022301 0.983949 -0.177054  0.890051 0.171105 1 0 1.000000
Material_0
0  -0.838669 8.157846 0.788818  -0.705073 0.687547 -0.173641  0.891802 0.175136 1 0 1.000000
0  0.122103 8.556095 0.788818  -0.014940 0.984766 -0.173244  0.894172 0.175348 1 0 1.000000
0  0.122103 8.106659 -1.731145  -0.022301 0.983949 -0.177054  0.890051 0.171105 1 0 1.000000
Material_0
0  0.122103 8.106659 -1.731145  -0.022301 0.983949 -0.177054  0.890051 0.171105 1 0 1.000000
0  0.122103 8.556095 0.788818  -0.014940 0.984766 -0.173244  0.894172 0.175348 1 0 1.000000
0  0.765088 7.840477 -1.731145  0.679941 0.712467 -0.173410  0.891699 0.169938 1 0 1.000000
Material_0
0  1.363757 8.438873 4.265848  0.707659 0.706464 -0.011277  0.902824 0.178424 1 0 1.000000
0  1.878269 7.197036 4.265849  0.999969 0.002146 -0.007617  0.904164 0.174818 1 0 1.000000
0  1.863444 7.197036 2.955690  0.999998 0.002186 0.000008  0.902000 0.173226 1 0 1.000000
Material_0
0  1.863444 7.197036 2.955690  0.999998 0.002186 0.000008  0.902000 0.173226 1 0 1.000000
0  1.878269 7.197036 4.265849  0.999969 0.002146 -0.007617  0.904164 0.174818 1 0 1.000000
0  1.353411 5.965947 2.955690  0.707878 -0.706333 -0.001874  0.900764 0.170468 1 0 1.000000
Material_0
0  1.863444 7.197036 2.955690  0.999998 0.002186 0.000008  0.902000 0.173226 1 0 1.000000
0  1.353411 8.428637 2.955689  0.707866 0.706337 -0.003792  0.900764 0.176727 1 0 1.000000
0  1.363757 8.438873 4.265848  0.707659 0.706464 -0.011277  0.902824 0.178424 1 0 1.000000
Material_0
0  1.363757 8.438873 4.265848  0.707659 0.706464 -0.011277  0.902824 0.178424 1 0 1.000000
0  1.353411 8.428637 2.955689  0.707866 0.706337 -0.003792  0.900764 0.176727 1 0 1.000000
0  0.122104 8.953320 4.265848  -0.000000 0.999962 -0.008748  0.899837 0.180758 1 0 1.000000
Material_0
0  1.353411 8.428637 2.955689  0.707866 0.706337 -0.003792  0.900764 0.176727 1 0 1.000000
0  0.122103 8.938475 2.955689  0.000000 1.000000 -0.000003  0.897674 0.179061 1 0 1.000000
0  0.122104 8.953320 4.265848  -0.000000 0.999962 -0.008748  0.899837 0.180758 1 0 1.000000
Material_0
0  0.122104 8.953320 4.265848  -0.000000 0.999962 -0.008748  0.899837 0.180758 1 0 1.000000
0  0.122103 8.938475 2.955689  0.000000 1.000000 -0.000003  0.897674 0.179061 1 0 1.000000
0  -1.119549 8.438873 4.265848  -0.707732 0.706391 -0.011297  0.896747 0.180440 1 0 1.000000
Material_0
0  0.122103 8.938475 2.955689  0.000000 1.000000 -0.000003  0.897674 0.179061 1 0 1.000000
0  -1.109204 8.428635 2.955689  -0.707871 0.706332 -0.003755  0.894584 0.178743 1 0 1.000000
0  -1.119549 8.438873 4.265848  -0.707732 0.706391 -0.011297  0.896747 0.180440 1 0 1.000000
Material_0
0  -1.119549 8.438873 4.265848  -0.707732 0.706391 -0.011297  0.896747 0.180440 1 0 1.000000
0  -1.109204 8.428635 2.955689  -0.707871 0.706332 -0.003755  0.894584 0.178743 1 0 1.000000
0  -1.633906 7.197035 4.265849  -0.999968 0.002117 -0.007661  0.895408 0.177682 1 0 1.000000
Material_0
0  -1.109204 8.428635 2.955689  -0.707871 0.706332 -0.003755  0.894584 0.178743 1 0 1.000000
0  -1.619237 7.197035 2.955690  -0.999998 0.002189 0.000023  0.893347 0.175985 1 0 1.000000
0  -1.633906 7.197035 4.265849  -0.999968 0.002117 -0.007661  0.895408 0.177682 1 0 1.000000
Material_0
0  -1.633906 7.197035 4.265849  -0.999968 0.002117 -0.007661  0.895408 0.177682 1 0 1.000000
0  -1.619237 7.197035 2.955690  -0.999998 0.002189 0.000023  0.893347 0.175985 1 0 1.000000
0  -1.119549 5.955709 4.265849  -0.707791 -0.706358 -0.009495  0.896747 0.174075 1 0 1.000000
Material_0
0  -1.619237 7.197035 2.955690  -0.999998 0.002189 0.000023  0.893347 0.175985 1 0 1.000000
0  -1.109204 5.965947 2.955690  -0.707877 -0.706333 -0.001880  0.894584 0.172378 1 0 1.000000
0  -1.119549 5.955709 4.265849  -0.707791 -0.706358 -0.009495  0.896747 0.174075 1 0 1.000000
Material_0
0  -1.119549 5.955709 4.265849  -0.707791 -0.706358 -0.009495  0.896747 0.174075 1 0 1.000000
0  -1.109204 5.965947 2.955690  -0.707877 -0.706333 -0.001880  0.894584 0.172378 1 0 1.000000
0  0.122104 5.441263 4.265849  0.000001 -0.999962 -0.008748  0.899837 0.171741 1 0 1.000000
Material_0
0  -1.109204 5.965947 2.955690  -0.707877 -0.706333 -0.001880  0.894584 0.172378 1 0 1.000000
0  0.122104 5.456107 2.955690  0.000000 -1.000000 -0.000003  0.897674 0.170150 1 0 1.000000
0  0.122104 5.441263 4.265849  0.000001 -0.999962 -0.008748  0.899837 0.171741 1 0 1.000000
Material_0
0  0.122104 5.441263 4.265849  0.000001 -0.999962 -0.008748  0.899837 0.171741 1 0 1.000000
0  0.122104 5.456107 2.955690  0.000000 -1.000000 -0.000003  0.897674 0.170150 1 0 1.000000
0  1.363757 5.955710 4.265849  0.707788 -0.706362 -0.009498  0.902824 0.172059 1 0 1.000000
Material_0
0  0.122104 5.456107 2.955690  0.000000 -1.000000 -0.000003  0.897674 0.170150 1 0 1.000000
0  1.353411 5.965947 2.955690  0.707878 -0.706333 -0.001874  0.900764 0.170468 1 0 1.000000
0  1.363757 5.955710 4.265849  0.707788 -0.706362 -0.009498  0.902824 0.172059 1 0 1.000000
Material_0
0  1.363757 5.955710 4.265849  0.707788 -0.706362 -0.009498  0.902824 0.172059 1 0 1.000000
0  1.353411 5.965947 2.955690  0.707878 -0.706333 -0.001874  0.900764 0.170468 1 0 1.000000
0  1.878269 7.197036 4.265849  0.999969 0.002146 -0.007617  0.904164 0.174818 1 0 1.000000
Material_0
0  1.353410 8.428635 1.108459  0.439641 0.468139 -0.766525  0.897674 0.174499 1 0 1.000000
0  1.353411 8.428635 1.526595  0.707866 0.706337 -0.003756  0.898395 0.174924 1 0 1.000000
0  1.863444 7.197036 1.108460  0.640212 0.002154 -0.768196  0.899013 0.170893 1 0 1.000000
Material_0
0  1.863444 7.197036 1.108460  0.640212 0.002154 -0.768196  0.899013 0.170893 1 0 1.000000
0  1.353411 8.428635 1.526595  0.707866 0.706337 -0.003756  0.898395 0.174924 1 0 1.000000
0  1.863444 7.197036 1.526595  0.999998 0.002095 -0.000000  0.899631 0.171423 1 0 1.000000
Material_0
0  1.353411 8.428635 1.526595  0.707866 0.706337 -0.003756  0.898395 0.174924 1 0 1.000000
0  1.353410 8.428635 1.108459  0.439641 0.468139 -0.766525  0.897674 0.174499 1 0 1.000000
0  0.122103 8.938475 1.526595  -0.000010 1.000000 -0.000001  0.895305 0.177258 1 0 1.000000
Material_0
0  1.353410 8.428635 1.108459  0.439641 0.468139 -0.766525  0.897674 0.174499 1 0 1.000000
0  0.122103 8.938475 1.108459  -0.022647 0.641867 -0.766482  0.894687 0.176727 1 0 1.000000
0  0.122103 8.938475 1.526595  -0.000010 1.000000 -0.000001  0.895305 0.177258 1 0 1.000000
Material_0
0  0.122103 8.938475 1.526595  -0.000010 1.000000 -0.000001  0.895305 0.177258 1 0 1.000000
0  0.122103 8.938475 1.108459  -0.022647 0.641867 -0.766482  0.894687 0.176727 1 0 1.000000
0  -1.109204 8.428635 1.526595  -0.707868 0.706334 -0.003760  0.892317 0.176939 1 0 1.000000
Material_0
0  0.122103 8.938475 1.108459  -0.022647 0.641867 -0.766482  0.894687 0.176727 1 0 1.000000
0  -1.109204 8.428635 1.108459  -0.466505 0.436966 -0.769047  0.891596 0.176409 1 0 1.000000
0  -1.109204 8.428635 1.526595  -0.707868 0.706334 -0.003760  0.892317 0.176939 1 0 1.000000
Material_0
0  -1.109204 8.428635 1.526595  -0.707868 0.706334 -0.003760  0.892317 0.176939 1 0 1.000000
0  -1.109204 8.428635 1.108459  -0.466505 0.436966 -0.769047  0.891596 0.176409 1 0 1.000000
0  -1.619238 7.197035 1.526595  -0.999998 0.002187 -0.000000  0.891081 0.174181 1 0 1.000000
Material_0
0  -1.109204 8.428635 1.108459  -0.466505 0.436966 -0.769047  0.891596 0.176409 1 0 1.000000
0  -1.619238 7.197035 1.108460  -0.640198 0.002208 -0.768207  0.890360 0.173757 1 0 1.000000
0  -1.619238 7.197035 1.526595  -0.999998 0.002187 -0.000000  0.891081 0.174181 1 0 1.000000
Material_0
0  -1.619238 7.197035 1.526595  -0.999998 0.002187 -0.000000  0.891081 0.174181 1 0 1.000000
0  -1.619238 7.197035 1.108460  -0.640198 0.002208 -0.768207  0.890360 0.173757 1 0 1.000000
0  -1.109204 5.965947 1.526596  -0.707846 -0.706364 -0.001821  0.892317 0.170680 1 0 1.000000
Material_0
0  -1.619238 7.197035 1.108460  -0.640198 0.002208 -0.768207  0.890360 0.173757 1 0 1.000000
0  -1.109204 5.965947 1.108460  -0.440165 -0.468155 -0.766215  0.891596 0.170150 1 0 1.000000
0  -1.109204 5.965947 1.526596  -0.707846 -0.706364 -0.001821  0.892317 0.170680 1 0 1.000000
Material_0
0  -1.109204 5.965947 1.526596  -0.707846 -0.706364 -0.001821  0.892317 0.170680 1 0 1.000000
0  -1.109204 5.965947 1.108460  -0.440165 -0.468155 -0.766215  0.891596 0.170150 1 0 1.000000
0  0.122104 5.456107 1.526596  0.000010 -1.000000 0.000000  0.895305 0.168347 1 0 1.000000
Material_0
0  -1.109204 5.965947 1.108460  -0.440165 -0.468155 -0.766215  0.891596 0.170150 1 0 1.000000
0  0.122104 5.456107 1.108460  0.022678 -0.641858 -0.766488  0.894687 0.167816 1 0 1.000000
0  0.122104 5.456107 1.526596  0.000010 -1.000000 0.000000  0.895305 0.168347 1 0 1.000000
Material_0
0  0.122104 5.456107 1.526596  0.000010 -1.000000 0.000000  0.895305 0.168347 1 0 1.000000
0  0.122104 5.456107 1.108460  0.022678 -0.641858 -0.766488  0.894687 0.167816 1 0 1.000000
0  1.353411 5.965947 1.526596  0.707851 -0.706359 -0.001830  0.898395 0.168665 1 0 1.000000
Material_0
0  0.122104 5.456107 1.108460  0.022678 -0.641858 -0.766488  0.894687 0.167816 1 0 1.000000
0  1.353411 5.965947 1.108460  0.467076 -0.436995 -0.768684  0.897674 0.168134 1 0 1.000000
0  1.353411 5.965947 1.526596  0.707851 -0.706359 -0.001830  0.898395 0.168665 1 0 1.000000
Material_0
0  1.353411 5.965947 1.526596  0.707851 -0.706359 -0.001830  0.898395 0.168665 1 0 1.000000
0  1.353411 5.965947 1.108460  0.467076 -0.436995 -0.768684  0.897674 0.168134 1 0 1.000000
0  1.863444 7.197036 1.526595  0.999998 0.002095 -0.000000  0.899631 0.171423 1 0 1.000000
Material_0
0  1.863444 7.197036 1.526595  0.999998 0.002095 -0.000000  0.899631 0.171423 1 0 1.000000
0  1.353411 5.965947 1.108460  0.467076 -0.436995 -0.768684  0.897674 0.168134 1 0 1.000000
0  1.863444 7.197036 1.108460  0.640212 0.002154 -0.768196  0.899013 0.170893 1 0 1.000000
Material_0
0  1.863444 7.197036 1.108460  0.640212 0.002154 -0.768196  0.899013 0.170893 1 0 1.000000
0  1.353411 5.965947 1.108460  0.467076 -0.436995 -0.768684  0.897674 0.168134 1 0 1.000000
0  1.082875 6.236223 0.788819  0.473390 -0.433027 -0.767066  0.896541 0.168665 1 0 1.000000
Material_0
0  1.082875 6.236223 0.788819  0.473390 -0.433027 -0.767066  0.896541 0.168665 1 0 1.000000
0  1.353411 5.965947 1.108460  0.467076 -0.436995 -0.768684  0.897674 0.168134 1 0 1.000000
0  0.122103 5.838487 0.788819  0.022665 -0.641856 -0.766490  0.894172 0.168453 1 0 1.000000
Material_0
0  1.353411 5.965947 1.108460  0.467076 -0.436995 -0.768684  0.897674 0.168134 1 0 1.000000
0  0.122104 5.456107 1.108460  0.022678 -0.641858 -0.766488  0.894687 0.167816 1 0 1.000000
0  0.122103 5.838487 0.788819  0.022665 -0.641856 -0.766490  0.894172 0.168453 1 0 1.000000
Material_0
0  0.122103 5.838487 0.788819  0.022665 -0.641856 -0.766490  0.894172 0.168453 1 0 1.000000
0  0.122104 5.456107 1.108460  0.022678 -0.641858 -0.766488  0.894687 0.167816 1 0 1.000000
0  -0.838668 6.236223 0.788819  -0.433715 -0.471977 -0.767547  0.891802 0.170256 1 0 1.000000
Material_0
0  0.122104 5.456107 1.108460  0.022678 -0.641858 -0.766488  0.894687 0.167816 1 0 1.000000
0  -1.109204 5.965947 1.108460  -0.440165 -0.468155 -0.766215  0.891596 0.170150 1 0 1.000000
0  -0.838668 6.236223 0.788819  -0.433715 -0.471977 -0.767547  0.891802 0.170256 1 0 1.000000
Material_0
0  -0.838668 6.236223 0.788819  -0.433715 -0.471977 -0.767547  0.891802 0.170256 1 0 1.000000
0  -1.109204 5.965947 1.108460  -0.440165 -0.468155 -0.766215  0.891596 0.170150 1 0 1.000000
0  -1.236597 7.197035 0.788819  -0.640227 0.002145 -0.768183  0.890772 0.173014 1 0 1.000000
Material_0
0  -1.109204 5.965947 1.108460  -0.440165 -0.468155 -0.766215  0.891596 0.170150 1 0 1.000000
0  -1.619238 7.197035 1.108460  -0.640198 0.002208 -0.768207  0.890360 0.173757 1 0 1.000000
0  -1.236597 7.197035 0.788819  -0.640227 0.002145 -0.768183  0.890772 0.173014 1 0 1.000000
Material_0
0  -1.236597 7.197035 0.788819  -0.640227 0.002145 -0.768183  0.890772 0.173014 1 0 1.000000
0  -1.619238 7.197035 1.108460  -0.640198 0.002208 -0.768207  0.890360 0.173757 1 0 1.000000
0  -0.838669 8.157846 0.788818  -0.472810 0.433040 -0.767416  0.891802 0.175136 1 0 1.000000
Material_0
0  -1.619238 7.197035 1.108460  -0.640198 0.002208 -0.768207  0.890360 0.173757 1 0 1.000000
0  -1.109204 8.428635 1.108459  -0.466505 0.436966 -0.769047  0.891596 0.176409 1 0 1.000000
0  -0.838669 8.157846 0.788818  -0.472810 0.433040 -0.767416  0.891802 0.175136 1 0 1.000000
Material_0
0  -0.838669 8.157846 0.788818  -0.472810 0.433040 -0.767416  0.891802 0.175136 1 0 1.000000
0  -1.109204 8.428635 1.108459  -0.466505 0.436966 -0.769047  0.891596 0.176409 1 0 1.000000
0  0.122103 8.556095 0.788818  -0.022618 0.641856 -0.766492  0.894172 0.175348 1 0 1.000000
Material_0
0  -1.109204 8.428635 1.108459  -0.466505 0.436966 -0.769047  0.891596 0.176409 1 0 1.000000
0  0.122103 8.938475 1.108459  -0.022647 0.641867 -0.766482  0.894687 0.176727 1 0 1.000000
0  0.122103 8.556095 0.788818  -0.022618 0.641856 -0.766492  0.894172 0.175348 1 0 1.000000
Material_0
0  0.122103 8.556095 0.788818  -0.022618 0.641856 -0.766492  0.894172 0.175348 1 0 1.000000
0  0.122103 8.938475 1.108459  -0.022647 0.641867 -0.766482  0.894687 0.176727 1 0 1.000000
0  1.082875 8.157846 0.788818  0.433164 0.471986 -0.767853  0.896541 0.173545 1 0 1.000000
Material_0
0  0.122103 8.938475 1.108459  -0.022647 0.641867 -0.766482  0.894687 0.176727 1 0 1.000000
0  1.353410 8.428635 1.108459  0.439641 0.468139 -0.766525  0.897674 0.174499 1 0 1.000000
0  1.082875 8.157846 0.788818  0.433164 0.471986 -0.767853  0.896541 0.173545 1 0 1.000000
Material_0
0  1.082875 8.157846 0.788818  0.433164 0.471986 -0.767853  0.896541 0.173545 1 0 1.000000
0  1.353410 8.428635 1.108459  0.439641 0.468139 -0.766525  0.897674 0.174499 1 0 1.000000
0  1.480803 7.197036 0.788819  0.640234 0.002129 -0.768177  0.897571 0.170786 1 0 1.000000
Material_0
0  1.353410 8.428635 1.108459  0.439641 0.468139 -0.766525  0.897674 0.174499 1 0 1.000000
0  1.863444 7.197036 1.108460  0.640212 0.002154 -0.768196  0.899013 0.170893 1 0 1.000000
0  1.480803 7.197036 0.788819  0.640234 0.002129 -0.768177  0.897571 0.170786 1 0 1.000000
Material_0
0  1.480803 7.197036 0.788819  0.640234 0.002129 -0.768177  0.897571 0.170786 1 0 1.000000
0  1.863444 7.197036 1.108460  0.640212 0.002154 -0.768196  0.899013 0.170893 1 0 1.000000
0  1.082875 6.236223 0.788819  0.473390 -0.433027 -0.767066  0.896541 0.168665 1 0 1.000000
Material_0
0  1.863444 7.197036 2.004200  0.999998 0.002186 -0.000001  0.900455 0.171953 1 0 1.000000
0  1.353411 8.428635 2.004199  0.707867 0.706336 -0.003760  0.899219 0.175560 1 0 1.000000
0  1.353411 8.428635 2.479943  0.707854 0.706349 -0.003700  0.899940 0.176197 1 0 1.000000
Material_0
0  1.353411 8.428635 2.479943  0.707854 0.706349 -0.003700  0.899940 0.176197 1 0 1.000000
0  1.353411 8.428635 2.004199  0.707867 0.706336 -0.003760  0.899219 0.175560 1 0 1.000000
0  0.122103 8.938475 2.479943  -0.000011 1.000000 0.000001  0.896850 0.178424 1 0 1.000000
Material_0
0  1.353411 8.428635 2.479943  0.707854 0.706349 -0.003700  0.899940 0.176197 1 0 1.000000
0  1.863444 7.197036 2.479944  0.999998 0.002095 -0.000001  0.901176 0.172590 1 0 1.000000
0  1.863444 7.197036 2.004200  0.999998 0.002186 -0.000001  0.900455 0.171953 1 0 1.000000
Material_0
0  1.863444 7.197036 2.004200  0.999998 0.002186 -0.000001  0.900455 0.171953 1 0 1.000000
0  1.863444 7.197036 2.479944  0.999998 0.002095 -0.000001  0.901176 0.172590 1 0 1.000000
0  1.353411 5.965947 2.004200  0.707825 -0.706386 -0.001770  0.899219 0.169195 1 0 1.000000
Material_0
0  1.863444 7.197036 2.479944  0.999998 0.002095 -0.000001  0.901176 0.172590 1 0 1.000000
0  1.353411 5.965947 2.479944  0.707851 -0.706360 -0.001828  0.899940 0.169832 1 0 1.000000
0  1.353411 5.965947 2.004200  0.707825 -0.706386 -0.001770  0.899219 0.169195 1 0 1.000000
Material_0
0  1.353411 5.965947 2.004200  0.707825 -0.706386 -0.001770  0.899219 0.169195 1 0 1.000000
0  1.353411 5.965947 2.479944  0.707851 -0.706360 -0.001828  0.899940 0.169832 1 0 1.000000
0  0.122104 5.456107 2.004200  -0.000011 -1.000000 0.000000  0.896129 0.168983 1 0 1.000000
Material_0
0  1.353411 5.965947 2.479944  0.707851 -0.706360 -0.001828  0.899940 0.169832 1 0 1.000000
0  0.122104 5.456107 2.479944  0.000011 -1.000000 0.000000  0.896850 0.169513 1 0 1.000000
0  0.122104 5.456107 2.004200  -0.000011 -1.000000 0.000000  0.896129 0.168983 1 0 1.000000
Material_0
0  0.122104 5.456107 2.004200  -0.000011 -1.000000 0.000000  0.896129 0.168983 1 0 1.000000
0  0.122104 5.456107 2.479944  0.000011 -1.000000 0.000000  0.896850 0.169513 1 0 1.000000
0  -1.109204 5.965946 2.004200  -0.707830 -0.706381 -0.001779  0.893038 0.171211 1 0 1.000000
Material_0
0  0.122104 5.456107 2.479944  0.000011 -1.000000 0.000000  0.896850 0.169513 1 0 1.000000
0  -1.109204 5.965947 2.479944  -0.707824 -0.706386 -0.001770  0.893862 0.171847 1 0 1.000000
0  -1.109204 5.965946 2.004200  -0.707830 -0.706381 -0.001779  0.893038 0.171211 1 0 1.000000
Material_0
0  -1.109204 5.965946 2.004200  -0.707830 -0.706381 -0.001779  0.893038 0.171211 1 0 1.000000
0  -1.109204 5.965947 2.479944  -0.707824 -0.706386 -0.001770  0.893862 0.171847 1 0 1.000000
0  -1.619237 7.197035 2.004200  -0.999998 0.002094 0.000000  0.891802 0.174818 1 0 1.000000
Material_0
0  -1.109204 5.965947 2.479944  -0.707824 -0.706386 -0.001770  0.893862 0.171847 1 0 1.000000
0  -1.619237 7.197035 2.479944  -0.999998 0.002186 0.000000  0.892626 0.175454 1 0 1.000000
0  -1.619237 7.197035 2.004200  -0.999998 0.002094 0.000000  0.891802 0.174818 1 0 1.000000
Material_0
0  -1.619237 7.197035 2.004200  -0.999998 0.002094 0.000000  0.891802 0.174818 1 0 1.000000
0  -1.619237 7.197035 2.479944  -0.999998 0.002186 0.000000  0.892626 0.175454 1 0 1.000000
0  -1.109204 8.428635 2.004199  -0.707865 0.706337 -0.003753  0.893038 0.177576 1 0 1.000000
Material_0
0  -1.619237 7.197035 2.479944  -0.999998 0.002186 0.000000  0.892626 0.175454 1 0 1.000000
0  -1.109204 8.428635 2.479943  -0.707856 0.706347 -0.003704  0.893862 0.178106 1 0 1.000000
0  -1.109204 8.428635 2.004199  -0.707865 0.706337 -0.003753  0.893038 0.177576 1 0 1.000000
Material_0
0  -1.109204 8.428635 2.004199  -0.707865 0.706337 -0.003753  0.893038 0.177576 1 0 1.000000
0  -1.109204 8.428635 2.479943  -0.707856 0.706347 -0.003704  0.893862 0.178106 1 0 1.000000
0  0.122103 8.938475 2.004199  0.000011 1.000000 0.000001  0.896129 0.177894 1 0 1.000000
Material_0
0  -1.109204 8.428635 2.479943  -0.707856 0.706347 -0.003704  0.893862 0.178106 1 0 1.000000
0  0.122103 8.938475 2.479943  -0.000011 1.000000 0.000001  0.896850 0.178424 1 0 1.000000
0  0.122103 8.938475 2.004199  0.000011 1.000000 0.000001  0.896129 0.177894 1 0 1.000000
Material_0
0  0.122103 8.938475 2.004199  0.000011 1.000000 0.000001  0.896129 0.177894 1 0 1.000000
0  0.122103 8.938475 2.479943  -0.000011 1.000000 0.000001  0.896850 0.178424 1 0 1.000000
0  1.353411 8.428635 2.004199  0.707867 0.706336 -0.003760  0.899219 0.175560 1 0 1.000000
Material_0
0  1.878269 7.197036 4.265849  0.497837 -0.045857 -0.866057  0.904164 0.174818 1 0 1.000000
0  1.363757 8.438873 4.265848  0.353125 0.356776 -0.864878  0.902824 0.178424 1 0 1.000000
0  1.520025 8.594999 4.392217  0.353135 0.356804 -0.864862  0.903442 0.178849 1 0 1.000000
Material_0
0  1.520025 8.594999 4.392217  0.353135 0.356804 -0.864862  0.903442 0.178849 1 0 1.000000
0  1.363757 8.438873 4.265848  0.353125 0.356776 -0.864878  0.902824 0.178424 1 0 1.000000
0  0.122104 9.173944 4.392217  -0.000000 0.502512 -0.864570  0.900043 0.181395 1 0 1.000000
Material_0
0  1.520025 8.594999 4.392217  0.353135 0.356804 -0.864862  0.903442 0.178849 1 0 1.000000
0  2.099083 7.197036 4.392217  0.497831 -0.045827 -0.866062  0.904885 0.174818 1 0 1.000000
0  1.878269 7.197036 4.265849  0.497837 -0.045857 -0.866057  0.904164 0.174818 1 0 1.000000
Material_0
0  1.878269 7.197036 4.265849  0.497837 -0.045857 -0.866057  0.904164 0.174818 1 0 1.000000
0  2.099083 7.197036 4.392217  0.497831 -0.045827 -0.866062  0.904885 0.174818 1 0 1.000000
0  1.363757 5.955710 4.265849  0.353561 -0.356797 -0.864691  0.902824 0.172059 1 0 1.000000
Material_0
0  2.099083 7.197036 4.392217  0.497831 -0.045827 -0.866062  0.904885 0.174818 1 0 1.000000
0  1.520025 5.799584 4.392218  0.353561 -0.356795 -0.864692  0.903442 0.171635 1 0 1.000000
0  1.363757 5.955710 4.265849  0.353561 -0.356797 -0.864691  0.902824 0.172059 1 0 1.000000
Material_0
0  1.363757 5.955710 4.265849  0.353561 -0.356797 -0.864691  0.902824 0.172059 1 0 1.000000
0  1.520025 5.799584 4.392218  0.353561 -0.356795 -0.864692  0.903442 0.171635 1 0 1.000000
0  0.122104 5.441263 4.265849  0.000001 -0.502527 -0.864562  0.899837 0.171741 1 0 1.000000
Material_0
0  1.520025 5.799584 4.392218  0.353561 -0.356795 -0.864692  0.903442 0.171635 1 0 1.000000
0  0.122104 5.220128 4.392218  0.000002 -0.502507 -0.864573  0.900043 0.171317 1 0 1.000000
0  0.122104 5.441263 4.265849  0.000001 -0.502527 -0.864562  0.899837 0.171741 1 0 1.000000
Material_0
0  0.122104 5.441263 4.265849  0.000001 -0.502527 -0.864562  0.899837 0.171741 1 0 1.000000
0  0.122104 5.220128 4.392218  0.000002 -0.502507 -0.864573  0.900043 0.171317 1 0 1.000000
0  -1.119549 5.955709 4.265849  -0.353560 -0.356797 -0.864691  0.896747 0.174075 1 0 1.000000
Material_0
0  0.122104 5.220128 4.392218  0.000002 -0.502507 -0.864573  0.900043 0.171317 1 0 1.000000
0  -1.275817 5.799072 4.392218  -0.353562 -0.356799 -0.864690  0.896541 0.173863 1 0 1.000000
0  -1.119549 5.955709 4.265849  -0.353560 -0.356797 -0.864691  0.896747 0.174075 1 0 1.000000
Material_0
0  -1.119549 5.955709 4.265849  -0.353560 -0.356797 -0.864691  0.896747 0.174075 1 0 1.000000
0  -1.275817 5.799072 4.392218  -0.353562 -0.356799 -0.864690  0.896541 0.173863 1 0 1.000000
0  -1.633906 7.197035 4.265849  -0.497839 -0.045871 -0.866056  0.895408 0.177682 1 0 1.000000
Material_0
0  -1.275817 5.799072 4.392218  -0.353562 -0.356799 -0.864690  0.896541 0.173863 1 0 1.000000
0  -1.854875 7.197035 4.392217  -0.497840 -0.045826 -0.866057  0.895099 0.178000 1 0 1.000000
0  -1.633906 7.197035 4.265849  -0.497839 -0.045871 -0.866056  0.895408 0.177682 1 0 1.000000
Material_0
0  -1.633906 7.197035 4.265849  -0.497839 -0.045871 -0.866056  0.895408 0.177682 1 0 1.000000
0  -1.854875 7.197035 4.392217  -0.497840 -0.045826 -0.866057  0.895099 0.178000 1 0 1.000000
0  -1.119549 8.438873 4.265848  -0.353126 0.356781 -0.864875  0.896747 0.180440 1 0 1.000000
Material_0
0  -1.854875 7.197035 4.392217  -0.497840 -0.045826 -0.866057  0.895099 0.178000 1 0 1.000000
0  -1.275818 8.594999 4.392217  -0.353133 0.356800 -0.864865  0.896541 0.181077 1 0 1.000000
0  -1.119549 8.438873 4.265848  -0.353126 0.356781 -0.864875  0.896747 0.180440 1 0 1.000000
Material_0
0  -1.119549 8.438873 4.265848  -0.353126 0.356781 -0.864875  0.896747 0.180440 1 0 1.000000
0  -1.275818 8.594999 4.392217  -0.353133 0.356800 -0.864865  0.896541 0.181077 1 0 1.000000
0  0.122104 8.953320 4.265848  0.000001 0.502447 -0.864608  0.899837 0.180758 1 0 1.000000
Material_0
0  -1.275818 8.594999 4.392217  -0.353133 0.356800 -0.864865  0.896541 0.181077 1 0 1.000000
0  0.122104 9.173944 4.392217  -0.000000 0.502512 -0.864570  0.900043 0.181395 1 0 1.000000
0  0.122104 8.953320 4.265848  0.000001 0.502447 -0.864608  0.899837 0.180758 1 0 1.000000
Material_0
0  0.122104 8.953320 4.265848  0.000001 0.502447 -0.864608  0.899837 0.180758 1 0 1.000000
0  0.122104 9.173944 4.392217  -0.000000 0.502512 -0.864570  0.900043 0.181395 1 0 1.000000
0  1.363757 8.438873 4.265848  0.353125 0.356776 -0.864878  0.902824 0.178424 1 0 1.000000
Material_0
0  2.232960 7.197036 4.869822  0.963266 0.002165 -0.268541  0.906018 0.175242 1 0 1.000000
0  1.520025 8.594999 4.392217  0.688320 0.671509 -0.274392  0.903442 0.178849 1 0 1.000000
0  1.614682 8.689699 4.869822  0.686640 0.674742 -0.270645  0.904473 0.179591 1 0 1.000000
Material_0
0  1.614682 8.689699 4.869822  0.686640 0.674742 -0.270645  0.904473 0.179591 1 0 1.000000
0  1.520025 8.594999 4.392217  0.688320 0.671509 -0.274392  0.903442 0.178849 1 0 1.000000
0  0.122104 9.173944 4.392217  0.007488 0.962354 -0.271696  0.900043 0.181395 1 0 1.000000
Material_0
0  1.520025 8.594999 4.392217  0.688320 0.671509 -0.274392  0.903442 0.178849 1 0 1.000000
0  2.232960 7.197036 4.869822  0.963266 0.002165 -0.268541  0.906018 0.175242 1 0 1.000000
0  2.099083 7.197036 4.392217  0.963260 0.002130 -0.268563  0.904885 0.174818 1 0 1.000000
Material_0
0  2.232960 7.197036 4.869822  0.963266 0.002165 -0.268541  0.906018 0.175242 1 0 1.000000
0  1.614682 5.704885 4.869823  0.673020 -0.687539 -0.272644  0.904473 0.171953 1 0 1.000000
0  2.099083 7.197036 4.392217  0.963260 0.002130 -0.268563  0.904885 0.174818 1 0 1.000000
Material_0
0  2.099083 7.197036 4.392217  0.963260 0.002130 -0.268563  0.904885 0.174818 1 0 1.000000
0  1.614682 5.704885 4.869823  0.673020 -0.687539 -0.272644  0.904473 0.171953 1 0 1.000000
0  1.520025 5.799584 4.392218  0.673046 -0.687517 -0.272635  0.903442 0.171635 1 0 1.000000
Material_0
0  1.614682 5.704885 4.869823  0.673020 -0.687539 -0.272644  0.904473 0.171953 1 0 1.000000
0  0.122104 5.086525 4.869823  -0.007529 -0.962354 -0.271695  0.900764 0.171529 1 0 1.000000
0  1.520025 5.799584 4.392218  0.673046 -0.687517 -0.272635  0.903442 0.171635 1 0 1.000000
Material_0
0  1.520025 5.799584 4.392218  0.673046 -0.687517 -0.272635  0.903442 0.171635 1 0 1.000000
0  0.122104 5.086525 4.869823  -0.007529 -0.962354 -0.271695  0.900764 0.171529 1 0 1.000000
0  0.122104 5.220128 4.392218  -0.007558 -0.962351 -0.271704  0.900043 0.171317 1 0 1.000000
Material_0
0  0.122104 5.086525 4.869823  -0.007529 -0.962354 -0.271695  0.900764 0.171529 1 0 1.000000
0  -1.370474 5.704373 4.869823  -0.687169 -0.674739 -0.269307  0.897056 0.174287 1 0 1.000000
0  0.122104 5.220128 4.392218  -0.007558 -0.962351 -0.271704  0.900043 0.171317 1 0 1.000000
Material_0
0  0.122104 5.220128 4.392218  -0.007558 -0.962351 -0.271704  0.900043 0.171317 1 0 1.000000
0  -1.370474 5.704373 4.869823  -0.687169 -0.674739 -0.269307  0.897056 0.174287 1 0 1.000000
0  -1.275817 5.799072 4.392218  -0.688861 -0.671496 -0.273063  0.896541 0.173863 1 0 1.000000
Material_0
0  -1.370474 5.704373 4.869823  -0.687169 -0.674739 -0.269307  0.897056 0.174287 1 0 1.000000
0  -1.988753 7.197035 4.869822  -0.963259 0.002133 -0.268564  0.895511 0.178637 1 0 1.000000
0  -1.275817 5.799072 4.392218  -0.688861 -0.671496 -0.273063  0.896541 0.173863 1 0 1.000000
Material_0
0  -1.275817 5.799072 4.392218  -0.688861 -0.671496 -0.273063  0.896541 0.173863 1 0 1.000000
0  -1.988753 7.197035 4.869822  -0.963259 0.002133 -0.268564  0.895511 0.178637 1 0 1.000000
0  -1.854875 7.197035 4.392217  -0.963267 0.002175 -0.268538  0.895099 0.178000 1 0 1.000000
Material_0
0  -1.988753 7.197035 4.869822  -0.963259 0.002133 -0.268564  0.895511 0.178637 1 0 1.000000
0  -1.370474 8.689699 4.869822  -0.672487 0.687536 -0.273961  0.897056 0.182031 1 0 1.000000
0  -1.854875 7.197035 4.392217  -0.963267 0.002175 -0.268538  0.895099 0.178000 1 0 1.000000
Material_0
0  -1.854875 7.197035 4.392217  -0.963267 0.002175 -0.268538  0.895099 0.178000 1 0 1.000000
0  -1.370474 8.689699 4.869822  -0.672487 0.687536 -0.273961  0.897056 0.182031 1 0 1.000000
0  -1.275818 8.594999 4.392217  -0.672476 0.687545 -0.273968  0.896541 0.181077 1 0 1.000000
Material_0
0  -1.370474 8.689699 4.869822  -0.672487 0.687536 -0.273961  0.897056 0.182031 1 0 1.000000
0  0.122104 9.308058 4.869821  0.007471 0.962355 -0.271693  0.900764 0.182350 1 0 1.000000
0  -1.275818 8.594999 4.392217  -0.672476 0.687545 -0.273968  0.896541 0.181077 1 0 1.000000
Material_0
0  -1.275818 8.594999 4.392217  -0.672476 0.687545 -0.273968  0.896541 0.181077 1 0 1.000000
0  0.122104 9.308058 4.869821  0.007471 0.962355 -0.271693  0.900764 0.182350 1 0 1.000000
0  0.122104 9.173944 4.392217  0.007488 0.962354 -0.271696  0.900043 0.181395 1 0 1.000000
Material_0
0  0.122104 9.308058 4.869821  0.007471 0.962355 -0.271693  0.900764 0.182350 1 0 1.000000
0  1.614682 8.689699 4.869822  0.686640 0.674742 -0.270645  0.904473 0.179591 1 0 1.000000
0  0.122104 9.173944 4.392217  0.007488 0.962354 -0.271696  0.900043 0.181395 1 0 1.000000
Material_0
0  1.881975 7.197036 4.981325  0.304645 0.002114 0.952464  0.863990 0.385074 1 0 1.000000
0  1.614682 8.689699 4.869822  0.686633 0.674716 -0.270726  0.863887 0.385286 1 0 1.000000
0  1.366536 8.441435 4.981324  0.217010 0.210341 0.953238  0.863887 0.385286 1 0 1.000000
Material_0
0  1.614682 8.689699 4.869822  0.686633 0.674716 -0.270726  0.863887 0.385286 1 0 1.000000
0  0.122104 9.308058 4.869821  0.007564 0.962329 -0.271783  0.863681 0.385392 1 0 1.000000
0  1.366536 8.441435 4.981324  0.217010 0.210341 0.953238  0.863887 0.385286 1 0 1.000000
Material_0
0  1.614682 8.689699 4.869822  0.686633 0.674716 -0.270726  0.863887 0.385286 1 0 1.000000
0  1.881975 7.197036 4.981325  0.304645 0.002114 0.952464  0.863990 0.385074 1 0 1.000000
0  2.232960 7.197036 4.869822  0.963246 0.002116 -0.268613  0.863990 0.384968 1 0 1.000000
Material_0
0  1.881975 7.197036 4.981325  0.304645 0.002114 0.952464  0.863990 0.385074 1 0 1.000000
0  1.366537 5.952638 4.981325  0.213592 -0.210316 0.954015  0.863887 0.384862 1 0 1.000000
0  2.232960 7.197036 4.869822  0.963246 0.002116 -0.268613  0.863990 0.384968 1 0 1.000000
Material_0
0  2.232960 7.197036 4.869822  0.963246 0.002116 -0.268613  0.863990 0.384968 1 0 1.000000
0  1.366537 5.952638 4.981325  0.213592 -0.210316 0.954015  0.863887 0.384862 1 0 1.000000
0  1.614682 5.704885 4.869823  0.672966 -0.687563 -0.272717  0.863887 0.384862 1 0 1.000000
Material_0
0  1.366537 5.952638 4.981325  0.213592 -0.210316 0.954015  0.863887 0.384862 1 0 1.000000
0  0.122104 5.437168 4.981325  -0.003788 -0.303194 0.952921  0.863681 0.384862 1 0 1.000000
0  1.614682 5.704885 4.869823  0.672966 -0.687563 -0.272717  0.863887 0.384862 1 0 1.000000
Material_0
0  1.614682 5.704885 4.869823  0.672966 -0.687563 -0.272717  0.863887 0.384862 1 0 1.000000
0  0.122104 5.437168 4.981325  -0.003788 -0.303194 0.952921  0.863681 0.384862 1 0 1.000000
0  0.122104 5.086525 4.869823  -0.007660 -0.962327 -0.271787  0.863681 0.384756 1 0 1.000000
Material_0
0  0.122104 5.437168 4.981325  -0.003788 -0.303194 0.952921  0.863681 0.384862 1 0 1.000000
0  -1.122328 5.952637 4.981325  -0.213598 -0.210345 0.954008  0.863475 0.384968 1 0 1.000000
0  0.122104 5.086525 4.869823  -0.007660 -0.962327 -0.271787  0.863681 0.384756 1 0 1.000000
Material_0
0  0.122104 5.086525 4.869823  -0.007660 -0.962327 -0.271787  0.863681 0.384756 1 0 1.000000
0  -1.122328 5.952637 4.981325  -0.213598 -0.210345 0.954008  0.863475 0.384968 1 0 1.000000
0  -1.370474 5.704373 4.869823  -0.687216 -0.674658 -0.269390  0.863475 0.384968 1 0 1.000000
Material_0
0  -1.122328 5.952637 4.981325  -0.213598 -0.210345 0.954008  0.863475 0.384968 1 0 1.000000
0  -1.637767 7.197035 4.981325  -0.304708 0.002194 0.952443  0.863475 0.385180 1 0 1.000000
0  -1.370474 5.704373 4.869823  -0.687216 -0.674658 -0.269390  0.863475 0.384968 1 0 1.000000
Material_0
0  -1.370474 5.704373 4.869823  -0.687216 -0.674658 -0.269390  0.863475 0.384968 1 0 1.000000
0  -1.637767 7.197035 4.981325  -0.304708 0.002194 0.952443  0.863475 0.385180 1 0 1.000000
0  -1.988753 7.197035 4.869822  -0.963241 0.002219 -0.268629  0.863372 0.385180 1 0 1.000000
Material_0
0  -1.637767 7.197035 4.981325  -0.304708 0.002194 0.952443  0.863475 0.385180 1 0 1.000000
0  -1.122329 8.441433 4.981324  -0.217032 0.210316 0.953239  0.863475 0.385392 1 0 1.000000
0  -1.988753 7.197035 4.869822  -0.963241 0.002219 -0.268629  0.863372 0.385180 1 0 1.000000
Material_0
0  -1.988753 7.197035 4.869822  -0.963241 0.002219 -0.268629  0.863372 0.385180 1 0 1.000000
0  -1.122329 8.441433 4.981324  -0.217032 0.210316 0.953239  0.863475 0.385392 1 0 1.000000
0  -1.370474 8.689699 4.869822  -0.672397 0.687584 -0.274062  0.863475 0.385392 1 0 1.000000
Material_0
0  -1.122329 8.441433 4.981324  -0.217032 0.210316 0.953239  0.863475 0.385392 1 0 1.000000
0  0.122104 8.956903 4.981324  -0.003711 0.303183 0.952925  0.863681 0.385392 1 0 1.000000
0  -1.370474 8.689699 4.869822  -0.672397 0.687584 -0.274062  0.863475 0.385392 1 0 1.000000
Material_0
0  -1.370474 8.689699 4.869822  -0.672397 0.687584 -0.274062  0.863475 0.385392 1 0 1.000000
0  0.122104 8.956903 4.981324  -0.003711 0.303183 0.952925  0.863681 0.385392 1 0 1.000000
0  0.122104 9.308058 4.869821  0.007564 0.962329 -0.271783  0.863681 0.385392 1 0 1.000000
Material_0
0  0.122104 8.956903 4.981324  -0.003711 0.303183 0.952925  0.863681 0.385392 1 0 1.000000
0  1.366536 8.441435 4.981324  0.217010 0.210341 0.953238  0.863887 0.385286 1 0 1.000000
0  0.122104 9.308058 4.869821  0.007564 0.962329 -0.271783  0.863681 0.385392 1 0 1.000000
Material_0
0  1.881975 7.197036 4.981325  -0.877981 -0.028376 0.477855  0.905297 0.175666 1 0 1.000000
0  1.366536 8.441435 4.981324  -0.621108 -0.621523 0.477424  0.904060 0.179273 1 0 1.000000
0  1.166414 8.241285 4.464695  -0.621121 -0.621541 0.477384  0.902721 0.178318 1 0 1.000000
Material_0
0  1.366536 8.441435 4.981324  -0.621108 -0.621523 0.477424  0.904060 0.179273 1 0 1.000000
0  0.122104 8.673830 4.464695  -0.000000 -0.876465 0.481465  0.900146 0.180228 1 0 1.000000
0  1.166414 8.241285 4.464695  -0.621121 -0.621541 0.477384  0.902721 0.178318 1 0 1.000000
Material_0
0  1.166414 8.241285 4.464695  -0.621121 -0.621541 0.477384  0.902721 0.178318 1 0 1.000000
0  1.598932 7.197036 4.464695  -0.877983 -0.028401 0.477849  0.903751 0.175242 1 0 1.000000
0  1.881975 7.197036 4.981325  -0.877981 -0.028376 0.477855  0.905297 0.175666 1 0 1.000000
Material_0
0  1.881975 7.197036 4.981325  -0.877981 -0.028376 0.477855  0.905297 0.175666 1 0 1.000000
0  1.598932 7.197036 4.464695  -0.877983 -0.028401 0.477849  0.903751 0.175242 1 0 1.000000
0  1.366537 5.952638 4.981325  -0.618174 0.621513 0.481230  0.904060 0.172908 1 0 1.000000
Material_0
0  1.598932 7.197036 4.464695  -0.877983 -0.028401 0.477849  0.903751 0.175242 1 0 1.000000
0  1.166414 6.152786 4.464695  -0.618147 0.621532 0.481241  0.902721 0.172908 1 0 1.000000
0  1.366537 5.952638 4.981325  -0.618174 0.621513 0.481230  0.904060 0.172908 1 0 1.000000
Material_0
0  1.366537 5.952638 4.981325  -0.618174 0.621513 0.481230  0.904060 0.172908 1 0 1.000000
0  1.166414 6.152786 4.464695  -0.618147 0.621532 0.481241  0.902721 0.172908 1 0 1.000000
0  0.122104 5.437168 4.981325  0.000001 0.876461 0.481473  0.900970 0.172590 1 0 1.000000
Material_0
0  1.166414 6.152786 4.464695  -0.618147 0.621532 0.481241  0.902721 0.172908 1 0 1.000000
0  0.122104 5.720241 4.464696  0.000001 0.876389 0.481605  0.900146 0.172696 1 0 1.000000
0  0.122104 5.437168 4.981325  0.000001 0.876461 0.481473  0.900970 0.172590 1 0 1.000000
Material_0
0  0.122104 5.437168 4.981325  0.000001 0.876461 0.481473  0.900970 0.172590 1 0 1.000000
0  0.122104 5.720241 4.464696  0.000001 0.876389 0.481605  0.900146 0.172696 1 0 1.000000
0  -1.122328 5.952637 4.981325  0.618137 0.621538 0.481246  0.897880 0.174924 1 0 1.000000
Material_0
0  0.122104 5.720241 4.464696  0.000001 0.876389 0.481605  0.900146 0.172696 1 0 1.000000
0  -0.922206 6.152786 4.464695  0.618194 0.621498 0.481224  0.897571 0.174605 1 0 1.000000
0  -1.122328 5.952637 4.981325  0.618137 0.621538 0.481246  0.897880 0.174924 1 0 1.000000
Material_0
0  -1.122328 5.952637 4.981325  0.618137 0.621538 0.481246  0.897880 0.174924 1 0 1.000000
0  -0.922206 6.152786 4.464695  0.618194 0.621498 0.481224  0.897571 0.174605 1 0 1.000000
0  -1.637767 7.197035 4.981325  0.877982 -0.028388 0.477852  0.896541 0.178531 1 0 1.000000
Material_0
0  -0.922206 6.152786 4.464695  0.618194 0.621498 0.481224  0.897571 0.174605 1 0 1.000000
0  -1.354724 7.197035 4.464695  0.877982 -0.028406 0.477851  0.896438 0.177682 1 0 1.000000
0  -1.637767 7.197035 4.981325  0.877982 -0.028388 0.477852  0.896541 0.178531 1 0 1.000000
Material_0
0  -1.637767 7.197035 4.981325  0.877982 -0.028388 0.477852  0.896541 0.178531 1 0 1.000000
0  -1.354724 7.197035 4.464695  0.877982 -0.028406 0.477851  0.896438 0.177682 1 0 1.000000
0  -1.122329 8.441433 4.981324  0.621122 -0.621540 0.477384  0.897880 0.181289 1 0 1.000000
Material_0
0  -1.354724 7.197035 4.464695  0.877982 -0.028406 0.477851  0.896438 0.177682 1 0 1.000000
0  -0.922207 8.241285 4.464695  0.621122 -0.621539 0.477385  0.897571 0.180016 1 0 1.000000
0  -1.122329 8.441433 4.981324  0.621122 -0.621540 0.477384  0.897880 0.181289 1 0 1.000000
Material_0
0  -1.122329 8.441433 4.981324  0.621122 -0.621540 0.477384  0.897880 0.181289 1 0 1.000000
0  -0.922207 8.241285 4.464695  0.621122 -0.621539 0.477385  0.897571 0.180016 1 0 1.000000
0  0.122104 8.956903 4.981324  0.000000 -0.876383 0.481616  0.900970 0.181607 1 0 1.000000
Material_0
0  -0.922207 8.241285 4.464695  0.621122 -0.621539 0.477385  0.897571 0.180016 1 0 1.000000
0  0.122104 8.673830 4.464695  -0.000000 -0.876465 0.481465  0.900146 0.180228 1 0 1.000000
0  0.122104 8.956903 4.981324  0.000000 -0.876383 0.481616  0.900970 0.181607 1 0 1.000000
Material_0
0  0.122104 8.956903 4.981324  0.000000 -0.876383 0.481616  0.900970 0.181607 1 0 1.000000
0  0.122104 8.673830 4.464695  -0.000000 -0.876465 0.481465  0.900146 0.180228 1 0 1.000000
0  1.366536 8.441435 4.981324  -0.621108 -0.621523 0.477424  0.904060 0.179273 1 0 1.000000
Material_0
0  0.625188 4.239351 -3.552356  0.970715 0.240235 -0.000072  0.893862 0.197944 1 0 1.000000
0  0.347086 4.517305 -3.552356  0.212505 0.977153 -0.003744  0.893862 0.198050 1 0 1.000000
0  0.347087 4.517306 3.327366  0.126440 0.991972 0.001885  0.894790 0.198898 1 0 1.000000
Material_0
0  0.347087 4.517306 3.327366  0.126440 0.991972 0.001885  0.894790 0.198898 1 0 1.000000
0  0.347086 4.517305 -3.552356  0.212505 0.977153 -0.003744  0.893862 0.198050 1 0 1.000000
0  -0.046209 4.517306 3.327366  -0.321874 0.946781 -0.001873  0.894790 0.198898 1 0 1.000000
Material_0
0  0.347086 4.517305 -3.552356  0.212505 0.977153 -0.003744  0.893862 0.198050 1 0 1.000000
0  -0.046210 4.517305 -3.552356  -0.321874 0.946781 -0.001879  0.893759 0.198050 1 0 1.000000
0  -0.046209 4.517306 3.327366  -0.321874 0.946781 -0.001873  0.894790 0.198898 1 0 1.000000
Material_0
0  -0.046209 4.517306 3.327366  -0.321874 0.946781 -0.001873  0.894790 0.198898 1 0 1.000000
0  -0.046210 4.517305 -3.552356  -0.321874 0.946781 -0.001879  0.893759 0.198050 1 0 1.000000
0  -0.324465 4.239352 3.327366  -0.947474 0.319826 -0.001880  0.894687 0.198898 1 0 1.000000
Material_0
0  -0.046210 4.517305 -3.552356  -0.321874 0.946781 -0.001879  0.893759 0.198050 1 0 1.000000
0  -0.324466 4.239351 -3.552356  -0.947480 0.319808 -0.001887  0.893656 0.198050 1 0 1.000000
0  -0.324465 4.239352 3.327366  -0.947474 0.319826 -0.001880  0.894687 0.198898 1 0 1.000000
Material_0
0  -0.324465 4.239352 3.327366  -0.947474 0.319826 -0.001880  0.894687 0.198898 1 0 1.000000
0  -0.324466 4.239351 -3.552356  -0.947480 0.319808 -0.001887  0.893656 0.198050 1 0 1.000000
0  -0.324465 3.845711 3.327366  -0.924494 -0.381191 -0.001865  0.894687 0.198792 1 0 1.000000
Material_0
0  -0.324466 4.239351 -3.552356  -0.947480 0.319808 -0.001887  0.893656 0.198050 1 0 1.000000
0  -0.324466 3.845710 -3.552356  -0.924493 -0.381193 -0.001862  0.893656 0.197944 1 0 1.000000
0  -0.324465 3.845711 3.327366  -0.924494 -0.381191 -0.001865  0.894687 0.198792 1 0 1.000000
Material_0
0  -0.324465 3.845711 3.327366  -0.924494 -0.381191 -0.001865  0.894687 0.198792 1 0 1.000000
0  -0.324466 3.845710 -3.552356  -0.924493 -0.381193 -0.001862  0.893656 0.197944 1 0 1.000000
0  -0.046208 3.567756 3.327366  -0.383169 -0.923671 -0.003785  0.894790 0.198686 1 0 1.000000
Material_0
0  -0.324466 3.845710 -3.552356  -0.924493 -0.381193 -0.001862  0.893656 0.197944 1 0 1.000000
0  -0.046210 3.567755 -3.552356  -0.383153 -0.923677 -0.003704  0.893759 0.197838 1 0 1.000000
0  -0.046208 3.567756 3.327366  -0.383169 -0.923671 -0.003785  0.894790 0.198686 1 0 1.000000
Material_0
0  -0.046208 3.567756 3.327366  -0.383169 -0.923671 -0.003785  0.894790 0.198686 1 0 1.000000
0  -0.046210 3.567755 -3.552356  -0.383153 -0.923677 -0.003704  0.893759 0.197838 1 0 1.000000
0  0.347087 3.567756 3.327366  0.383157 -0.923676 -0.003705  0.894790 0.198686 1 0 1.000000
Material_0
0  -0.046210 3.567755 -3.552356  -0.383153 -0.923677 -0.003704  0.893759 0.197838 1 0 1.000000
0  0.347086 3.567755 -3.552356  0.383161 -0.923674 -0.003731  0.893862 0.197838 1 0 1.000000
0  0.347087 3.567756 3.327366  0.383157 -0.923676 -0.003705  0.894790 0.198686 1 0 1.000000
Material_0
0  0.347087 3.567756 3.327366  0.383157 -0.923676 -0.003705  0.894790 0.198686 1 0 1.000000
0  0.347086 3.567755 -3.552356  0.383161 -0.923674 -0.003731  0.893862 0.197838 1 0 1.000000
0  0.625189 3.845711 3.327366  0.908813 -0.417204 -0.000000  0.894893 0.198686 1 0 1.000000
Material_0
0  0.347086 3.567755 -3.552356  0.383161 -0.923674 -0.003731  0.893862 0.197838 1 0 1.000000
0  0.625188 3.845710 -3.552356  0.908816 -0.417197 -0.000013  0.893862 0.197838 1 0 1.000000
0  0.625189 3.845711 3.327366  0.908813 -0.417204 -0.000000  0.894893 0.198686 1 0 1.000000
Material_0
0  0.625189 3.845711 3.327366  0.908813 -0.417204 -0.000000  0.894893 0.198686 1 0 1.000000
0  0.625189 3.845711 4.046560  0.908811 -0.417208 0.000002  0.894996 0.198792 1 0 1.000000
0  0.347087 3.567756 3.327366  0.383157 -0.923676 -0.003705  0.894790 0.198686 1 0 1.000000
Material_0
0  0.625189 3.845711 4.046560  0.908811 -0.417208 0.000002  0.894996 0.198792 1 0 1.000000
0  0.347087 3.567756 4.046560  0.383165 -0.923672 -0.003761  0.894996 0.198792 1 0 1.000000
0  0.347087 3.567756 3.327366  0.383157 -0.923676 -0.003705  0.894790 0.198686 1 0 1.000000
Material_0
0  0.347087 3.567756 3.327366  0.383157 -0.923676 -0.003705  0.894790 0.198686 1 0 1.000000
0  0.347087 3.567756 4.046560  0.383165 -0.923672 -0.003761  0.894996 0.198792 1 0 1.000000
0  -0.046208 3.567756 3.327366  -0.383169 -0.923671 -0.003785  0.894790 0.198686 1 0 1.000000
Material_0
0  0.347087 3.567756 4.046560  0.383165 -0.923672 -0.003761  0.894996 0.198792 1 0 1.000000
0  -0.046208 3.567756 4.046560  -0.383159 -0.923675 -0.003734  0.894893 0.198792 1 0 1.000000
0  -0.046208 3.567756 3.327366  -0.383169 -0.923671 -0.003785  0.894790 0.198686 1 0 1.000000
Material_0
0  -0.046208 3.567756 3.327366  -0.383169 -0.923671 -0.003785  0.894790 0.198686 1 0 1.000000
0  -0.046208 3.567756 4.046560  -0.383159 -0.923675 -0.003734  0.894893 0.198792 1 0 1.000000
0  -0.324465 3.845711 3.327366  -0.924494 -0.381191 -0.001865  0.894687 0.198792 1 0 1.000000
Material_0
0  -0.046208 3.567756 4.046560  -0.383159 -0.923675 -0.003734  0.894893 0.198792 1 0 1.000000
0  -0.324465 3.845711 4.046560  -0.924494 -0.381193 -0.001863  0.894790 0.198898 1 0 1.000000
0  -0.324465 3.845711 3.327366  -0.924494 -0.381191 -0.001865  0.894687 0.198792 1 0 1.000000
Material_0
0  -0.324465 3.845711 3.327366  -0.924494 -0.381191 -0.001865  0.894687 0.198792 1 0 1.000000
0  -0.324465 3.845711 4.046560  -0.924494 -0.381193 -0.001863  0.894790 0.198898 1 0 1.000000
0  -0.324465 4.239352 3.327366  -0.947474 0.319826 -0.001880  0.894687 0.198898 1 0 1.000000
Material_0
0  -0.324465 3.845711 4.046560  -0.924494 -0.381193 -0.001863  0.894790 0.198898 1 0 1.000000
0  -0.324465 4.239352 4.046560  -0.947476 0.319821 -0.001883  0.894790 0.199005 1 0 1.000000
0  -0.324465 4.239352 3.327366  -0.947474 0.319826 -0.001880  0.894687 0.198898 1 0 1.000000
Material_0
0  -0.324465 4.239352 3.327366  -0.947474 0.319826 -0.001880  0.894687 0.198898 1 0 1.000000
0  -0.324465 4.239352 4.046560  -0.947476 0.319821 -0.001883  0.894790 0.199005 1 0 1.000000
0  -0.046209 4.517306 3.327366  -0.321874 0.946781 -0.001873  0.894790 0.198898 1 0 1.000000
Material_0
0  -0.324465 4.239352 4.046560  -0.947476 0.319821 -0.001883  0.894790 0.199005 1 0 1.000000
0  -0.046208 4.517307 4.046560  -0.321888 0.946776 -0.001882  0.894893 0.199005 1 0 1.000000
0  -0.046209 4.517306 3.327366  -0.321874 0.946781 -0.001873  0.894790 0.198898 1 0 1.000000
Material_0
0  -0.046209 4.517306 3.327366  -0.321874 0.946781 -0.001873  0.894790 0.198898 1 0 1.000000
0  -0.046208 4.517307 4.046560  -0.321888 0.946776 -0.001882  0.894893 0.199005 1 0 1.000000
0  0.347087 4.517306 3.327366  0.126440 0.991972 0.001885  0.894790 0.198898 1 0 1.000000
Material_0
0  -0.046208 4.517307 4.046560  -0.321888 0.946776 -0.001882  0.894893 0.199005 1 0 1.000000
0  -0.324465 4.239352 4.046560  -0.947476 0.319821 -0.001883  0.894790 0.199005 1 0 1.000000
0  -0.324464 4.239353 9.168256  -0.966378 0.257117 -0.001883  0.895511 0.199641 1 0 1.000000
Material_0
0  -0.324464 4.239353 9.168256  -0.966378 0.257117 -0.001883  0.895511 0.199641 1 0 1.000000
0  -0.324465 4.239352 4.046560  -0.947476 0.319821 -0.001883  0.894790 0.199005 1 0 1.000000
0  -0.324464 3.845712 9.084628  -0.924482 -0.381221 -0.001833  0.895511 0.199535 1 0 1.000000
Material_0
0  -0.324465 4.239352 4.046560  -0.947476 0.319821 -0.001883  0.894790 0.199005 1 0 1.000000
0  -0.324465 3.845711 4.046560  -0.924494 -0.381193 -0.001863  0.894790 0.198898 1 0 1.000000
0  -0.324464 3.845712 9.084628  -0.924482 -0.381221 -0.001833  0.895511 0.199535 1 0 1.000000
Material_0
0  -0.324464 3.845712 9.084628  -0.924482 -0.381221 -0.001833  0.895511 0.199535 1 0 1.000000
0  -0.324465 3.845711 4.046560  -0.924494 -0.381193 -0.001863  0.894790 0.198898 1 0 1.000000
0  -0.046207 3.567757 9.084628  -0.383168 -0.923671 -0.003782  0.895614 0.199429 1 0 1.000000
Material_0
0  -0.324465 3.845711 4.046560  -0.924494 -0.381193 -0.001863  0.894790 0.198898 1 0 1.000000
0  -0.046208 3.567756 4.046560  -0.383159 -0.923675 -0.003734  0.894893 0.198792 1 0 1.000000
0  -0.046207 3.567757 9.084628  -0.383168 -0.923671 -0.003782  0.895614 0.199429 1 0 1.000000
Material_0
0  -0.046207 3.567757 9.084628  -0.383168 -0.923671 -0.003782  0.895614 0.199429 1 0 1.000000
0  -0.046208 3.567756 4.046560  -0.383159 -0.923675 -0.003734  0.894893 0.198792 1 0 1.000000
0  0.347088 3.567757 9.084628  0.383164 -0.923673 -0.003757  0.895717 0.199429 1 0 1.000000
Material_0
0  -0.046208 3.567756 4.046560  -0.383159 -0.923675 -0.003734  0.894893 0.198792 1 0 1.000000
0  0.347087 3.567756 4.046560  0.383165 -0.923672 -0.003761  0.894996 0.198792 1 0 1.000000
0  0.347088 3.567757 9.084628  0.383164 -0.923673 -0.003757  0.895717 0.199429 1 0 1.000000
Material_0
0  0.347088 3.567757 9.084628  0.383164 -0.923673 -0.003757  0.895717 0.199429 1 0 1.000000
0  0.347087 3.567756 4.046560  0.383165 -0.923672 -0.003761  0.894996 0.198792 1 0 1.000000
0  0.625190 3.845712 9.084628  0.908815 -0.417199 -0.000000  0.895717 0.199429 1 0 1.000000
Material_0
0  0.347087 3.567756 4.046560  0.383165 -0.923672 -0.003761  0.894996 0.198792 1 0 1.000000
0  0.625189 3.845711 4.046560  0.908811 -0.417208 0.000002  0.894996 0.198792 1 0 1.000000
0  0.625190 3.845712 9.084628  0.908815 -0.417199 -0.000000  0.895717 0.199429 1 0 1.000000
Material_0
0  0.625190 3.845712 9.084628  0.908815 -0.417199 -0.000000  0.895717 0.199429 1 0 1.000000
0  0.625189 3.845711 4.046560  0.908811 -0.417208 0.000002  0.894996 0.198792 1 0 1.000000
0  0.625189 4.042788 4.046560  0.999998 0.002195 -0.000011  0.894996 0.198898 1 0 1.000000
Material_0
0  0.625189 3.845711 4.046560  0.908811 -0.417208 0.000002  0.894996 0.198792 1 0 1.000000
0  0.625189 3.845711 3.327366  0.908813 -0.417204 -0.000000  0.894893 0.198686 1 0 1.000000
0  0.625189 4.042788 4.046560  0.999998 0.002195 -0.000011  0.894996 0.198898 1 0 1.000000
Material_0
0  0.625189 4.042788 4.046560  0.999998 0.002195 -0.000011  0.894996 0.198898 1 0 1.000000
0  0.625189 3.845711 3.327366  0.908813 -0.417204 -0.000000  0.894893 0.198686 1 0 1.000000
0  0.625189 4.042788 3.327366  0.999997 0.002239 0.000054  0.894893 0.198792 1 0 1.000000
Material_0
0  0.625189 3.845711 3.327366  0.908813 -0.417204 -0.000000  0.894893 0.198686 1 0 1.000000
0  0.625188 3.845710 -3.552356  0.908816 -0.417197 -0.000013  0.893862 0.197838 1 0 1.000000
0  0.625189 4.042788 3.327366  0.999997 0.002239 0.000054  0.894893 0.198792 1 0 1.000000
Material_0
0  0.625189 4.042788 3.327366  0.999997 0.002239 0.000054  0.894893 0.198792 1 0 1.000000
0  0.625188 3.845710 -3.552356  0.908816 -0.417197 -0.000013  0.893862 0.197838 1 0 1.000000
0  0.625189 4.239352 3.327366  0.968583 0.248659 0.003878  0.894893 0.198792 1 0 1.000000
Material_0
0  0.625188 3.845710 -3.552356  0.908816 -0.417197 -0.000013  0.893862 0.197838 1 0 1.000000
0  0.625188 4.239351 -3.552356  0.970715 0.240235 -0.000072  0.893862 0.197944 1 0 1.000000
0  0.625189 4.239352 3.327366  0.968583 0.248659 0.003878  0.894893 0.198792 1 0 1.000000
Material_0
0  0.625189 4.239352 3.327366  0.968583 0.248659 0.003878  0.894893 0.198792 1 0 1.000000
0  0.625188 4.239351 -3.552356  0.970715 0.240235 -0.000072  0.893862 0.197944 1 0 1.000000
0  0.486215 4.378074 3.327366  0.707797 0.706324 0.011399  0.894893 0.198898 1 0 1.000000
Material_0
0  0.625188 4.239351 -3.552356  0.970715 0.240235 -0.000072  0.893862 0.197944 1 0 1.000000
0  0.347087 4.517306 3.327366  0.126440 0.991972 0.001885  0.894790 0.198898 1 0 1.000000
0  0.486215 4.378074 3.327366  0.707797 0.706324 0.011399  0.894893 0.198898 1 0 1.000000
Material_0
0  0.486215 4.378074 3.327366  0.707797 0.706324 0.011399  0.894893 0.198898 1 0 1.000000
0  0.347087 4.517306 3.327366  0.126440 0.991972 0.001885  0.894790 0.198898 1 0 1.000000
0  0.339366 4.441035 3.410994  0.851112 0.506242 0.139026  0.894893 0.198898 1 0 1.000000
Material_0
0  0.347087 4.517306 3.327366  0.126440 0.991972 0.001885  0.894790 0.198898 1 0 1.000000
0  0.339366 4.441036 3.961074  0.866953 0.491113 -0.084854  0.894893 0.199005 1 0 1.000000
0  0.339366 4.441035 3.410994  0.851112 0.506242 0.139026  0.894893 0.198898 1 0 1.000000
Material_0
0  0.339366 4.441036 3.961074  0.866953 0.491113 -0.084854  0.894893 0.199005 1 0 1.000000
0  0.428155 4.351967 3.410994  0.706174 0.706339 0.049035  0.894893 0.198898 1 0 1.000000
0  0.339366 4.441035 3.410994  0.851112 0.506242 0.139026  0.894893 0.198898 1 0 1.000000
Material_0
0  0.339366 4.441035 3.410994  0.851112 0.506242 0.139026  0.894893 0.198898 1 0 1.000000
0  0.428155 4.351967 3.410994  0.706174 0.706339 0.049035  0.894893 0.198898 1 0 1.000000
0  0.486215 4.378074 3.327366  0.707797 0.706324 0.011399  0.894893 0.198898 1 0 1.000000
Material_0
0  0.428155 4.351967 3.410994  0.706174 0.706339 0.049035  0.894893 0.198898 1 0 1.000000
0  0.625189 4.239352 3.327366  0.968583 0.248659 0.003878  0.894893 0.198792 1 0 1.000000
0  0.486215 4.378074 3.327366  0.707797 0.706324 0.011399  0.894893 0.198898 1 0 1.000000
Material_0
0  0.339366 4.441036 3.961074  0.866953 0.491113 -0.084854  0.894893 0.199005 1 0 1.000000
0  0.347087 4.517306 3.327366  0.126440 0.991972 0.001885  0.894790 0.198898 1 0 1.000000
0  0.347087 4.517307 4.046560  0.130721 0.991412 -0.003763  0.894996 0.199005 1 0 1.000000
Material_0
0  0.347087 4.517306 3.327366  0.126440 0.991972 0.001885  0.894790 0.198898 1 0 1.000000
0  -0.046208 4.517307 4.046560  -0.321888 0.946776 -0.001882  0.894893 0.199005 1 0 1.000000
0  0.347087 4.517307 4.046560  0.130721 0.991412 -0.003763  0.894996 0.199005 1 0 1.000000
Material_0
0  0.347087 4.517307 4.046560  0.130721 0.991412 -0.003763  0.894996 0.199005 1 0 1.000000
0  -0.046208 4.517307 4.046560  -0.321888 0.946776 -0.001882  0.894893 0.199005 1 0 1.000000
0  -0.046208 4.517307 9.084628  -0.255027 0.966932 -0.001884  0.895614 0.199641 1 0 1.000000
Material_0
0  -0.046208 4.517307 4.046560  -0.321888 0.946776 -0.001882  0.894893 0.199005 1 0 1.000000
0  -0.324464 4.239353 9.168256  -0.966378 0.257117 -0.001883  0.895511 0.199641 1 0 1.000000
0  -0.046208 4.517307 9.084628  -0.255027 0.966932 -0.001884  0.895614 0.199641 1 0 1.000000
Material_0
0  -0.046208 4.517307 9.084628  -0.255027 0.966932 -0.001884  0.895614 0.199641 1 0 1.000000
0  -0.324464 4.239353 9.168256  -0.966378 0.257117 -0.001883  0.895511 0.199641 1 0 1.000000
0  -0.324463 4.239354 13.869958  -0.986592 0.163196 -0.001807  0.896232 0.200171 1 0 1.000000
Material_0
0  -0.324463 4.239354 13.869958  -0.986592 0.163196 -0.001807  0.896232 0.200171 1 0 1.000000
0  -0.324464 4.239353 9.168256  -0.966378 0.257117 -0.001883  0.895511 0.199641 1 0 1.000000
0  -0.324463 3.845712 13.869959  -0.924495 -0.381189 -0.001869  0.896232 0.200065 1 0 1.000000
Material_0
0  -0.324464 4.239353 9.168256  -0.966378 0.257117 -0.001883  0.895511 0.199641 1 0 1.000000
0  -0.324464 3.845712 9.084628  -0.924482 -0.381221 -0.001833  0.895511 0.199535 1 0 1.000000
0  -0.324463 3.845712 13.869959  -0.924495 -0.381189 -0.001869  0.896232 0.200065 1 0 1.000000
Material_0
0  -0.324463 3.845712 13.869959  -0.924495 -0.381189 -0.001869  0.896232 0.200065 1 0 1.000000
0  -0.324464 3.845712 9.084628  -0.924482 -0.381221 -0.001833  0.895511 0.199535 1 0 1.000000
0  -0.046207 3.567758 13.869959  -0.383164 -0.923673 -0.003763  0.896335 0.200065 1 0 1.000000
Material_0
0  -0.324464 3.845712 9.084628  -0.924482 -0.381221 -0.001833  0.895511 0.199535 1 0 1.000000
0  -0.046207 3.567757 9.084628  -0.383168 -0.923671 -0.003782  0.895614 0.199429 1 0 1.000000
0  -0.046207 3.567758 13.869959  -0.383164 -0.923673 -0.003763  0.896335 0.200065 1 0 1.000000
Material_0
0  -0.046207 3.567758 13.869959  -0.383164 -0.923673 -0.003763  0.896335 0.200065 1 0 1.000000
0  -0.046207 3.567757 9.084628  -0.383168 -0.923671 -0.003782  0.895614 0.199429 1 0 1.000000
0  0.347089 3.567758 13.869959  0.383161 -0.923674 -0.003735  0.896438 0.199959 1 0 1.000000
Material_0
0  -0.046207 3.567757 9.084628  -0.383168 -0.923671 -0.003782  0.895614 0.199429 1 0 1.000000
0  0.347088 3.567757 9.084628  0.383164 -0.923673 -0.003757  0.895717 0.199429 1 0 1.000000
0  0.347089 3.567758 13.869959  0.383161 -0.923674 -0.003735  0.896438 0.199959 1 0 1.000000
Material_0
0  0.347089 3.567758 13.869959  0.383161 -0.923674 -0.003735  0.896438 0.199959 1 0 1.000000
0  0.347088 3.567757 9.084628  0.383164 -0.923673 -0.003757  0.895717 0.199429 1 0 1.000000
0  0.625191 3.845713 13.869959  0.908809 -0.417213 -0.000000  0.896438 0.200065 1 0 1.000000
Material_0
0  0.347088 3.567757 9.084628  0.383164 -0.923673 -0.003757  0.895717 0.199429 1 0 1.000000
0  0.625190 3.845712 9.084628  0.908815 -0.417199 -0.000000  0.895717 0.199429 1 0 1.000000
0  0.625191 3.845713 13.869959  0.908809 -0.417213 -0.000000  0.896438 0.200065 1 0 1.000000
Material_0
0  0.625191 3.845713 13.869959  0.908809 -0.417213 -0.000000  0.896438 0.200065 1 0 1.000000
0  0.625190 3.845712 9.084628  0.908815 -0.417199 -0.000000  0.895717 0.199429 1 0 1.000000
0  0.625191 4.239354 13.869958  0.966369 0.257153 -0.001878  0.896438 0.200171 1 0 1.000000
Material_0
0  0.625190 3.845712 9.084628  0.908815 -0.417199 -0.000000  0.895717 0.199429 1 0 1.000000
0  0.625190 4.042789 9.084628  0.999997 0.002249 -0.000055  0.895717 0.199535 1 0 1.000000
0  0.625191 4.239354 13.869958  0.966369 0.257153 -0.001878  0.896438 0.200171 1 0 1.000000
Material_0
0  0.625191 4.239354 13.869958  0.966369 0.257153 -0.001878  0.896438 0.200171 1 0 1.000000
0  0.625190 4.042789 9.084628  0.999997 0.002249 -0.000055  0.895717 0.199535 1 0 1.000000
0  0.625190 4.239353 9.168256  0.966381 0.257108 -0.001941  0.895820 0.199535 1 0 1.000000
Material_0
0  0.625190 4.239353 9.168256  0.966381 0.257108 -0.001941  0.895820 0.199535 1 0 1.000000
0  0.625190 4.042789 9.084628  0.999997 0.002249 -0.000055  0.895717 0.199535 1 0 1.000000
0  0.567130 4.087834 8.999143  0.955496 0.294906 -0.007598  0.895717 0.199535 1 0 1.000000
Material_0
0  0.567130 4.087834 8.999143  0.955496 0.294906 -0.007598  0.895717 0.199535 1 0 1.000000
0  0.625190 4.042789 9.084628  0.999997 0.002249 -0.000055  0.895717 0.199535 1 0 1.000000
0  0.567129 4.087322 4.046560  0.980284 0.197593 0.000011  0.894996 0.198898 1 0 1.000000
Material_0
0  0.625190 4.042789 9.084628  0.999997 0.002249 -0.000055  0.895717 0.199535 1 0 1.000000
0  0.625189 4.042788 4.046560  0.999998 0.002195 -0.000011  0.894996 0.198898 1 0 1.000000
0  0.567129 4.087322 4.046560  0.980284 0.197593 0.000011  0.894996 0.198898 1 0 1.000000
Material_0
0  0.567129 4.087322 4.046560  0.980284 0.197593 0.000011  0.894996 0.198898 1 0 1.000000
0  0.625189 4.042788 4.046560  0.999998 0.002195 -0.000011  0.894996 0.198898 1 0 1.000000
0  0.567129 4.087321 3.410994  0.997945 0.063372 0.009500  0.894893 0.198792 1 0 1.000000
Material_0
0  0.625189 4.042788 4.046560  0.999998 0.002195 -0.000011  0.894996 0.198898 1 0 1.000000
0  0.625189 4.042788 3.327366  0.999997 0.002239 0.000054  0.894893 0.198792 1 0 1.000000
0  0.567129 4.087321 3.410994  0.997945 0.063372 0.009500  0.894893 0.198792 1 0 1.000000
Material_0
0  0.567129 4.087321 3.410994  0.997945 0.063372 0.009500  0.894893 0.198792 1 0 1.000000
0  0.625189 4.042788 3.327366  0.999997 0.002239 0.000054  0.894893 0.198792 1 0 1.000000
0  0.567129 4.213246 3.410994  0.919236 0.393252 0.018933  0.894893 0.198792 1 0 1.000000
Material_0
0  0.625189 4.042788 3.327366  0.999997 0.002239 0.000054  0.894893 0.198792 1 0 1.000000
0  0.625189 4.239352 3.327366  0.968583 0.248659 0.003878  0.894893 0.198792 1 0 1.000000
0  0.567129 4.213246 3.410994  0.919236 0.393252 0.018933  0.894893 0.198792 1 0 1.000000
Material_0
0  0.625189 4.239352 3.327366  0.968583 0.248659 0.003878  0.894893 0.198792 1 0 1.000000
0  0.428155 4.351967 3.410994  0.706174 0.706339 0.049035  0.894893 0.198898 1 0 1.000000
0  0.567129 4.213246 3.410994  0.919236 0.393252 0.018933  0.894893 0.198792 1 0 1.000000
Material_0
0  0.567129 4.213246 3.410994  0.919236 0.393252 0.018933  0.894893 0.198792 1 0 1.000000
0  0.428155 4.351967 3.410994  0.706174 0.706339 0.049035  0.894893 0.198898 1 0 1.000000
0  0.478340 4.301803 3.961074  0.814830 0.579672 -0.005721  0.894996 0.198898 1 0 1.000000
Material_0
0  0.428155 4.351967 3.410994  0.706174 0.706339 0.049035  0.894893 0.198898 1 0 1.000000
0  0.339366 4.441036 3.961074  0.866953 0.491113 -0.084854  0.894893 0.199005 1 0 1.000000
0  0.478340 4.301803 3.961074  0.814830 0.579672 -0.005721  0.894996 0.198898 1 0 1.000000
Material_0
0  0.339366 4.441036 3.961074  0.866953 0.491113 -0.084854  0.894893 0.199005 1 0 1.000000
0  0.347087 4.517307 4.046560  0.130721 0.991412 -0.003763  0.894996 0.199005 1 0 1.000000
0  0.478340 4.301803 3.961074  0.814830 0.579672 -0.005721  0.894996 0.198898 1 0 1.000000
Material_0
0  0.478340 4.301803 3.961074  0.814830 0.579672 -0.005721  0.894996 0.198898 1 0 1.000000
0  0.347087 4.517307 4.046560  0.130721 0.991412 -0.003763  0.894996 0.199005 1 0 1.000000
0  0.486215 4.378074 4.046560  0.772473 0.635047 -0.000038  0.894996 0.199005 1 0 1.000000
Material_0
0  0.486215 4.378074 4.046560  0.772473 0.635047 -0.000038  0.894996 0.199005 1 0 1.000000
0  0.347087 4.517307 4.046560  0.130721 0.991412 -0.003763  0.894996 0.199005 1 0 1.000000
0  0.347088 4.517307 9.084628  0.221082 0.975253 -0.001878  0.895717 0.199641 1 0 1.000000
Material_0
0  0.347087 4.517307 4.046560  0.130721 0.991412 -0.003763  0.894996 0.199005 1 0 1.000000
0  -0.046208 4.517307 9.084628  -0.255027 0.966932 -0.001884  0.895614 0.199641 1 0 1.000000
0  0.347088 4.517307 9.084628  0.221082 0.975253 -0.001878  0.895717 0.199641 1 0 1.000000
Material_0
0  0.347088 4.517307 9.084628  0.221082 0.975253 -0.001878  0.895717 0.199641 1 0 1.000000
0  -0.046208 4.517307 9.084628  -0.255027 0.966932 -0.001884  0.895614 0.199641 1 0 1.000000
0  -0.046207 4.517308 13.869958  -0.161028 0.986950 -0.000000  0.896335 0.200278 1 0 1.000000
Material_0
0  -0.046208 4.517307 9.084628  -0.255027 0.966932 -0.001884  0.895614 0.199641 1 0 1.000000
0  -0.324463 4.239354 13.869958  -0.986592 0.163196 -0.001807  0.896232 0.200171 1 0 1.000000
0  -0.046207 4.517308 13.869958  -0.161028 0.986950 -0.000000  0.896335 0.200278 1 0 1.000000
Material_0
0  0.625190 4.042789 9.084628  0.999997 0.002249 -0.000055  0.895717 0.199535 1 0 1.000000
0  0.625190 3.845712 9.084628  0.908815 -0.417199 -0.000000  0.895717 0.199429 1 0 1.000000
0  0.625189 4.042788 4.046560  0.999998 0.002195 -0.000011  0.894996 0.198898 1 0 1.000000
Material_0
0  0.625191 4.239354 13.869958  0.966369 0.257153 -0.001878  0.896438 0.200171 1 0 1.000000
0  0.625190 4.239353 9.168256  0.966381 0.257108 -0.001941  0.895820 0.199535 1 0 1.000000
0  0.347089 4.517308 13.869958  0.221070 0.975256 -0.001937  0.896438 0.200278 1 0 1.000000
Material_0
0  0.625190 4.239353 9.168256  0.966381 0.257108 -0.001941  0.895820 0.199535 1 0 1.000000
0  0.486216 4.378075 9.084628  0.741026 0.671473 -0.001953  0.895717 0.199535 1 0 1.000000
0  0.347089 4.517308 13.869958  0.221070 0.975256 -0.001937  0.896438 0.200278 1 0 1.000000
Material_0
0  0.347089 4.517308 13.869958  0.221070 0.975256 -0.001937  0.896438 0.200278 1 0 1.000000
0  0.486216 4.378075 9.084628  0.741026 0.671473 -0.001953  0.895717 0.199535 1 0 1.000000
0  0.347088 4.517307 9.084628  0.221082 0.975253 -0.001878  0.895717 0.199641 1 0 1.000000
Material_0
0  0.347088 4.517307 9.084628  0.221082 0.975253 -0.001878  0.895717 0.199641 1 0 1.000000
0  0.486216 4.378075 9.084628  0.741026 0.671473 -0.001953  0.895717 0.199535 1 0 1.000000
0  0.486215 4.378074 4.046560  0.772473 0.635047 -0.000038  0.894996 0.199005 1 0 1.000000
Material_0
0  0.486216 4.378075 9.084628  0.741026 0.671473 -0.001953  0.895717 0.199535 1 0 1.000000
0  0.478341 4.301804 8.999143  0.885646 0.464221 -0.011377  0.895717 0.199535 1 0 1.000000
0  0.486215 4.378074 4.046560  0.772473 0.635047 -0.000038  0.894996 0.199005 1 0 1.000000
Material_0
0  0.486215 4.378074 4.046560  0.772473 0.635047 -0.000038  0.894996 0.199005 1 0 1.000000
0  0.478341 4.301804 8.999143  0.885646 0.464221 -0.011377  0.895717 0.199535 1 0 1.000000
0  0.478340 4.301803 3.961074  0.814830 0.579672 -0.005721  0.894996 0.198898 1 0 1.000000
Material_0
0  0.478341 4.301804 8.999143  0.885646 0.464221 -0.011377  0.895717 0.199535 1 0 1.000000
0  0.567130 4.213247 9.058610  0.921047 0.389224 -0.013296  0.895717 0.199535 1 0 1.000000
0  0.478340 4.301803 3.961074  0.814830 0.579672 -0.005721  0.894996 0.198898 1 0 1.000000
Material_0
0  0.478340 4.301803 3.961074  0.814830 0.579672 -0.005721  0.894996 0.198898 1 0 1.000000
0  0.567130 4.213247 9.058610  0.921047 0.389224 -0.013296  0.895717 0.199535 1 0 1.000000
0  0.567129 4.213246 4.046560  0.921143 0.389221 0.001882  0.894996 0.198898 1 0 1.000000
Material_0
0  0.567130 4.213247 9.058610  0.921047 0.389224 -0.013296  0.895717 0.199535 1 0 1.000000
0  0.567129 4.087322 4.046560  0.980284 0.197593 0.000011  0.894996 0.198898 1 0 1.000000
0  0.567129 4.213246 4.046560  0.921143 0.389221 0.001882  0.894996 0.198898 1 0 1.000000
Material_0
0  0.567129 4.087322 4.046560  0.980284 0.197593 0.000011  0.894996 0.198898 1 0 1.000000
0  0.567129 4.087321 3.410994  0.997945 0.063372 0.009500  0.894893 0.198792 1 0 1.000000
0  0.567129 4.213246 4.046560  0.921143 0.389221 0.001882  0.894996 0.198898 1 0 1.000000
Material_0
0  0.567129 4.087321 3.410994  0.997945 0.063372 0.009500  0.894893 0.198792 1 0 1.000000
0  0.567129 4.213246 3.410994  0.919236 0.393252 0.018933  0.894893 0.198792 1 0 1.000000
0  0.567129 4.213246 4.046560  0.921143 0.389221 0.001882  0.894996 0.198898 1 0 1.000000
Material_0
0  0.567129 4.213246 4.046560  0.921143 0.389221 0.001882  0.894996 0.198898 1 0 1.000000
0  0.567129 4.213246 3.410994  0.919236 0.393252 0.018933  0.894893 0.198792 1 0 1.000000
0  0.478340 4.301803 3.961074  0.814830 0.579672 -0.005721  0.894996 0.198898 1 0 1.000000
Material_0
0  0.347089 4.517308 13.869958  0.221070 0.975256 -0.001937  0.896438 0.200278 1 0 1.000000
0  0.347088 4.517307 9.084628  0.221082 0.975253 -0.001878  0.895717 0.199641 1 0 1.000000
0  -0.046207 4.517308 13.869958  -0.161028 0.986950 -0.000000  0.896335 0.200278 1 0 1.000000
Material_0
0  0.478341 4.301804 8.999143  0.885646 0.464221 -0.011377  0.895717 0.199535 1 0 1.000000
0  0.486216 4.378075 9.084628  0.741026 0.671473 -0.001953  0.895717 0.199535 1 0 1.000000
0  0.567130 4.213247 9.058610  0.921047 0.389224 -0.013296  0.895717 0.199535 1 0 1.000000
Material_0
0  0.486216 4.378075 9.084628  0.741026 0.671473 -0.001953  0.895717 0.199535 1 0 1.000000
0  0.625190 4.239353 9.168256  0.966381 0.257108 -0.001941  0.895820 0.199535 1 0 1.000000
0  0.567130 4.213247 9.058610  0.921047 0.389224 -0.013296  0.895717 0.199535 1 0 1.000000
Material_0
0  0.625190 4.239353 9.168256  0.966381 0.257108 -0.001941  0.895820 0.199535 1 0 1.000000
0  0.567130 4.087834 8.999143  0.955496 0.294906 -0.007598  0.895717 0.199535 1 0 1.000000
0  0.567130 4.213247 9.058610  0.921047 0.389224 -0.013296  0.895717 0.199535 1 0 1.000000
Material_0
0  0.567130 4.213247 9.058610  0.921047 0.389224 -0.013296  0.895717 0.199535 1 0 1.000000
0  0.567130 4.087834 8.999143  0.955496 0.294906 -0.007598  0.895717 0.199535 1 0 1.000000
0  0.567129 4.087322 4.046560  0.980284 0.197593 0.000011  0.894996 0.198898 1 0 1.000000
Material_0
0  0.703325 2.618207 10.656818  0.707028 0.707175 -0.003824  0.896026 0.199323 1 0 1.000000
0  0.703328 2.618210 30.218124  0.707859 0.706344 -0.003721  0.898910 0.201763 1 0 1.000000
0  0.944058 2.036703 10.656818  0.999969 0.002179 -0.007583  0.896026 0.199111 1 0 1.000000
Material_0
0  0.944058 2.036703 10.656818  0.999969 0.002179 -0.007583  0.896026 0.199111 1 0 1.000000
0  0.703328 2.618210 30.218124  0.707859 0.706344 -0.003721  0.898910 0.201763 1 0 1.000000
0  0.944062 2.036706 30.218126  0.999998 0.002110 -0.000000  0.898910 0.201550 1 0 1.000000
Material_0
0  0.703328 2.618210 30.218124  0.707859 0.706344 -0.003721  0.898910 0.201763 1 0 1.000000
0  0.703325 2.618207 10.656818  0.707028 0.707175 -0.003824  0.896026 0.199323 1 0 1.000000
0  0.121955 2.858797 30.218124  -0.000044 1.000000 -0.000000  0.898704 0.201869 1 0 1.000000
Material_0
0  0.703325 2.618207 10.656818  0.707028 0.707175 -0.003824  0.896026 0.199323 1 0 1.000000
0  0.121951 2.858794 10.656818  -0.000079 0.999990 -0.004387  0.895820 0.199429 1 0 1.000000
0  0.121955 2.858797 30.218124  -0.000044 1.000000 -0.000000  0.898704 0.201869 1 0 1.000000
Material_0
0  0.121955 2.858797 30.218124  -0.000044 1.000000 -0.000000  0.898704 0.201869 1 0 1.000000
0  0.121951 2.858794 10.656818  -0.000079 0.999990 -0.004387  0.895820 0.199429 1 0 1.000000
0  -0.459264 2.618210 30.218124  -0.707873 0.706330 -0.003783  0.898601 0.201869 1 0 1.000000
Material_0
0  0.121951 2.858794 10.656818  -0.000079 0.999990 -0.004387  0.895820 0.199429 1 0 1.000000
0  -0.459268 2.618207 10.656818  -0.707018 0.707186 -0.003777  0.895717 0.199429 1 0 1.000000
0  -0.459264 2.618210 30.218124  -0.707873 0.706330 -0.003783  0.898601 0.201869 1 0 1.000000
Material_0
0  -0.459264 2.618210 30.218124  -0.707873 0.706330 -0.003783  0.898601 0.201869 1 0 1.000000
0  -0.459268 2.618207 10.656818  -0.707018 0.707186 -0.003777  0.895717 0.199429 1 0 1.000000
0  -0.699998 2.036706 30.218126  -0.999998 0.002116 0.000000  0.898601 0.201763 1 0 1.000000
Material_0
0  -0.459268 2.618207 10.656818  -0.707018 0.707186 -0.003777  0.895717 0.199429 1 0 1.000000
0  -0.700001 2.036703 10.656818  -0.999971 -0.000139 -0.007557  0.895717 0.199323 1 0 1.000000
0  -0.699998 2.036706 30.218126  -0.999998 0.002116 0.000000  0.898601 0.201763 1 0 1.000000
Material_0
0  -0.699998 2.036706 30.218126  -0.999998 0.002116 0.000000  0.898601 0.201763 1 0 1.000000
0  -0.700001 2.036703 10.656818  -0.999971 -0.000139 -0.007557  0.895717 0.199323 1 0 1.000000
0  -0.459264 1.455714 30.218126  -0.707833 -0.706377 -0.001759  0.898601 0.201550 1 0 1.000000
Material_0
0  -0.700001 2.036703 10.656818  -0.999971 -0.000139 -0.007557  0.895717 0.199323 1 0 1.000000
0  -0.459268 1.455711 10.656818  -0.707286 -0.706925 -0.001906  0.895717 0.199111 1 0 1.000000
0  -0.459264 1.455714 30.218126  -0.707833 -0.706377 -0.001759  0.898601 0.201550 1 0 1.000000
Material_0
0  -0.459264 1.455714 30.218126  -0.707833 -0.706377 -0.001759  0.898601 0.201550 1 0 1.000000
0  -0.459268 1.455711 10.656818  -0.707286 -0.706925 -0.001906  0.895717 0.199111 1 0 1.000000
0  0.121955 1.214615 30.218126  -0.000050 -1.000000 0.000000  0.898704 0.201444 1 0 1.000000
Material_0
0  -0.459268 1.455711 10.656818  -0.707286 -0.706925 -0.001906  0.895717 0.199111 1 0 1.000000
0  0.121951 1.214613 10.656818  -0.000103 -0.999990 -0.004385  0.895820 0.199005 1 0 1.000000
0  0.121955 1.214615 30.218126  -0.000050 -1.000000 0.000000  0.898704 0.201444 1 0 1.000000
Material_0
0  0.121955 1.214615 30.218126  -0.000050 -1.000000 0.000000  0.898704 0.201444 1 0 1.000000
0  0.121951 1.214613 10.656818  -0.000103 -0.999990 -0.004385  0.895820 0.199005 1 0 1.000000
0  0.703328 1.455714 30.218126  0.707842 -0.706368 -0.001789  0.898910 0.201444 1 0 1.000000
Material_0
0  0.121951 1.214613 10.656818  -0.000103 -0.999990 -0.004385  0.895820 0.199005 1 0 1.000000
0  0.703325 1.455711 10.656818  0.707300 -0.706910 -0.001933  0.896026 0.199005 1 0 1.000000
0  0.703328 1.455714 30.218126  0.707842 -0.706368 -0.001789  0.898910 0.201444 1 0 1.000000
Material_0
0  0.703328 1.455714 30.218126  0.707842 -0.706368 -0.001789  0.898910 0.201444 1 0 1.000000
0  0.703325 1.455711 10.656818  0.707300 -0.706910 -0.001933  0.896026 0.199005 1 0 1.000000
0  0.944062 2.036706 30.218126  0.999998 0.002110 -0.000000  0.898910 0.201550 1 0 1.000000
Material_0
0  0.944062 2.036706 30.218126  0.999998 0.002110 -0.000000  0.898910 0.201550 1 0 1.000000
0  0.703325 1.455711 10.656818  0.707300 -0.706910 -0.001933  0.896026 0.199005 1 0 1.000000
0  0.944058 2.036703 10.656818  0.999969 0.002179 -0.007583  0.896026 0.199111 1 0 1.000000
Material_0
0  0.703325 1.455711 10.656818  0.707300 -0.706910 -0.001933  0.896026 0.199005 1 0 1.000000
0  0.847394 2.036703 10.580624  0.052921 -0.032752 -0.998061  0.896026 0.199111 1 0 1.000000
0  0.944058 2.036703 10.656818  0.999969 0.002179 -0.007583  0.896026 0.199111 1 0 1.000000
Material_0
0  0.944058 2.036703 10.656818  0.999969 0.002179 -0.007583  0.896026 0.199111 1 0 1.000000
0  0.847394 2.036703 10.580624  0.052921 -0.032752 -0.998061  0.896026 0.199111 1 0 1.000000
0  0.634919 2.549614 10.580624  0.037840 0.050305 -0.998017  0.896026 0.199323 1 0 1.000000
Material_0
0  0.847394 2.036703 10.580624  0.052921 -0.032752 -0.998061  0.896026 0.199111 1 0 1.000000
0  0.121951 2.762047 10.580624  0.000029 0.063434 -0.997986  0.895820 0.199429 1 0 1.000000
0  0.634919 2.549614 10.580624  0.037840 0.050305 -0.998017  0.896026 0.199323 1 0 1.000000
Material_0
0  0.634919 2.549614 10.580624  0.037840 0.050305 -0.998017  0.896026 0.199323 1 0 1.000000
0  0.121951 2.762047 10.580624  0.000029 0.063434 -0.997986  0.895820 0.199429 1 0 1.000000
0  0.703325 2.618207 10.656818  0.707028 0.707175 -0.003824  0.896026 0.199323 1 0 1.000000
Material_0
0  0.703325 2.618207 10.656818  0.707028 0.707175 -0.003824  0.896026 0.199323 1 0 1.000000
0  0.121951 2.762047 10.580624  0.000029 0.063434 -0.997986  0.895820 0.199429 1 0 1.000000
0  0.121951 2.858794 10.656818  -0.000079 0.999990 -0.004387  0.895820 0.199429 1 0 1.000000
Material_0
0  0.121951 2.762047 10.580624  0.000029 0.063434 -0.997986  0.895820 0.199429 1 0 1.000000
0  -0.390862 2.549614 10.580624  -0.037827 0.050291 -0.998018  0.895717 0.199323 1 0 1.000000
0  0.121951 2.858794 10.656818  -0.000079 0.999990 -0.004387  0.895820 0.199429 1 0 1.000000
Material_0
0  0.121951 2.858794 10.656818  -0.000079 0.999990 -0.004387  0.895820 0.199429 1 0 1.000000
0  -0.390862 2.549614 10.580624  -0.037827 0.050291 -0.998018  0.895717 0.199323 1 0 1.000000
0  -0.459268 2.618207 10.656818  -0.707018 0.707186 -0.003777  0.895717 0.199429 1 0 1.000000
Material_0
0  -0.390862 2.549614 10.580624  -0.037827 0.050291 -0.998018  0.895717 0.199323 1 0 1.000000
0  -0.603337 2.036703 10.580624  -0.052908 -0.037147 -0.997908  0.895717 0.199217 1 0 1.000000
0  -0.459268 2.618207 10.656818  -0.707018 0.707186 -0.003777  0.895717 0.199429 1 0 1.000000
Material_0
0  -0.459268 2.618207 10.656818  -0.707018 0.707186 -0.003777  0.895717 0.199429 1 0 1.000000
0  -0.603337 2.036703 10.580624  -0.052908 -0.037147 -0.997908  0.895717 0.199217 1 0 1.000000
0  -0.700001 2.036703 10.656818  -0.999971 -0.000139 -0.007557  0.895717 0.199323 1 0 1.000000
Material_0
0  -0.603337 2.036703 10.580624  -0.052908 -0.037147 -0.997908  0.895717 0.199217 1 0 1.000000
0  -0.390862 1.523792 10.580624  -0.037849 -0.050289 -0.998017  0.895717 0.199111 1 0 1.000000
0  -0.700001 2.036703 10.656818  -0.999971 -0.000139 -0.007557  0.895717 0.199323 1 0 1.000000
Material_0
0  -0.700001 2.036703 10.656818  -0.999971 -0.000139 -0.007557  0.895717 0.199323 1 0 1.000000
0  -0.390862 1.523792 10.580624  -0.037849 -0.050289 -0.998017  0.895717 0.199111 1 0 1.000000
0  -0.459268 1.455711 10.656818  -0.707286 -0.706925 -0.001906  0.895717 0.199111 1 0 1.000000
Material_0
0  -0.390862 1.523792 10.580624  -0.037849 -0.050289 -0.998017  0.895717 0.199111 1 0 1.000000
0  0.121951 1.311359 10.580624  0.000018 -0.063389 -0.997989  0.895820 0.199005 1 0 1.000000
0  -0.459268 1.455711 10.656818  -0.707286 -0.706925 -0.001906  0.895717 0.199111 1 0 1.000000
Material_0
0  -0.459268 1.455711 10.656818  -0.707286 -0.706925 -0.001906  0.895717 0.199111 1 0 1.000000
0  0.121951 1.311359 10.580624  0.000018 -0.063389 -0.997989  0.895820 0.199005 1 0 1.000000
0  0.121951 1.214613 10.656818  -0.000103 -0.999990 -0.004385  0.895820 0.199005 1 0 1.000000
Material_0
0  0.121951 1.311359 10.580624  0.000018 -0.063389 -0.997989  0.895820 0.199005 1 0 1.000000
0  0.634919 1.523793 10.580624  0.037811 -0.050312 -0.998018  0.896026 0.199005 1 0 1.000000
0  0.121951 1.214613 10.656818  -0.000103 -0.999990 -0.004385  0.895820 0.199005 1 0 1.000000
Material_0
0  0.121951 1.214613 10.656818  -0.000103 -0.999990 -0.004385  0.895820 0.199005 1 0 1.000000
0  0.634919 1.523793 10.580624  0.037811 -0.050312 -0.998018  0.896026 0.199005 1 0 1.000000
0  0.703325 1.455711 10.656818  0.707300 -0.706910 -0.001933  0.896026 0.199005 1 0 1.000000
Material_0
0  0.703325 1.455711 10.656818  0.707300 -0.706910 -0.001933  0.896026 0.199005 1 0 1.000000
0  0.634919 1.523793 10.580624  0.037811 -0.050312 -0.998018  0.896026 0.199005 1 0 1.000000
0  0.847394 2.036703 10.580624  0.052921 -0.032752 -0.998061  0.896026 0.199111 1 0 1.000000
Material_0
0  0.634919 1.523793 10.580624  0.037811 -0.050312 -0.998018  0.896026 0.199005 1 0 1.000000
0  0.121951 1.311359 10.580624  0.000018 -0.063389 -0.997989  0.895820 0.199005 1 0 1.000000
0  0.847394 2.036703 10.580624  0.052921 -0.032752 -0.998061  0.896026 0.199111 1 0 1.000000
Material_0
0  0.847394 2.036703 10.580624  0.052921 -0.032752 -0.998061  0.896026 0.199111 1 0 1.000000
0  0.121951 1.311359 10.580624  0.000018 -0.063389 -0.997989  0.895820 0.199005 1 0 1.000000
0  -0.603337 2.036703 10.580624  -0.052908 -0.037147 -0.997908  0.895717 0.199217 1 0 1.000000
Material_0
0  0.121951 1.311359 10.580624  0.000018 -0.063389 -0.997989  0.895820 0.199005 1 0 1.000000
0  -0.390862 1.523792 10.580624  -0.037849 -0.050289 -0.998017  0.895717 0.199111 1 0 1.000000
0  -0.603337 2.036703 10.580624  -0.052908 -0.037147 -0.997908  0.895717 0.199217 1 0 1.000000
Material_0
0  0.703325 2.618207 10.656818  0.707028 0.707175 -0.003824  0.896026 0.199323 1 0 1.000000
0  0.944058 2.036703 10.656818  0.999969 0.002179 -0.007583  0.896026 0.199111 1 0 1.000000
0  0.634919 2.549614 10.580624  0.037840 0.050305 -0.998017  0.896026 0.199323 1 0 1.000000
Material_0
0  -0.390862 2.549614 10.580624  -0.037827 0.050291 -0.998018  0.895717 0.199323 1 0 1.000000
0  0.121951 2.762047 10.580624  0.000029 0.063434 -0.997986  0.895820 0.199429 1 0 1.000000
0  -0.603337 2.036703 10.580624  -0.052908 -0.037147 -0.997908  0.895717 0.199217 1 0 1.000000
Material_0
0  -0.603337 2.036703 10.580624  -0.052908 -0.037147 -0.997908  0.895717 0.199217 1 0 1.000000
0  0.121951 2.762047 10.580624  0.000029 0.063434 -0.997986  0.895820 0.199429 1 0 1.000000
0  0.847394 2.036703 10.580624  0.052921 -0.032752 -0.998061  0.896026 0.199111 1 0 1.000000
Material_0
0  0.121955 1.317505 30.329630  -0.000003 0.002205 0.999998  0.898807 0.201444 1 0 1.000000
0  0.628437 1.530450 30.329630  0.000005 0.002205 0.999998  0.898910 0.201444 1 0 1.000000
0  0.410866 1.748002 30.329630  0.000011 0.002205 0.999998  0.898807 0.201550 1 0 1.000000
Material_0
0  0.410866 1.748002 30.329630  0.000011 0.002205 0.999998  0.898807 0.201550 1 0 1.000000
0  0.628437 1.530450 30.329630  0.000005 0.002205 0.999998  0.898910 0.201444 1 0 1.000000
0  0.530538 2.036706 30.329630  -0.000003 0.002205 0.999998  0.898807 0.201657 1 0 1.000000
Material_0
0  0.410866 1.748002 30.329630  0.000011 0.002205 0.999998  0.898807 0.201550 1 0 1.000000
0  0.121955 1.628220 30.329630  -0.000002 0.002205 0.999998  0.898807 0.201550 1 0 1.000000
0  0.121955 1.317505 30.329630  -0.000003 0.002205 0.999998  0.898807 0.201444 1 0 1.000000
Material_0
0  0.121955 1.317505 30.329630  -0.000003 0.002205 0.999998  0.898807 0.201444 1 0 1.000000
0  0.121955 1.628220 30.329630  -0.000002 0.002205 0.999998  0.898807 0.201550 1 0 1.000000
0  -0.384527 1.530450 30.329630  -0.000002 0.002205 0.999998  0.898601 0.201550 1 0 1.000000
Material_0
0  0.121955 1.628220 30.329630  -0.000002 0.002205 0.999998  0.898807 0.201550 1 0 1.000000
0  -0.166802 1.748002 30.329630  0.000002 0.002205 0.999998  0.898704 0.201550 1 0 1.000000
0  -0.384527 1.530450 30.329630  -0.000002 0.002205 0.999998  0.898601 0.201550 1 0 1.000000
Material_0
0  -0.384527 1.530450 30.329630  -0.000002 0.002205 0.999998  0.898601 0.201550 1 0 1.000000
0  -0.166802 1.748002 30.329630  0.000002 0.002205 0.999998  0.898704 0.201550 1 0 1.000000
0  -0.591135 2.036706 30.329630  -0.000003 0.002205 0.999998  0.898601 0.201763 1 0 1.000000
Material_0
0  -0.166802 1.748002 30.329630  0.000002 0.002205 0.999998  0.898704 0.201550 1 0 1.000000
0  -0.286474 2.036706 30.329630  0.000002 0.002205 0.999998  0.898704 0.201657 1 0 1.000000
0  -0.591135 2.036706 30.329630  -0.000003 0.002205 0.999998  0.898601 0.201763 1 0 1.000000
Material_0
0  -0.591135 2.036706 30.329630  -0.000003 0.002205 0.999998  0.898601 0.201763 1 0 1.000000
0  -0.286474 2.036706 30.329630  0.000002 0.002205 0.999998  0.898704 0.201657 1 0 1.000000
0  -0.384527 2.543474 30.329630  0.000003 0.002206 0.999998  0.898601 0.201869 1 0 1.000000
Material_0
0  -0.286474 2.036706 30.329630  0.000002 0.002205 0.999998  0.898704 0.201657 1 0 1.000000
0  -0.166802 2.325410 30.329630  0.000004 0.002207 0.999998  0.898704 0.201763 1 0 1.000000
0  -0.384527 2.543474 30.329630  0.000003 0.002206 0.999998  0.898601 0.201869 1 0 1.000000
Material_0
0  -0.384527 2.543474 30.329630  0.000003 0.002206 0.999998  0.898601 0.201869 1 0 1.000000
0  -0.166802 2.325410 30.329630  0.000004 0.002207 0.999998  0.898704 0.201763 1 0 1.000000
0  0.121955 2.755908 30.329628  0.000000 0.002210 0.999998  0.898807 0.201869 1 0 1.000000
Material_0
0  -0.166802 2.325410 30.329630  0.000004 0.002207 0.999998  0.898704 0.201763 1 0 1.000000
0  0.121955 2.445192 30.329630  -0.000002 0.002210 0.999998  0.898807 0.201763 1 0 1.000000
0  0.121955 2.755908 30.329628  0.000000 0.002210 0.999998  0.898807 0.201869 1 0 1.000000
Material_0
0  0.121955 2.755908 30.329628  0.000000 0.002210 0.999998  0.898807 0.201869 1 0 1.000000
0  0.121955 2.445192 30.329630  -0.000002 0.002210 0.999998  0.898807 0.201763 1 0 1.000000
0  0.628437 2.543474 30.329630  -0.000002 0.002207 0.999998  0.898910 0.201763 1 0 1.000000
Material_0
0  0.121955 2.445192 30.329630  -0.000002 0.002210 0.999998  0.898807 0.201763 1 0 1.000000
0  0.410866 2.325411 30.329630  -0.000002 0.002109 0.999998  0.898807 0.201763 1 0 1.000000
0  0.628437 2.543474 30.329630  -0.000002 0.002207 0.999998  0.898910 0.201763 1 0 1.000000
Material_0
0  0.628437 2.543474 30.329630  -0.000002 0.002207 0.999998  0.898910 0.201763 1 0 1.000000
0  0.410866 2.325411 30.329630  -0.000002 0.002109 0.999998  0.898807 0.201763 1 0 1.000000
0  0.835199 2.036706 30.329630  -0.000003 0.002205 0.999998  0.898910 0.201550 1 0 1.000000
Material_0
0  0.410866 2.325411 30.329630  -0.000002 0.002109 0.999998  0.898807 0.201763 1 0 1.000000
0  0.530538 2.036706 30.329630  -0.000003 0.002205 0.999998  0.898807 0.201657 1 0 1.000000
0  0.835199 2.036706 30.329630  -0.000003 0.002205 0.999998  0.898910 0.201550 1 0 1.000000
Material_0
0  0.835199 2.036706 30.329630  -0.000003 0.002205 0.999998  0.898910 0.201550 1 0 1.000000
0  0.530538 2.036706 30.329630  -0.000003 0.002205 0.999998  0.898807 0.201657 1 0 1.000000
0  0.628437 1.530450 30.329630  0.000005 0.002205 0.999998  0.898910 0.201444 1 0 1.000000
Material_0
0  2.481720 1.036471 -22.323854  0.000002 0.002212 0.999998  0.930843 0.705975 1 0 1.000000
0  2.481720 0.311639 -22.623053  0.003743 -0.706337 0.707866  0.920851 0.705975 1 0 1.000000
0  2.881037 0.311639 -22.623053  0.003779 -0.706313 0.707889  0.920851 0.711173 1 0 1.000000
Material_0
0  2.881037 0.311639 -22.623053  0.003779 -0.706313 0.707889  0.920851 0.711173 1 0 1.000000
0  2.481720 0.311639 -22.623053  0.003743 -0.706337 0.707866  0.920851 0.705975 1 0 1.000000
0  2.881037 0.011673 -23.347822  0.000049 -1.000000 -0.000023  0.930843 0.711173 1 0 1.000000
Material_0
0  2.481720 0.311639 -22.623053  0.003743 -0.706337 0.707866  0.920851 0.705975 1 0 1.000000
0  2.481719 0.011673 -23.347822  -0.000001 -1.000000 0.000006  0.930843 0.705975 1 0 1.000000
0  2.881037 0.011673 -23.347822  0.000049 -1.000000 -0.000023  0.930843 0.711173 1 0 1.000000
Material_0
0  2.881037 0.011673 -23.347822  0.000049 -1.000000 -0.000023  0.930843 0.711173 1 0 1.000000
0  2.481719 0.011673 -23.347822  -0.000001 -1.000000 0.000006  0.930843 0.705975 1 0 1.000000
0  2.881037 0.311639 -24.072590  0.000019 -0.706328 -0.707884  0.940938 0.711173 1 0 1.000000
Material_0
0  2.481719 0.011673 -23.347822  -0.000001 -1.000000 0.000006  0.930843 0.705975 1 0 1.000000
0  2.481719 0.311639 -24.072590  0.000003 -0.706354 -0.707859  0.940938 0.705975 1 0 1.000000
0  2.881037 0.311639 -24.072590  0.000019 -0.706328 -0.707884  0.940938 0.711173 1 0 1.000000
Material_0
0  2.881037 0.311639 -24.072590  0.000019 -0.706328 -0.707884  0.940938 0.711173 1 0 1.000000
0  2.481719 0.311639 -24.072590  0.000003 -0.706354 -0.707859  0.940938 0.705975 1 0 1.000000
0  2.881037 1.036471 -24.373648  0.000021 0.002181 -0.999998  0.930843 0.711173 1 0 1.000000
Material_0
0  2.481719 0.311639 -24.072590  0.000003 -0.706354 -0.707859  0.940938 0.705975 1 0 1.000000
0  2.481719 1.036471 -24.373648  0.000003 0.002145 -0.999998  0.930843 0.705975 1 0 1.000000
0  2.881037 1.036471 -24.373648  0.000021 0.002181 -0.999998  0.930843 0.711173 1 0 1.000000
Material_0
0  2.881037 1.036471 -24.373648  0.000021 0.002181 -0.999998  0.930843 0.711173 1 0 1.000000
0  2.481719 1.036471 -24.373648  0.000003 0.002145 -0.999998  0.930843 0.705975 1 0 1.000000
0  2.881037 1.761303 -24.072590  0.000018 0.706302 -0.707911  0.920851 0.711173 1 0 1.000000
Material_0
0  2.481719 1.036471 -24.373648  0.000003 0.002145 -0.999998  0.930843 0.705975 1 0 1.000000
0  2.481719 1.761303 -24.072590  -0.000001 0.706372 -0.707841  0.920851 0.705975 1 0 1.000000
0  2.881037 1.761303 -24.072590  0.000018 0.706302 -0.707911  0.920851 0.711173 1 0 1.000000
Material_0
0  2.881037 1.761303 -24.072590  0.000018 0.706302 -0.707911  0.920851 0.711173 1 0 1.000000
0  2.481719 1.761303 -24.072590  -0.000001 0.706372 -0.707841  0.920851 0.705975 1 0 1.000000
0  2.881037 2.061781 -23.347822  0.000011 1.000000 -0.000047  0.930843 0.711173 1 0 1.000000
Material_0
0  2.481719 1.761303 -24.072590  -0.000001 0.706372 -0.707841  0.920851 0.705975 1 0 1.000000
0  2.481719 2.061781 -23.347822  -0.000001 1.000000 -0.000007  0.930843 0.705975 1 0 1.000000
0  2.881037 2.061781 -23.347822  0.000011 1.000000 -0.000047  0.930843 0.711173 1 0 1.000000
Material_0
0  2.881037 2.061781 -23.347822  0.000011 1.000000 -0.000047  0.930843 0.711173 1 0 1.000000
0  2.481719 2.061781 -23.347822  -0.000001 1.000000 -0.000007  0.930843 0.705975 1 0 1.000000
0  2.881037 1.761303 -22.623053  0.000041 0.706324 0.707888  0.940938 0.711173 1 0 1.000000
Material_0
0  2.481719 2.061781 -23.347822  -0.000001 1.000000 -0.000007  0.930843 0.705975 1 0 1.000000
0  2.481719 1.761303 -22.623053  0.000001 0.706567 0.707646  0.940938 0.705975 1 0 1.000000
0  2.881037 1.761303 -22.623053  0.000041 0.706324 0.707888  0.940938 0.711173 1 0 1.000000
Material_0
0  2.881037 1.761303 -22.623053  0.000041 0.706324 0.707888  0.940938 0.711173 1 0 1.000000
0  2.481719 1.761303 -22.623053  0.000001 0.706567 0.707646  0.940938 0.705975 1 0 1.000000
0  2.881037 1.036471 -22.323854  0.000042 0.002186 0.999998  0.930843 0.711173 1 0 1.000000
Material_0
0  2.481719 1.761303 -22.623053  0.000001 0.706567 0.707646  0.940938 0.705975 1 0 1.000000
0  2.481720 1.036471 -22.323854  0.000002 0.002212 0.999998  0.930843 0.705975 1 0 1.000000
0  2.881037 1.036471 -22.323854  0.000042 0.002186 0.999998  0.930843 0.711173 1 0 1.000000
Material_0
0  2.481720 1.036471 -22.323854  0.000002 0.002212 0.999998  0.930843 0.705975 1 0 1.000000
0  2.881037 0.311639 -22.623053  0.003779 -0.706313 0.707889  0.920851 0.711173 1 0 1.000000
0  2.881037 1.036471 -22.323854  0.000042 0.002186 0.999998  0.930843 0.711173 1 0 1.000000
Material_0
0  2.881037 1.036471 -22.323854  0.000042 0.002186 0.999998  0.930843 0.711173 1 0 1.000000
0  2.881037 0.311639 -22.623053  0.003779 -0.706313 0.707889  0.920851 0.711173 1 0 1.000000
0  3.032982 0.458551 -22.769865  0.999997 0.002311 -0.000024  0.920851 0.716265 1 0 1.000000
Material_0
0  3.032982 0.458551 -22.769865  0.999997 0.002311 -0.000024  0.920851 0.716265 1 0 1.000000
0  2.881037 0.311639 -22.623053  0.003779 -0.706313 0.707889  0.920851 0.711173 1 0 1.000000
0  3.032982 0.218988 -23.347822  0.999997 0.002247 0.000063  0.930843 0.716265 1 0 1.000000
Material_0
0  2.881037 0.311639 -22.623053  0.003779 -0.706313 0.707889  0.920851 0.711173 1 0 1.000000
0  2.881037 0.011673 -23.347822  0.000049 -1.000000 -0.000023  0.930843 0.711173 1 0 1.000000
0  3.032982 0.218988 -23.347822  0.999997 0.002247 0.000063  0.930843 0.716265 1 0 1.000000
Material_0
0  3.032982 0.218988 -23.347822  0.999997 0.002247 0.000063  0.930843 0.716265 1 0 1.000000
0  2.881037 0.011673 -23.347822  0.000049 -1.000000 -0.000023  0.930843 0.711173 1 0 1.000000
0  3.032982 0.458551 -23.925777  0.999998 0.002186 0.000096  0.940938 0.716265 1 0 1.000000
Material_0
0  2.881037 0.011673 -23.347822  0.000049 -1.000000 -0.000023  0.930843 0.711173 1 0 1.000000
0  2.881037 0.311639 -24.072590  0.000019 -0.706328 -0.707884  0.940938 0.711173 1 0 1.000000
0  3.032982 0.458551 -23.925777  0.999998 0.002186 0.000096  0.940938 0.716265 1 0 1.000000
Material_0
0  3.032982 0.458551 -23.925777  0.999998 0.002186 0.000096  0.940938 0.716265 1 0 1.000000
0  2.881037 0.311639 -24.072590  0.000019 -0.706328 -0.707884  0.940938 0.711173 1 0 1.000000
0  3.032982 1.036471 -24.165510  0.999998 0.002108 0.000092  0.930843 0.716265 1 0 1.000000
Material_0
0  2.881037 0.311639 -24.072590  0.000019 -0.706328 -0.707884  0.940938 0.711173 1 0 1.000000
0  2.881037 1.036471 -24.373648  0.000021 0.002181 -0.999998  0.930843 0.711173 1 0 1.000000
0  3.032982 1.036471 -24.165510  0.999998 0.002108 0.000092  0.930843 0.716265 1 0 1.000000
Material_0
0  3.032982 1.036471 -24.165510  0.999998 0.002108 0.000092  0.930843 0.716265 1 0 1.000000
0  2.881037 1.036471 -24.373648  0.000021 0.002181 -0.999998  0.930843 0.711173 1 0 1.000000
0  3.032982 1.614903 -23.927637  0.999998 0.002079 0.000015  0.920851 0.716265 1 0 1.000000
Material_0
0  2.881037 1.036471 -24.373648  0.000021 0.002181 -0.999998  0.930843 0.711173 1 0 1.000000
0  2.881037 1.761303 -24.072590  0.000018 0.706302 -0.707911  0.920851 0.711173 1 0 1.000000
0  3.032982 1.614903 -23.927637  0.999998 0.002079 0.000015  0.920851 0.716265 1 0 1.000000
Material_0
0  3.032982 1.614903 -23.927637  0.999998 0.002079 0.000015  0.920851 0.716265 1 0 1.000000
0  2.881037 1.761303 -24.072590  0.000018 0.706302 -0.707911  0.920851 0.711173 1 0 1.000000
0  3.032982 1.854467 -23.347822  0.999998 0.002089 -0.000056  0.930843 0.716265 1 0 1.000000
Material_0
0  2.881037 1.761303 -24.072590  0.000018 0.706302 -0.707911  0.920851 0.711173 1 0 1.000000
0  2.881037 2.061781 -23.347822  0.000011 1.000000 -0.000047  0.930843 0.711173 1 0 1.000000
0  3.032982 1.854467 -23.347822  0.999998 0.002089 -0.000056  0.930843 0.716265 1 0 1.000000
Material_0
0  3.032982 1.854467 -23.347822  0.999998 0.002089 -0.000056  0.930843 0.716265 1 0 1.000000
0  2.881037 2.061781 -23.347822  0.000011 1.000000 -0.000047  0.930843 0.711173 1 0 1.000000
0  3.032982 1.614904 -22.769865  0.999998 0.002145 -0.000112  0.940938 0.716265 1 0 1.000000
Material_0
0  2.881037 2.061781 -23.347822  0.000011 1.000000 -0.000047  0.930843 0.711173 1 0 1.000000
0  2.881037 1.761303 -22.623053  0.000041 0.706324 0.707888  0.940938 0.711173 1 0 1.000000
0  3.032982 1.614904 -22.769865  0.999998 0.002145 -0.000112  0.940938 0.716265 1 0 1.000000
Material_0
0  3.032982 1.614904 -22.769865  0.999998 0.002145 -0.000112  0.940938 0.716265 1 0 1.000000
0  2.881037 1.761303 -22.623053  0.000041 0.706324 0.707888  0.940938 0.711173 1 0 1.000000
0  3.032982 1.036471 -22.530134  0.999997 0.002238 -0.000053  0.930843 0.716265 1 0 1.000000
Material_0
0  2.881037 1.761303 -22.623053  0.000041 0.706324 0.707888  0.940938 0.711173 1 0 1.000000
0  2.881037 1.036471 -22.323854  0.000042 0.002186 0.999998  0.930843 0.711173 1 0 1.000000
0  3.032982 1.036471 -22.530134  0.999997 0.002238 -0.000053  0.930843 0.716265 1 0 1.000000
Material_0
0  3.032982 1.036471 -22.530134  0.999997 0.002238 -0.000053  0.930843 0.716265 1 0 1.000000
0  2.881037 1.036471 -22.323854  0.000042 0.002186 0.999998  0.930843 0.711173 1 0 1.000000
0  3.032982 0.458551 -22.769865  0.999997 0.002311 -0.000024  0.920851 0.716265 1 0 1.000000
Material_0
0  2.518007 0.756469 -23.349680  0.000000 -1.000000 -0.000031  0.552281 0.149570 1 0 1.000000
0  2.518007 0.838371 -23.150835  -0.003724 -0.706346 0.707857  0.552281 0.149676 1 0 1.000000
0  0.605883 0.756468 -23.349680  0.000000 -1.000000 -0.000027  0.555990 0.149570 1 0 1.000000
Material_0
0  0.605883 0.756468 -23.349680  0.000000 -1.000000 -0.000027  0.555990 0.149570 1 0 1.000000
0  2.518007 0.838371 -23.150835  -0.003724 -0.706346 0.707857  0.552281 0.149676 1 0 1.000000
0  0.605883 0.838370 -23.150835  -0.003724 -0.706346 0.707857  0.555990 0.149676 1 0 1.000000
Material_0
0  0.605883 0.756468 -23.349680  0.000000 -1.000000 -0.000027  0.555990 0.149570 1 0 1.000000
0  0.605883 0.838370 -23.546669  0.000000 -0.706300 -0.707912  0.555990 0.149676 1 0 1.000000
0  2.518007 0.756469 -23.349680  0.000000 -1.000000 -0.000031  0.552281 0.149570 1 0 1.000000
Material_0
0  2.518007 0.756469 -23.349680  0.000000 -1.000000 -0.000031  0.552281 0.149570 1 0 1.000000
0  0.605883 0.838370 -23.546669  0.000000 -0.706300 -0.707912  0.555990 0.149676 1 0 1.000000
0  2.518007 0.838371 -23.546669  -0.000000 -0.705875 -0.708336  0.552281 0.149676 1 0 1.000000
Material_0
0  0.605883 0.838370 -23.546669  0.000000 -0.706300 -0.707912  0.555990 0.149676 1 0 1.000000
0  0.605883 1.036983 -23.628437  -0.000001 0.002134 -0.999998  0.555990 0.149782 1 0 1.000000
0  2.518007 0.838371 -23.546669  -0.000000 -0.705875 -0.708336  0.552281 0.149676 1 0 1.000000
Material_0
0  2.518007 0.838371 -23.546669  -0.000000 -0.705875 -0.708336  0.552281 0.149676 1 0 1.000000
0  0.605883 1.036983 -23.628437  -0.000001 0.002134 -0.999998  0.555990 0.149782 1 0 1.000000
0  2.518007 1.036983 -23.628437  0.000001 0.002137 -0.999998  0.552281 0.149782 1 0 1.000000
Material_0
0  0.605883 1.036983 -23.628437  -0.000001 0.002134 -0.999998  0.555990 0.149782 1 0 1.000000
0  0.605883 1.235083 -23.546669  -0.000001 0.706297 -0.707916  0.555990 0.149994 1 0 1.000000
0  2.518007 1.036983 -23.628437  0.000001 0.002137 -0.999998  0.552281 0.149782 1 0 1.000000
Material_0
0  2.518007 1.036983 -23.628437  0.000001 0.002137 -0.999998  0.552281 0.149782 1 0 1.000000
0  0.605883 1.235083 -23.546669  -0.000001 0.706297 -0.707916  0.555990 0.149994 1 0 1.000000
0  2.518007 1.235083 -23.546669  0.000000 0.706338 -0.707875  0.552281 0.149994 1 0 1.000000
Material_0
0  0.605883 1.235083 -23.546669  -0.000001 0.706297 -0.707916  0.555990 0.149994 1 0 1.000000
0  0.605883 1.317497 -23.349680  -0.000000 1.000000 -0.000091  0.555990 0.150100 1 0 1.000000
0  2.518007 1.235083 -23.546669  0.000000 0.706338 -0.707875  0.552281 0.149994 1 0 1.000000
Material_0
0  2.518007 1.235083 -23.546669  0.000000 0.706338 -0.707875  0.552281 0.149994 1 0 1.000000
0  0.605883 1.317497 -23.349680  -0.000000 1.000000 -0.000091  0.555990 0.150100 1 0 1.000000
0  2.518007 1.317497 -23.349680  -0.000000 1.000000 -0.000034  0.552281 0.150100 1 0 1.000000
Material_0
0  0.605883 1.317497 -23.349680  -0.000000 1.000000 -0.000091  0.555990 0.150100 1 0 1.000000
0  0.605883 1.235083 -23.150835  0.000001 0.706599 0.707614  0.555990 0.149994 1 0 1.000000
0  2.518007 1.317497 -23.349680  -0.000000 1.000000 -0.000034  0.552281 0.150100 1 0 1.000000
Material_0
0  2.518007 1.317497 -23.349680  -0.000000 1.000000 -0.000034  0.552281 0.150100 1 0 1.000000
0  0.605883 1.235083 -23.150835  0.000001 0.706599 0.707614  0.555990 0.149994 1 0 1.000000
0  2.518007 1.235083 -23.150835  -0.000001 0.706252 0.707961  0.552281 0.149994 1 0 1.000000
Material_0
0  0.605883 1.235083 -23.150835  0.000001 0.706599 0.707614  0.555990 0.149994 1 0 1.000000
0  0.605883 1.036983 -23.069063  0.000002 0.002083 0.999998  0.555990 0.149782 1 0 1.000000
0  2.518007 1.235083 -23.150835  -0.000001 0.706252 0.707961  0.552281 0.149994 1 0 1.000000
Material_0
0  2.518007 1.235083 -23.150835  -0.000001 0.706252 0.707961  0.552281 0.149994 1 0 1.000000
0  0.605883 1.036983 -23.069063  0.000002 0.002083 0.999998  0.555990 0.149782 1 0 1.000000
0  2.518007 1.036983 -23.069063  -0.000001 0.002134 0.999998  0.552281 0.149782 1 0 1.000000
Material_0
0  0.605883 1.036983 -23.069063  0.000002 0.002083 0.999998  0.555990 0.149782 1 0 1.000000
0  0.605883 0.838370 -23.150835  -0.003724 -0.706346 0.707857  0.555990 0.149676 1 0 1.000000
0  2.518007 1.036983 -23.069063  -0.000001 0.002134 0.999998  0.552281 0.149782 1 0 1.000000
Material_0
0  2.518007 1.036983 -23.069063  -0.000001 0.002134 0.999998  0.552281 0.149782 1 0 1.000000
0  0.605883 0.838370 -23.150835  -0.003724 -0.706346 0.707857  0.555990 0.149676 1 0 1.000000
0  2.518007 0.838371 -23.150835  -0.003724 -0.706346 0.707857  0.552281 0.149676 1 0 1.000000
Material_0
0  1.473853 -5.512100 -18.642403  0.046246 0.995387 0.084059  0.864917 0.368631 1 0 1.000000
0  1.104955 -5.617037 -19.569733  0.765661 0.154474 -0.624420  0.864505 0.368419 1 0 1.000000
0  0.974165 -5.487018 -19.554867  0.065472 0.996190 -0.057601  0.864505 0.368525 1 0 1.000000
Material_0
0  0.974165 -5.487018 -19.554867  0.065472 0.996190 -0.057601  0.864505 0.368525 1 0 1.000000
0  1.104955 -5.617037 -19.569733  0.765661 0.154474 -0.624420  0.864505 0.368419 1 0 1.000000
0  0.502889 -5.691260 -19.974861  0.282766 0.197517 -0.938632  0.864196 0.368419 1 0 1.000000
Material_0
0  1.104955 -5.617037 -19.569733  0.765661 0.154474 -0.624420  0.864505 0.368419 1 0 1.000000
0  1.473853 -5.512100 -18.642403  0.046246 0.995387 0.084059  0.864917 0.368631 1 0 1.000000
0  1.604488 -5.642118 -18.657269  0.988748 0.098046 -0.112983  0.865020 0.368631 1 0 1.000000
Material_0
0  1.473853 -5.512100 -18.642403  0.046246 0.995387 0.084059  0.864917 0.368631 1 0 1.000000
0  1.473854 -5.824351 -15.806514  0.047620 0.990258 0.130849  0.865741 0.369162 1 0 1.000000
0  1.604488 -5.642118 -18.657269  0.988748 0.098046 -0.112983  0.865020 0.368631 1 0 1.000000
Material_0
0  1.604488 -5.642118 -18.657269  0.988748 0.098046 -0.112983  0.865020 0.368631 1 0 1.000000
0  1.473854 -5.824351 -15.806514  0.047620 0.990258 0.130849  0.865741 0.369162 1 0 1.000000
0  1.604489 -5.954370 -15.821380  0.987949 0.067614 0.139234  0.865741 0.369056 1 0 1.000000
Material_0
0  1.473854 -5.824351 -15.806514  0.047620 0.990258 0.130849  0.865741 0.369162 1 0 1.000000
0  0.974166 -5.998904 -14.910773  0.059654 0.959969 0.273679  0.865741 0.369268 1 0 1.000000
0  1.604489 -5.954370 -15.821380  0.987949 0.067614 0.139234  0.865741 0.369056 1 0 1.000000
Material_0
0  1.604489 -5.954370 -15.821380  0.987949 0.067614 0.139234  0.865741 0.369056 1 0 1.000000
0  0.974166 -5.998904 -14.910773  0.059654 0.959969 0.273679  0.865741 0.369268 1 0 1.000000
0  1.104956 -6.128922 -14.925639  0.767534 0.041526 0.639662  0.865844 0.369268 1 0 1.000000
Material_0
0  0.974166 -5.998904 -14.910773  0.059654 0.959969 0.273679  0.865741 0.369268 1 0 1.000000
0  0.462434 -6.109471 -14.652459  0.075177 0.768181 0.635803  0.865638 0.369374 1 0 1.000000
0  1.104956 -6.128922 -14.925639  0.767534 0.041526 0.639662  0.865844 0.369268 1 0 1.000000
Material_0
0  1.104956 -6.128922 -14.925639  0.767534 0.041526 0.639662  0.865844 0.369268 1 0 1.000000
0  0.462434 -6.109471 -14.652459  0.075177 0.768181 0.635803  0.865638 0.369374 1 0 1.000000
0  0.502891 -6.290679 -14.546531  0.282774 -0.041505 0.958288  0.865638 0.369374 1 0 1.000000
Material_0
0  0.462434 -6.109471 -14.652459  0.075177 0.768181 0.635803  0.865638 0.369374 1 0 1.000000
0  -0.218383 -6.109471 -14.652459  -0.075162 0.768180 0.635807  0.865329 0.369480 1 0 1.000000
0  0.502891 -6.290679 -14.546531  0.282774 -0.041505 0.958288  0.865638 0.369374 1 0 1.000000
Material_0
0  0.502891 -6.290679 -14.546531  0.282774 -0.041505 0.958288  0.865638 0.369374 1 0 1.000000
0  -0.218383 -6.109471 -14.652459  -0.075162 0.768180 0.635807  0.865329 0.369480 1 0 1.000000
0  -0.258840 -6.290679 -14.546531  -0.282836 -0.041496 0.958270  0.865329 0.369480 1 0 1.000000
Material_0
0  -0.218383 -6.109471 -14.652459  -0.075162 0.768180 0.635807  0.865329 0.369480 1 0 1.000000
0  -0.730270 -5.998904 -14.910773  -0.059662 0.959971 0.273672  0.865020 0.369586 1 0 1.000000
0  -0.258840 -6.290679 -14.546531  -0.282836 -0.041496 0.958270  0.865329 0.369480 1 0 1.000000
Material_0
0  -0.258840 -6.290679 -14.546531  -0.282836 -0.041496 0.958270  0.865329 0.369480 1 0 1.000000
0  -0.730270 -5.998904 -14.910773  -0.059662 0.959971 0.273672  0.865020 0.369586 1 0 1.000000
0  -0.860905 -6.128922 -14.925639  -0.767518 0.041523 0.639682  0.865020 0.369480 1 0 1.000000
Material_0
0  -0.730270 -5.998904 -14.910773  -0.059662 0.959971 0.273672  0.865020 0.369586 1 0 1.000000
0  -1.229649 -5.824351 -15.806514  -0.047567 0.990250 0.130926  0.864608 0.369480 1 0 1.000000
0  -0.860905 -6.128922 -14.925639  -0.767518 0.041523 0.639682  0.865020 0.369480 1 0 1.000000
Material_0
0  -0.860905 -6.128922 -14.925639  -0.767518 0.041523 0.639682  0.865020 0.369480 1 0 1.000000
0  -1.229649 -5.824351 -15.806514  -0.047567 0.990250 0.130926  0.864608 0.369480 1 0 1.000000
0  -1.360439 -5.954370 -15.821380  -0.987949 0.067617 0.139229  0.864505 0.369480 1 0 1.000000
Material_0
0  -1.229649 -5.824351 -15.806514  -0.047567 0.990250 0.130926  0.864608 0.369480 1 0 1.000000
0  -1.229650 -5.512101 -18.642403  -0.046300 0.995378 0.084135  0.863784 0.369056 1 0 1.000000
0  -1.360439 -5.954370 -15.821380  -0.987949 0.067617 0.139229  0.864505 0.369480 1 0 1.000000
Material_0
0  -1.360439 -5.954370 -15.821380  -0.987949 0.067617 0.139229  0.864505 0.369480 1 0 1.000000
0  -1.229650 -5.512101 -18.642403  -0.046300 0.995378 0.084135  0.863784 0.369056 1 0 1.000000
0  -1.360439 -5.642119 -18.657269  -0.988737 0.098082 -0.113045  0.863681 0.368950 1 0 1.000000
Material_0
0  -1.229650 -5.512101 -18.642403  -0.046300 0.995378 0.084135  0.863784 0.369056 1 0 1.000000
0  -0.730271 -5.487018 -19.554867  -0.065436 0.996194 -0.057577  0.863784 0.368737 1 0 1.000000
0  -1.360439 -5.642119 -18.657269  -0.988737 0.098082 -0.113045  0.863681 0.368950 1 0 1.000000
Material_0
0  -1.360439 -5.642119 -18.657269  -0.988737 0.098082 -0.113045  0.863681 0.368950 1 0 1.000000
0  -0.730271 -5.487018 -19.554867  -0.065436 0.996194 -0.057577  0.863784 0.368737 1 0 1.000000
0  -0.860906 -5.617037 -19.569733  -0.765692 0.154505 -0.624375  0.863681 0.368737 1 0 1.000000
Material_0
0  -0.730271 -5.487018 -19.554867  -0.065436 0.996194 -0.057577  0.863784 0.368737 1 0 1.000000
0  -0.218539 -5.537694 -19.831764  -0.074898 0.888679 -0.452371  0.863887 0.368631 1 0 1.000000
0  -0.860906 -5.617037 -19.569733  -0.765692 0.154505 -0.624375  0.863681 0.368737 1 0 1.000000
Material_0
0  -0.860906 -5.617037 -19.569733  -0.765692 0.154505 -0.624375  0.863681 0.368737 1 0 1.000000
0  -0.218539 -5.537694 -19.831764  -0.074898 0.888679 -0.452371  0.863887 0.368631 1 0 1.000000
0  -0.258841 -5.691260 -19.974861  -0.282785 0.197486 -0.938633  0.863887 0.368525 1 0 1.000000
Material_0
0  -0.218539 -5.537694 -19.831764  -0.074898 0.888679 -0.452371  0.863887 0.368631 1 0 1.000000
0  0.462433 -5.537694 -19.831764  0.074884 0.888673 -0.452386  0.864196 0.368525 1 0 1.000000
0  -0.258841 -5.691260 -19.974861  -0.282785 0.197486 -0.938633  0.863887 0.368525 1 0 1.000000
Material_0
0  -0.258841 -5.691260 -19.974861  -0.282785 0.197486 -0.938633  0.863887 0.368525 1 0 1.000000
0  0.462433 -5.537694 -19.831764  0.074884 0.888673 -0.452386  0.864196 0.368525 1 0 1.000000
0  0.502889 -5.691260 -19.974861  0.282766 0.197517 -0.938632  0.864196 0.368419 1 0 1.000000
Material_0
0  0.462433 -5.537694 -19.831764  0.074884 0.888673 -0.452386  0.864196 0.368525 1 0 1.000000
0  0.974165 -5.487018 -19.554867  0.065472 0.996190 -0.057601  0.864505 0.368525 1 0 1.000000
0  0.502889 -5.691260 -19.974861  0.282766 0.197517 -0.938632  0.864196 0.368419 1 0 1.000000
Material_0
0  1.104955 -6.751890 -19.694244  0.767535 -0.041517 -0.639661  0.864505 0.367889 1 0 1.000000
0  0.462433 -6.771342 -19.967426  0.075451 -0.768159 -0.635797  0.864093 0.367995 1 0 1.000000
0  0.502890 -6.590135 -20.073357  0.282775 0.041498 -0.958288  0.864093 0.367995 1 0 1.000000
Material_0
0  0.462433 -6.771342 -19.967426  0.075451 -0.768159 -0.635797  0.864093 0.367995 1 0 1.000000
0  -0.218384 -6.771342 -19.967426  -0.075455 -0.768179 -0.635773  0.863887 0.368101 1 0 1.000000
0  0.502890 -6.590135 -20.073357  0.282775 0.041498 -0.958288  0.864093 0.367995 1 0 1.000000
Material_0
0  0.462433 -6.771342 -19.967426  0.075451 -0.768159 -0.635797  0.864093 0.367995 1 0 1.000000
0  1.104955 -6.751890 -19.694244  0.767535 -0.041517 -0.639661  0.864505 0.367889 1 0 1.000000
0  0.974165 -6.881910 -19.709112  0.059941 -0.959972 -0.273609  0.864402 0.367889 1 0 1.000000
Material_0
0  1.104955 -6.751890 -19.694244  0.767535 -0.041517 -0.639661  0.864505 0.367889 1 0 1.000000
0  1.604488 -6.926444 -18.798506  0.987950 -0.067575 -0.139240  0.864917 0.367995 1 0 1.000000
0  0.974165 -6.881910 -19.709112  0.059941 -0.959972 -0.273609  0.864402 0.367889 1 0 1.000000
Material_0
0  0.974165 -6.881910 -19.709112  0.059941 -0.959972 -0.273609  0.864402 0.367889 1 0 1.000000
0  1.604488 -6.926444 -18.798506  0.987950 -0.067575 -0.139240  0.864917 0.367995 1 0 1.000000
0  1.473853 -7.056463 -18.813374  0.044429 -0.990262 -0.131934  0.864917 0.367889 1 0 1.000000
Material_0
0  1.604488 -6.926444 -18.798506  0.987950 -0.067575 -0.139240  0.864917 0.367995 1 0 1.000000
0  1.604489 -7.239206 -15.962617  0.988746 -0.098073 0.112971  0.865741 0.368419 1 0 1.000000
0  1.473853 -7.056463 -18.813374  0.044429 -0.990262 -0.131934  0.864917 0.367889 1 0 1.000000
Material_0
0  1.473853 -7.056463 -18.813374  0.044429 -0.990262 -0.131934  0.864917 0.367889 1 0 1.000000
0  1.604489 -7.239206 -15.962617  0.988746 -0.098073 0.112971  0.865741 0.368419 1 0 1.000000
0  1.473854 -7.369226 -15.977485  0.043974 -0.995383 -0.085313  0.865638 0.368419 1 0 1.000000
Material_0
0  1.604489 -7.239206 -15.962617  0.988746 -0.098073 0.112971  0.865741 0.368419 1 0 1.000000
0  1.104956 -7.264289 -15.050151  0.765658 -0.154484 0.624421  0.865741 0.368737 1 0 1.000000
0  1.473854 -7.369226 -15.977485  0.043974 -0.995383 -0.085313  0.865638 0.368419 1 0 1.000000
Material_0
0  1.473854 -7.369226 -15.977485  0.043974 -0.995383 -0.085313  0.865638 0.368419 1 0 1.000000
0  1.104956 -7.264289 -15.050151  0.765658 -0.154484 0.624421  0.865741 0.368737 1 0 1.000000
0  0.974166 -7.394307 -15.065019  0.061645 -0.996195 0.061603  0.865741 0.368631 1 0 1.000000
Material_0
0  1.104956 -7.264289 -15.050151  0.765658 -0.154484 0.624421  0.865741 0.368737 1 0 1.000000
0  0.502891 -7.190065 -14.645025  0.282769 -0.197511 0.938633  0.865638 0.368950 1 0 1.000000
0  0.974166 -7.394307 -15.065019  0.061645 -0.996195 0.061603  0.865741 0.368631 1 0 1.000000
Material_0
0  0.974166 -7.394307 -15.065019  0.061645 -0.996195 0.061603  0.865741 0.368631 1 0 1.000000
0  0.502891 -7.190065 -14.645025  0.282769 -0.197511 0.938633  0.865638 0.368950 1 0 1.000000
0  0.462434 -7.343631 -14.788119  0.079024 -0.888666 0.451694  0.865638 0.368843 1 0 1.000000
Material_0
0  0.502891 -7.190065 -14.645025  0.282769 -0.197511 0.938633  0.865638 0.368950 1 0 1.000000
0  -0.258840 -7.190065 -14.645025  -0.282784 -0.197477 0.938635  0.865329 0.369056 1 0 1.000000
0  0.462434 -7.343631 -14.788119  0.079024 -0.888666 0.451694  0.865638 0.368843 1 0 1.000000
Material_0
0  0.462434 -7.343631 -14.788119  0.079024 -0.888666 0.451694  0.865638 0.368843 1 0 1.000000
0  -0.258840 -7.190065 -14.645025  -0.282784 -0.197477 0.938635  0.865329 0.369056 1 0 1.000000
0  -0.218537 -7.343631 -14.788119  -0.079005 -0.888676 0.451677  0.865329 0.368950 1 0 1.000000
Material_0
0  -0.258840 -7.190065 -14.645025  -0.282784 -0.197477 0.938635  0.865329 0.369056 1 0 1.000000
0  -0.860905 -7.264289 -15.050151  -0.765700 -0.154461 0.624376  0.864917 0.368950 1 0 1.000000
0  -0.218537 -7.343631 -14.788119  -0.079005 -0.888676 0.451677  0.865329 0.368950 1 0 1.000000
Material_0
0  -0.218537 -7.343631 -14.788119  -0.079005 -0.888676 0.451677  0.865329 0.368950 1 0 1.000000
0  -0.860905 -7.264289 -15.050151  -0.765700 -0.154461 0.624376  0.864917 0.368950 1 0 1.000000
0  -0.730270 -7.394307 -15.065019  -0.061669 -0.996191 0.061650  0.865020 0.368950 1 0 1.000000
Material_0
0  -0.860905 -7.264289 -15.050151  -0.765700 -0.154461 0.624376  0.864917 0.368950 1 0 1.000000
0  -1.360439 -7.239206 -15.962617  -0.988741 -0.098057 0.113034  0.864505 0.368843 1 0 1.000000
0  -0.730270 -7.394307 -15.065019  -0.061669 -0.996191 0.061650  0.865020 0.368950 1 0 1.000000
Material_0
0  -0.730270 -7.394307 -15.065019  -0.061669 -0.996191 0.061650  0.865020 0.368950 1 0 1.000000
0  -1.360439 -7.239206 -15.962617  -0.988741 -0.098057 0.113034  0.864505 0.368843 1 0 1.000000
0  -1.229649 -7.369226 -15.977485  -0.044010 -0.995375 -0.085391  0.864505 0.368737 1 0 1.000000
Material_0
0  -1.360439 -7.239206 -15.962617  -0.988741 -0.098057 0.113034  0.864505 0.368843 1 0 1.000000
0  -1.360439 -6.926444 -18.798506  -0.987951 -0.067579 -0.139235  0.863681 0.368419 1 0 1.000000
0  -1.229649 -7.369226 -15.977485  -0.044010 -0.995375 -0.085391  0.864505 0.368737 1 0 1.000000
Material_0
0  -1.229649 -7.369226 -15.977485  -0.044010 -0.995375 -0.085391  0.864505 0.368737 1 0 1.000000
0  -1.360439 -6.926444 -18.798506  -0.987951 -0.067579 -0.139235  0.863681 0.368419 1 0 1.000000
0  -1.229649 -7.056463 -18.813374  -0.044437 -0.990249 -0.132029  0.863784 0.368313 1 0 1.000000
Material_0
0  -1.360439 -6.926444 -18.798506  -0.987951 -0.067579 -0.139235  0.863681 0.368419 1 0 1.000000
0  -0.860906 -6.751890 -19.694244  -0.767522 -0.041509 -0.639677  0.863681 0.368207 1 0 1.000000
0  -1.229649 -7.056463 -18.813374  -0.044437 -0.990249 -0.132029  0.863784 0.368313 1 0 1.000000
Material_0
0  -1.229649 -7.056463 -18.813374  -0.044437 -0.990249 -0.132029  0.863784 0.368313 1 0 1.000000
0  -0.860906 -6.751890 -19.694244  -0.767522 -0.041509 -0.639677  0.863681 0.368207 1 0 1.000000
0  -0.730271 -6.881910 -19.709112  -0.059923 -0.959955 -0.273671  0.863681 0.368101 1 0 1.000000
Material_0
0  -0.860906 -6.751890 -19.694244  -0.767522 -0.041509 -0.639677  0.863681 0.368207 1 0 1.000000
0  -0.258841 -6.590135 -20.073357  -0.282835 0.041491 -0.958271  0.863784 0.368101 1 0 1.000000
0  -0.730271 -6.881910 -19.709112  -0.059923 -0.959955 -0.273671  0.863681 0.368101 1 0 1.000000
Material_0
0  -0.730271 -6.881910 -19.709112  -0.059923 -0.959955 -0.273671  0.863681 0.368101 1 0 1.000000
0  -0.258841 -6.590135 -20.073357  -0.282835 0.041491 -0.958271  0.863784 0.368101 1 0 1.000000
0  -0.218384 -6.771342 -19.967426  -0.075455 -0.768179 -0.635773  0.863887 0.368101 1 0 1.000000
Material_0
0  -0.258841 -6.590135 -20.073357  -0.282835 0.041491 -0.958271  0.863784 0.368101 1 0 1.000000
0  0.502890 -6.590135 -20.073357  0.282775 0.041498 -0.958288  0.864093 0.367995 1 0 1.000000
0  -0.218384 -6.771342 -19.967426  -0.075455 -0.768179 -0.635773  0.863887 0.368101 1 0 1.000000
Material_0
0  -0.351181 3.746403 -7.618492  -0.995886 0.002143 0.090595  0.893038 0.197413 1 0 1.000000
0  -0.337746 3.778652 -7.598049  -0.939781 0.252810 0.229998  0.893038 0.197413 1 0 1.000000
0  -0.494941 3.905600 -7.843355  -0.907261 -0.076408 0.413570  0.893038 0.197413 1 0 1.000000
Material_0
0  -0.337746 3.778652 -7.598049  -0.939781 0.252810 0.229998  0.893038 0.197413 1 0 1.000000
0  -0.449852 3.925051 -7.774595  -0.835306 0.028414 0.549050  0.893038 0.197413 1 0 1.000000
0  -0.494941 3.905600 -7.843355  -0.907261 -0.076408 0.413570  0.893038 0.197413 1 0 1.000000
Material_0
0  -0.337746 3.778652 -7.598049  -0.939781 0.252810 0.229998  0.893038 0.197413 1 0 1.000000
0  -0.351181 3.746403 -7.618492  -0.995886 0.002143 0.090595  0.893038 0.197413 1 0 1.000000
0  -0.337746 3.778652 -5.178439  -0.938869 0.252826 -0.233674  0.893450 0.197731 1 0 1.000000
Material_0
0  -0.351181 3.746403 -7.618492  -0.995886 0.002143 0.090595  0.893038 0.197413 1 0 1.000000
0  -0.351180 3.746403 -5.159855  -0.995887 0.002169 -0.090574  0.893450 0.197731 1 0 1.000000
0  -0.337746 3.778652 -5.178439  -0.938869 0.252826 -0.233674  0.893450 0.197731 1 0 1.000000
Material_0
0  -0.337746 3.778652 -5.178439  -0.938869 0.252826 -0.233674  0.893450 0.197731 1 0 1.000000
0  -0.351180 3.746403 -5.159855  -0.995887 0.002169 -0.090574  0.893450 0.197731 1 0 1.000000
0  -0.449851 3.925052 -5.001893  -0.835310 0.028413 -0.549044  0.893450 0.197838 1 0 1.000000
Material_0
0  -0.351180 3.746403 -5.159855  -0.995887 0.002169 -0.090574  0.893450 0.197731 1 0 1.000000
0  -0.494941 3.905600 -4.934991  -0.907262 -0.076406 -0.413568  0.893450 0.197838 1 0 1.000000
0  -0.449851 3.925052 -5.001893  -0.835310 0.028413 -0.549044  0.893450 0.197838 1 0 1.000000
Material_0
0  -0.449851 3.925052 -5.001893  -0.835310 0.028413 -0.549044  0.893450 0.197838 1 0 1.000000
0  -0.494941 3.905600 -4.934991  -0.907262 -0.076406 -0.413568  0.893450 0.197838 1 0 1.000000
0  -0.453249 4.273647 -5.001893  -0.835634 0.002173 -0.549282  0.893450 0.197838 1 0 1.000000
Material_0
0  -0.494941 3.905600 -4.934991  -0.907262 -0.076406 -0.413568  0.893450 0.197838 1 0 1.000000
0  -0.496176 4.292587 -4.934991  -0.906659 0.098185 -0.410280  0.893450 0.197944 1 0 1.000000
0  -0.453249 4.273647 -5.001893  -0.835634 0.002173 -0.549282  0.893450 0.197838 1 0 1.000000
Material_0
0  -0.453249 4.273647 -5.001893  -0.835634 0.002173 -0.549282  0.893450 0.197838 1 0 1.000000
0  -0.496176 4.292587 -4.934991  -0.906659 0.098185 -0.410280  0.893450 0.197944 1 0 1.000000
0  -0.335739 4.408273 -5.176581  -0.948123 -0.188929 -0.255673  0.893450 0.197838 1 0 1.000000
Material_0
0  -0.496176 4.292587 -4.934991  -0.906659 0.098185 -0.410280  0.893450 0.197944 1 0 1.000000
0  -0.345467 4.434891 -5.161714  -0.990606 0.102477 -0.090540  0.893450 0.197838 1 0 1.000000
0  -0.335739 4.408273 -5.176581  -0.948123 -0.188929 -0.255673  0.893450 0.197838 1 0 1.000000
Material_0
0  -0.335739 4.408273 -5.176581  -0.948123 -0.188929 -0.255673  0.893450 0.197838 1 0 1.000000
0  -0.345467 4.434891 -5.161714  -0.990606 0.102477 -0.090540  0.893450 0.197838 1 0 1.000000
0  -0.335739 4.408273 -7.599909  -0.947133 -0.188932 0.259313  0.893038 0.197625 1 0 1.000000
Material_0
0  -0.345467 4.434891 -5.161714  -0.990606 0.102477 -0.090540  0.893450 0.197838 1 0 1.000000
0  -0.345467 4.434891 -7.616634  -0.990606 0.102498 0.090518  0.893038 0.197625 1 0 1.000000
0  -0.335739 4.408273 -7.599909  -0.947133 -0.188932 0.259313  0.893038 0.197625 1 0 1.000000
Material_0
0  -0.335739 4.408273 -7.599909  -0.947133 -0.188932 0.259313  0.893038 0.197625 1 0 1.000000
0  -0.345467 4.434891 -7.616634  -0.990606 0.102498 0.090518  0.893038 0.197625 1 0 1.000000
0  -0.453249 4.273646 -7.774596  -0.835652 0.002202 0.549254  0.893038 0.197519 1 0 1.000000
Material_0
0  -0.345467 4.434891 -7.616634  -0.990606 0.102498 0.090518  0.893038 0.197625 1 0 1.000000
0  -0.496177 4.292586 -7.841498  -0.906658 0.098199 0.410279  0.893038 0.197519 1 0 1.000000
0  -0.453249 4.273646 -7.774596  -0.835652 0.002202 0.549254  0.893038 0.197519 1 0 1.000000
Material_0
0  -0.453249 4.273646 -7.774596  -0.835652 0.002202 0.549254  0.893038 0.197519 1 0 1.000000
0  -0.496177 4.292586 -7.841498  -0.906658 0.098199 0.410279  0.893038 0.197519 1 0 1.000000
0  -0.449852 3.925051 -7.774595  -0.835306 0.028414 0.549050  0.893038 0.197413 1 0 1.000000
Material_0
0  -0.449852 3.925051 -7.774595  -0.835306 0.028414 0.549050  0.893038 0.197413 1 0 1.000000
0  -0.496177 4.292586 -7.841498  -0.906658 0.098199 0.410279  0.893038 0.197519 1 0 1.000000
0  -0.494941 3.905600 -7.843355  -0.907261 -0.076408 0.413570  0.893038 0.197413 1 0 1.000000
Material_0
0  -0.496177 4.292586 -7.841498  -0.906658 0.098199 0.410279  0.893038 0.197519 1 0 1.000000
0  -0.554391 3.880005 -8.042202  -0.941032 -0.154479 0.300992  0.892935 0.197413 1 0 1.000000
0  -0.494941 3.905600 -7.843355  -0.907261 -0.076408 0.413570  0.893038 0.197413 1 0 1.000000
Material_0
0  -0.554391 3.880005 -8.042202  -0.941032 -0.154479 0.300992  0.892935 0.197413 1 0 1.000000
0  -0.339754 3.599491 -7.743003  -0.992177 -0.115570 0.047208  0.893038 0.197307 1 0 1.000000
0  -0.494941 3.905600 -7.843355  -0.907261 -0.076408 0.413570  0.893038 0.197413 1 0 1.000000
Material_0
0  -0.494941 3.905600 -7.843355  -0.907261 -0.076408 0.413570  0.893038 0.197413 1 0 1.000000
0  -0.339754 3.599491 -7.743003  -0.992177 -0.115570 0.047208  0.893038 0.197307 1 0 1.000000
0  -0.351181 3.746403 -7.618492  -0.995886 0.002143 0.090595  0.893038 0.197413 1 0 1.000000
Material_0
0  -0.339754 3.599491 -7.743003  -0.992177 -0.115570 0.047208  0.893038 0.197307 1 0 1.000000
0  -0.339753 3.599492 -5.033486  -0.992346 -0.115594 -0.043444  0.893450 0.197731 1 0 1.000000
0  -0.351181 3.746403 -7.618492  -0.995886 0.002143 0.090595  0.893038 0.197413 1 0 1.000000
Material_0
0  -0.351181 3.746403 -7.618492  -0.995886 0.002143 0.090595  0.893038 0.197413 1 0 1.000000
0  -0.339753 3.599492 -5.033486  -0.992346 -0.115594 -0.043444  0.893450 0.197731 1 0 1.000000
0  -0.351180 3.746403 -5.159855  -0.995887 0.002169 -0.090574  0.893450 0.197731 1 0 1.000000
Material_0
0  -0.339753 3.599492 -5.033486  -0.992346 -0.115594 -0.043444  0.893450 0.197731 1 0 1.000000
0  -0.554391 3.880006 -4.734286  -0.941030 -0.154483 -0.300995  0.893450 0.197838 1 0 1.000000
0  -0.351180 3.746403 -5.159855  -0.995887 0.002169 -0.090574  0.893450 0.197731 1 0 1.000000
Material_0
0  -0.351180 3.746403 -5.159855  -0.995887 0.002169 -0.090574  0.893450 0.197731 1 0 1.000000
0  -0.554391 3.880006 -4.734286  -0.941030 -0.154483 -0.300995  0.893450 0.197838 1 0 1.000000
0  -0.494941 3.905600 -4.934991  -0.907262 -0.076406 -0.413568  0.893450 0.197838 1 0 1.000000
Material_0
0  -0.554391 3.880006 -4.734286  -0.941030 -0.154483 -0.300995  0.893450 0.197838 1 0 1.000000
0  -0.554082 4.317669 -4.734286  -0.936670 0.176035 -0.302754  0.893450 0.197944 1 0 1.000000
0  -0.494941 3.905600 -4.934991  -0.907262 -0.076406 -0.413568  0.893450 0.197838 1 0 1.000000
Material_0
0  -0.494941 3.905600 -4.934991  -0.907262 -0.076406 -0.413568  0.893450 0.197838 1 0 1.000000
0  -0.554082 4.317669 -4.734286  -0.936670 0.176035 -0.302754  0.893450 0.197944 1 0 1.000000
0  -0.496176 4.292587 -4.934991  -0.906659 0.098185 -0.410280  0.893450 0.197944 1 0 1.000000
Material_0
0  -0.554082 4.317669 -4.734286  -0.936670 0.176035 -0.302754  0.893450 0.197944 1 0 1.000000
0  -0.326474 4.579244 -5.033485  -0.984089 0.171790 -0.045359  0.893450 0.197944 1 0 1.000000
0  -0.496176 4.292587 -4.934991  -0.906659 0.098185 -0.410280  0.893450 0.197944 1 0 1.000000
Material_0
0  -0.496176 4.292587 -4.934991  -0.906659 0.098185 -0.410280  0.893450 0.197944 1 0 1.000000
0  -0.326474 4.579244 -5.033485  -0.984089 0.171790 -0.045359  0.893450 0.197944 1 0 1.000000
0  -0.345467 4.434891 -5.161714  -0.990606 0.102477 -0.090540  0.893450 0.197838 1 0 1.000000
Material_0
0  -0.326474 4.579244 -5.033485  -0.984089 0.171790 -0.045359  0.893450 0.197944 1 0 1.000000
0  -0.326474 4.579243 -7.743004  -0.984090 0.171786 0.045353  0.893038 0.197625 1 0 1.000000
0  -0.345467 4.434891 -5.161714  -0.990606 0.102477 -0.090540  0.893450 0.197838 1 0 1.000000
Material_0
0  -0.345467 4.434891 -5.161714  -0.990606 0.102477 -0.090540  0.893450 0.197838 1 0 1.000000
0  -0.326474 4.579243 -7.743004  -0.984090 0.171786 0.045353  0.893038 0.197625 1 0 1.000000
0  -0.345467 4.434891 -7.616634  -0.990606 0.102498 0.090518  0.893038 0.197625 1 0 1.000000
Material_0
0  -0.326474 4.579243 -7.743004  -0.984090 0.171786 0.045353  0.893038 0.197625 1 0 1.000000
0  -0.554082 4.317669 -8.042203  -0.937829 0.176022 0.299155  0.892935 0.197519 1 0 1.000000
0  -0.345467 4.434891 -7.616634  -0.990606 0.102498 0.090518  0.893038 0.197625 1 0 1.000000
Material_0
0  -0.345467 4.434891 -7.616634  -0.990606 0.102498 0.090518  0.893038 0.197625 1 0 1.000000
0  -0.554082 4.317669 -8.042203  -0.937829 0.176022 0.299155  0.892935 0.197519 1 0 1.000000
0  -0.496177 4.292586 -7.841498  -0.906658 0.098199 0.410279  0.893038 0.197519 1 0 1.000000
Material_0
0  -0.554082 4.317669 -8.042203  -0.937829 0.176022 0.299155  0.892935 0.197519 1 0 1.000000
0  -0.554391 3.880005 -8.042202  -0.941032 -0.154479 0.300992  0.892935 0.197413 1 0 1.000000
0  -0.496177 4.292586 -7.841498  -0.906658 0.098199 0.410279  0.893038 0.197519 1 0 1.000000
Material_0
0  -0.864303 8.183439 -9.679437  -0.360058 0.369054 0.856830  0.153839 0.907533 1 0 1.000000
0  -1.350094 7.197033 -9.787222  -0.999543 0.002212 0.030153  0.153324 0.906684 1 0 1.000000
0  -1.272886 7.197033 -9.679436  -0.517150 -0.032780 0.855267  0.153530 0.906790 1 0 1.000000
Material_0
0  -1.350094 7.197033 -9.787222  -0.999543 0.002212 0.030153  0.153324 0.906684 1 0 1.000000
0  -0.918812 6.156367 -9.787222  -0.707334 -0.706313 0.028312  0.153736 0.905623 1 0 1.000000
0  -1.272886 7.197033 -9.679436  -0.517150 -0.032780 0.855267  0.153530 0.906790 1 0 1.000000
Material_0
0  -1.350094 7.197033 -9.787222  -0.999543 0.002212 0.030153  0.153324 0.906684 1 0 1.000000
0  -0.864303 8.183439 -9.679437  -0.360058 0.369054 0.856830  0.153839 0.907533 1 0 1.000000
0  -0.918812 8.238211 -9.787223  -0.707040 0.706361 0.033896  0.153736 0.907533 1 0 1.000000
Material_0
0  -0.864303 8.183439 -9.679437  -0.360058 0.369054 0.856830  0.153839 0.907533 1 0 1.000000
0  0.122101 8.591925 -9.679437  0.003759 0.513862 0.857865  0.154766 0.907639 1 0 1.000000
0  -0.918812 8.238211 -9.787223  -0.707040 0.706361 0.033896  0.153736 0.907533 1 0 1.000000
Material_0
0  -0.918812 8.238211 -9.787223  -0.707040 0.706361 0.033896  0.153736 0.907533 1 0 1.000000
0  0.122101 8.591925 -9.679437  0.003759 0.513862 0.857865  0.154766 0.907639 1 0 1.000000
0  0.122101 8.669220 -9.787223  -0.003541 0.999533 0.030342  0.154663 0.907639 1 0 1.000000
Material_0
0  0.122101 8.591925 -9.679437  0.003759 0.513862 0.857865  0.154766 0.907639 1 0 1.000000
0  1.108506 8.183439 -9.679438  0.370408 0.360939 0.855874  0.155693 0.907002 1 0 1.000000
0  0.122101 8.669220 -9.787223  -0.003541 0.999533 0.030342  0.154663 0.907639 1 0 1.000000
Material_0
0  0.122101 8.669220 -9.787223  -0.003541 0.999533 0.030342  0.154663 0.907639 1 0 1.000000
0  1.108506 8.183439 -9.679438  0.370408 0.360939 0.855874  0.155693 0.907002 1 0 1.000000
0  1.163015 8.238211 -9.787223  0.707063 0.706338 0.033891  0.155693 0.907002 1 0 1.000000
Material_0
0  1.108506 8.183439 -9.679438  0.370408 0.360939 0.855874  0.155693 0.907002 1 0 1.000000
0  1.517089 7.197034 -9.679437  0.517119 -0.032768 0.855286  0.156002 0.905942 1 0 1.000000
0  1.163015 8.238211 -9.787223  0.707063 0.706338 0.033891  0.155693 0.907002 1 0 1.000000
Material_0
0  1.163015 8.238211 -9.787223  0.707063 0.706338 0.033891  0.155693 0.907002 1 0 1.000000
0  1.517089 7.197034 -9.679437  0.517119 -0.032768 0.855286  0.156002 0.905942 1 0 1.000000
0  1.594296 7.197034 -9.787223  0.999543 0.002160 0.030152  0.156002 0.905836 1 0 1.000000
Material_0
0  1.517089 7.197034 -9.679437  0.517119 -0.032768 0.855286  0.156002 0.905942 1 0 1.000000
0  1.108506 6.210628 -9.679437  0.356972 -0.369033 0.858129  0.155693 0.905093 1 0 1.000000
0  1.594296 7.197034 -9.787223  0.999543 0.002160 0.030152  0.156002 0.905836 1 0 1.000000
Material_0
0  1.594296 7.197034 -9.787223  0.999543 0.002160 0.030152  0.156002 0.905836 1 0 1.000000
0  1.108506 6.210628 -9.679437  0.356972 -0.369033 0.858129  0.155693 0.905093 1 0 1.000000
0  1.163015 6.156367 -9.787223  0.707291 -0.706357 0.028292  0.155693 0.904987 1 0 1.000000
Material_0
0  1.108506 6.210628 -9.679437  0.356972 -0.369033 0.858129  0.155693 0.905093 1 0 1.000000
0  0.122102 5.802141 -9.679437  -0.007570 -0.513876 0.857831  0.154766 0.905093 1 0 1.000000
0  1.163015 6.156367 -9.787223  0.707291 -0.706357 0.028292  0.155693 0.904987 1 0 1.000000
Material_0
0  1.163015 6.156367 -9.787223  0.707291 -0.706357 0.028292  0.155693 0.904987 1 0 1.000000
0  0.122102 5.802141 -9.679437  -0.007570 -0.513876 0.857831  0.154766 0.905093 1 0 1.000000
0  0.122102 5.724846 -9.787222  0.003827 -0.999533 0.030304  0.154663 0.904881 1 0 1.000000
Material_0
0  0.122102 5.802141 -9.679437  -0.007570 -0.513876 0.857831  0.154766 0.905093 1 0 1.000000
0  -0.864303 6.210627 -9.679436  -0.367386 -0.360907 0.857189  0.153839 0.905729 1 0 1.000000
0  0.122102 5.724846 -9.787222  0.003827 -0.999533 0.030304  0.154663 0.904881 1 0 1.000000
Material_0
0  0.122102 5.724846 -9.787222  0.003827 -0.999533 0.030304  0.154663 0.904881 1 0 1.000000
0  -0.864303 6.210627 -9.679436  -0.367386 -0.360907 0.857189  0.153839 0.905729 1 0 1.000000
0  -0.918812 6.156367 -9.787222  -0.707334 -0.706313 0.028312  0.153736 0.905623 1 0 1.000000
Material_0
0  -0.864303 6.210627 -9.679436  -0.367386 -0.360907 0.857189  0.153839 0.905729 1 0 1.000000
0  -1.272886 7.197033 -9.679436  -0.517150 -0.032780 0.855267  0.153530 0.906790 1 0 1.000000
0  -0.918812 6.156367 -9.787222  -0.707334 -0.706313 0.028312  0.153736 0.905623 1 0 1.000000
Material_0
0  -0.918813 8.238211 -11.820292  -0.707394 0.706327 -0.026373  0.152603 0.906684 1 0 1.000000
0  -1.279681 7.197033 -11.942943  -0.701529 -0.028401 -0.712075  0.152191 0.905729 1 0 1.000000
0  -1.350094 7.197033 -11.820291  -0.999540 0.002189 -0.030245  0.152191 0.905836 1 0 1.000000
Material_0
0  -1.279681 7.197033 -11.942943  -0.701529 -0.028401 -0.712075  0.152191 0.905729 1 0 1.000000
0  -0.869090 6.206020 -11.942944  -0.490379 -0.498788 -0.714660  0.152500 0.904669 1 0 1.000000
0  -1.350094 7.197033 -11.820291  -0.999540 0.002189 -0.030245  0.152191 0.905836 1 0 1.000000
Material_0
0  -1.279681 7.197033 -11.942943  -0.701529 -0.028401 -0.712075  0.152191 0.905729 1 0 1.000000
0  -0.918813 8.238211 -11.820292  -0.707394 0.706327 -0.026373  0.152603 0.906684 1 0 1.000000
0  -0.869091 8.188559 -11.942945  -0.496664 0.491195 -0.715579  0.152500 0.906578 1 0 1.000000
Material_0
0  -0.918813 8.238211 -11.820292  -0.707394 0.706327 -0.026373  0.152603 0.906684 1 0 1.000000
0  0.122101 8.669220 -11.820292  0.000014 0.999656 -0.026245  0.153530 0.906790 1 0 1.000000
0  -0.869091 8.188559 -11.942945  -0.496664 0.491195 -0.715579  0.152500 0.906578 1 0 1.000000
Material_0
0  -0.869091 8.188559 -11.942945  -0.496664 0.491195 -0.715579  0.152500 0.906578 1 0 1.000000
0  0.122101 8.669220 -11.820292  0.000014 0.999656 -0.026245  0.153530 0.906790 1 0 1.000000
0  0.122101 8.599091 -11.942944  0.000012 0.700176 -0.713970  0.153427 0.906578 1 0 1.000000
Material_0
0  0.122101 8.669220 -11.820292  0.000014 0.999656 -0.026245  0.153530 0.906790 1 0 1.000000
0  1.163014 8.238213 -11.820292  0.707373 0.706348 -0.026379  0.154457 0.906048 1 0 1.000000
0  0.122101 8.599091 -11.942944  0.000012 0.700176 -0.713970  0.153427 0.906578 1 0 1.000000
Material_0
0  0.122101 8.599091 -11.942944  0.000012 0.700176 -0.713970  0.153427 0.906578 1 0 1.000000
0  1.163014 8.238213 -11.820292  0.707373 0.706348 -0.026379  0.154457 0.906048 1 0 1.000000
0  1.113292 8.188559 -11.942945  0.489796 0.498799 -0.715052  0.154354 0.905942 1 0 1.000000
Material_0
0  1.163014 8.238213 -11.820292  0.707373 0.706348 -0.026379  0.154457 0.906048 1 0 1.000000
0  1.594296 7.197034 -11.820291  0.999540 0.002196 -0.030240  0.154869 0.904881 1 0 1.000000
0  1.113292 8.188559 -11.942945  0.489796 0.498799 -0.715052  0.154354 0.905942 1 0 1.000000
Material_0
0  1.113292 8.188559 -11.942945  0.489796 0.498799 -0.715052  0.154354 0.905942 1 0 1.000000
0  1.594296 7.197034 -11.820291  0.999540 0.002196 -0.030240  0.154869 0.904881 1 0 1.000000
0  1.523883 7.197034 -11.942944  0.701542 0.028393 -0.712063  0.154663 0.904881 1 0 1.000000
Material_0
0  1.594296 7.197034 -11.820291  0.999540 0.002196 -0.030240  0.154869 0.904881 1 0 1.000000
0  1.163015 6.156367 -11.820291  0.707168 -0.706317 -0.032100  0.154457 0.904032 1 0 1.000000
0  1.523883 7.197034 -11.942944  0.701542 0.028393 -0.712063  0.154663 0.904881 1 0 1.000000
Material_0
0  1.523883 7.197034 -11.942944  0.701542 0.028393 -0.712063  0.154663 0.904881 1 0 1.000000
0  1.163015 6.156367 -11.820291  0.707168 -0.706317 -0.032100  0.154457 0.904032 1 0 1.000000
0  1.113293 6.206020 -11.942944  0.496665 -0.491195 -0.715578  0.154354 0.904138 1 0 1.000000
Material_0
0  1.163015 6.156367 -11.820291  0.707168 -0.706317 -0.032100  0.154457 0.904032 1 0 1.000000
0  0.122101 5.724846 -11.820291  0.000019 -0.999656 -0.026239  0.153530 0.904032 1 0 1.000000
0  1.113293 6.206020 -11.942944  0.496665 -0.491195 -0.715578  0.154354 0.904138 1 0 1.000000
Material_0
0  1.113293 6.206020 -11.942944  0.496665 -0.491195 -0.715578  0.154354 0.904138 1 0 1.000000
0  0.122101 5.724846 -11.820291  0.000019 -0.999656 -0.026239  0.153530 0.904032 1 0 1.000000
0  0.122101 5.795486 -11.942944  0.000002 -0.700178 -0.713968  0.153427 0.904032 1 0 1.000000
Material_0
0  0.122101 5.724846 -11.820291  0.000019 -0.999656 -0.026239  0.153530 0.904032 1 0 1.000000
0  -0.918812 6.156367 -11.820291  -0.707135 -0.706349 -0.032120  0.152603 0.904669 1 0 1.000000
0  0.122101 5.795486 -11.942944  0.000002 -0.700178 -0.713968  0.153427 0.904032 1 0 1.000000
Material_0
0  0.122101 5.795486 -11.942944  0.000002 -0.700178 -0.713968  0.153427 0.904032 1 0 1.000000
0  -0.918812 6.156367 -11.820291  -0.707135 -0.706349 -0.032120  0.152603 0.904669 1 0 1.000000
0  -0.869090 6.206020 -11.942944  -0.490379 -0.498788 -0.714660  0.152500 0.904669 1 0 1.000000
Material_0
0  -0.918812 6.156367 -11.820291  -0.707135 -0.706349 -0.032120  0.152603 0.904669 1 0 1.000000
0  -1.350094 7.197033 -11.820291  -0.999540 0.002189 -0.030245  0.152191 0.905836 1 0 1.000000
0  -0.869090 6.206020 -11.942944  -0.490379 -0.498788 -0.714660  0.152500 0.904669 1 0 1.000000
Material_0
0  1.353411 8.428637 2.955689  0.707864 0.706338 -0.003755  0.943204 0.714356 1 0 1.000000
0  1.863444 7.197036 2.955690  0.999998 0.002093 0.000000  0.945677 0.707460 1 0 1.000000
0  1.863444 7.197036 2.479944  0.999998 0.002186 0.000000  0.944234 0.706400 1 0 1.000000
Material_0
0  1.863444 7.197036 2.955690  0.999998 0.002093 0.000000  0.945677 0.707460 1 0 1.000000
0  1.353411 5.965947 2.479944  0.707846 -0.706365 -0.001819  0.941762 0.701095 1 0 1.000000
0  1.863444 7.197036 2.479944  0.999998 0.002186 0.000000  0.944234 0.706400 1 0 1.000000
Material_0
0  1.863444 7.197036 2.479944  0.999998 0.002186 0.000000  0.944234 0.706400 1 0 1.000000
0  1.353411 8.428635 2.479943  0.707867 0.706336 -0.003761  0.941762 0.713295 1 0 1.000000
0  1.353411 8.428637 2.955689  0.707864 0.706338 -0.003755  0.943204 0.714356 1 0 1.000000
Material_0
0  1.353411 8.428637 2.955689  0.707864 0.706338 -0.003755  0.943204 0.714356 1 0 1.000000
0  1.353411 8.428635 2.479943  0.707867 0.706336 -0.003761  0.941762 0.713295 1 0 1.000000
0  0.122103 8.938475 2.955689  -0.000011 1.000000 0.000001  0.937333 0.718811 1 0 1.000000
Material_0
0  1.353411 8.428635 2.479943  0.707867 0.706336 -0.003761  0.941762 0.713295 1 0 1.000000
0  0.122103 8.938475 2.479943  0.000011 1.000000 0.000001  0.935891 0.717644 1 0 1.000000
0  0.122103 8.938475 2.955689  -0.000011 1.000000 0.000001  0.937333 0.718811 1 0 1.000000
Material_0
0  0.122103 8.938475 2.955689  -0.000011 1.000000 0.000001  0.937333 0.718811 1 0 1.000000
0  0.122103 8.938475 2.479943  0.000011 1.000000 0.000001  0.935891 0.717644 1 0 1.000000
0  -1.109204 8.428635 2.955689  -0.707867 0.706336 -0.003760  0.931461 0.718281 1 0 1.000000
Material_0
0  0.122103 8.938475 2.479943  0.000011 1.000000 0.000001  0.935891 0.717644 1 0 1.000000
0  -1.109204 8.428635 2.479943  -0.707866 0.706337 -0.003755  0.930019 0.717114 1 0 1.000000
0  -1.109204 8.428635 2.955689  -0.707867 0.706336 -0.003760  0.931461 0.718281 1 0 1.000000
Material_0
0  -1.109204 8.428635 2.955689  -0.707867 0.706336 -0.003760  0.931461 0.718281 1 0 1.000000
0  -1.109204 8.428635 2.479943  -0.707866 0.706337 -0.003755  0.930019 0.717114 1 0 1.000000
0  -1.619237 7.197035 2.955690  -0.999998 0.002185 -0.000000  0.929092 0.712977 1 0 1.000000
Material_0
0  -1.109204 8.428635 2.479943  -0.707866 0.706337 -0.003755  0.930019 0.717114 1 0 1.000000
0  -1.619237 7.197035 2.479944  -0.999998 0.002094 -0.000000  0.927547 0.711810 1 0 1.000000
0  -1.619237 7.197035 2.955690  -0.999998 0.002185 -0.000000  0.929092 0.712977 1 0 1.000000
Material_0
0  -1.619237 7.197035 2.955690  -0.999998 0.002185 -0.000000  0.929092 0.712977 1 0 1.000000
0  -1.619237 7.197035 2.479944  -0.999998 0.002094 -0.000000  0.927547 0.711810 1 0 1.000000
0  -1.109204 5.965947 2.955690  -0.707824 -0.706386 -0.001771  0.931461 0.706081 1 0 1.000000
Material_0
0  -1.619237 7.197035 2.479944  -0.999998 0.002094 -0.000000  0.927547 0.711810 1 0 1.000000
0  -1.109204 5.965947 2.479944  -0.707851 -0.706359 -0.001828  0.930019 0.704914 1 0 1.000000
0  -1.109204 5.965947 2.955690  -0.707824 -0.706386 -0.001771  0.931461 0.706081 1 0 1.000000
Material_0
0  -1.109204 5.965947 2.955690  -0.707824 -0.706386 -0.001771  0.931461 0.706081 1 0 1.000000
0  -1.109204 5.965947 2.479944  -0.707851 -0.706359 -0.001828  0.930019 0.704914 1 0 1.000000
0  0.122104 5.456107 2.955690  0.000011 -1.000000 -0.000001  0.937333 0.701626 1 0 1.000000
Material_0
0  -1.109204 5.965947 2.479944  -0.707851 -0.706359 -0.001828  0.930019 0.704914 1 0 1.000000
0  0.122104 5.456107 2.479944  -0.000011 -1.000000 -0.000000  0.935891 0.700459 1 0 1.000000
0  0.122104 5.456107 2.955690  0.000011 -1.000000 -0.000001  0.937333 0.701626 1 0 1.000000
Material_0
0  0.122104 5.456107 2.955690  0.000011 -1.000000 -0.000001  0.937333 0.701626 1 0 1.000000
0  0.122104 5.456107 2.479944  -0.000011 -1.000000 -0.000000  0.935891 0.700459 1 0 1.000000
0  1.353411 5.965947 2.955690  0.707830 -0.706381 -0.001781  0.943204 0.702262 1 0 1.000000
Material_0
0  0.122104 5.456107 2.479944  -0.000011 -1.000000 -0.000000  0.935891 0.700459 1 0 1.000000
0  1.353411 5.965947 2.479944  0.707846 -0.706365 -0.001819  0.941762 0.701095 1 0 1.000000
0  1.353411 5.965947 2.955690  0.707830 -0.706381 -0.001781  0.943204 0.702262 1 0 1.000000
Material_0
0  1.353411 5.965947 2.955690  0.707830 -0.706381 -0.001781  0.943204 0.702262 1 0 1.000000
0  1.353411 5.965947 2.479944  0.707846 -0.706365 -0.001819  0.941762 0.701095 1 0 1.000000
0  1.863444 7.197036 2.955690  0.999998 0.002093 0.000000  0.945677 0.707460 1 0 1.000000
Material_0
0  1.863444 7.197036 1.526595  0.999998 0.002186 -0.000001  0.217190 0.681046 1 0 1.000000
0  1.353411 8.428635 1.526595  0.707854 0.706349 -0.003705  0.214512 0.688578 1 0 1.000000
0  1.353411 8.428635 2.004199  0.707865 0.706338 -0.003753  0.216160 0.689851 1 0 1.000000
Material_0
0  1.353411 8.428635 2.004199  0.707865 0.706338 -0.003753  0.216160 0.689851 1 0 1.000000
0  1.353411 8.428635 1.526595  0.707854 0.706349 -0.003705  0.214512 0.688578 1 0 1.000000
0  0.122103 8.938475 2.004199  -0.000011 1.000000 -0.000000  0.209670 0.694730 1 0 1.000000
Material_0
0  1.353411 8.428635 2.004199  0.707865 0.706338 -0.003753  0.216160 0.689851 1 0 1.000000
0  1.863444 7.197036 2.004200  0.999998 0.002094 -0.000000  0.218838 0.682319 1 0 1.000000
0  1.863444 7.197036 1.526595  0.999998 0.002186 -0.000001  0.217190 0.681046 1 0 1.000000
Material_0
0  1.863444 7.197036 1.526595  0.999998 0.002186 -0.000001  0.217190 0.681046 1 0 1.000000
0  1.863444 7.197036 2.004200  0.999998 0.002094 -0.000000  0.218838 0.682319 1 0 1.000000
0  1.353411 5.965947 1.526596  0.707825 -0.706386 -0.001772  0.214512 0.675211 1 0 1.000000
Material_0
0  1.863444 7.197036 2.004200  0.999998 0.002094 -0.000000  0.218838 0.682319 1 0 1.000000
0  1.353411 5.965947 2.004200  0.707830 -0.706381 -0.001781  0.216160 0.676484 1 0 1.000000
0  1.353411 5.965947 1.526596  0.707825 -0.706386 -0.001772  0.214512 0.675211 1 0 1.000000
Material_0
0  1.353411 5.965947 1.526596  0.707825 -0.706386 -0.001772  0.214512 0.675211 1 0 1.000000
0  1.353411 5.965947 2.004200  0.707830 -0.706381 -0.001781  0.216160 0.676484 1 0 1.000000
0  0.122104 5.456107 1.526596  -0.000011 -1.000000 -0.000002  0.208022 0.674575 1 0 1.000000
Material_0
0  1.353411 5.965947 2.004200  0.707830 -0.706381 -0.001781  0.216160 0.676484 1 0 1.000000
0  0.122104 5.456107 2.004200  0.000011 -1.000000 -0.000002  0.209670 0.675742 1 0 1.000000
0  0.122104 5.456107 1.526596  -0.000011 -1.000000 -0.000002  0.208022 0.674575 1 0 1.000000
Material_0
0  0.122104 5.456107 1.526596  -0.000011 -1.000000 -0.000002  0.208022 0.674575 1 0 1.000000
0  0.122104 5.456107 2.004200  0.000011 -1.000000 -0.000002  0.209670 0.675742 1 0 1.000000
0  -1.109204 5.965947 1.526596  -0.707829 -0.706381 -0.001782  0.201532 0.679454 1 0 1.000000
Material_0
0  0.122104 5.456107 2.004200  0.000011 -1.000000 -0.000002  0.209670 0.675742 1 0 1.000000
0  -1.109204 5.965946 2.004200  -0.707803 -0.706408 -0.001724  0.203180 0.680727 1 0 1.000000
0  -1.109204 5.965947 1.526596  -0.707829 -0.706381 -0.001782  0.201532 0.679454 1 0 1.000000
Material_0
0  -1.109204 5.965947 1.526596  -0.707829 -0.706381 -0.001782  0.201532 0.679454 1 0 1.000000
0  -1.109204 5.965946 2.004200  -0.707803 -0.706408 -0.001724  0.203180 0.680727 1 0 1.000000
0  -1.619238 7.197035 1.526595  -0.999998 0.002094 -0.000000  0.198854 0.686986 1 0 1.000000
Material_0
0  -1.109204 5.965946 2.004200  -0.707803 -0.706408 -0.001724  0.203180 0.680727 1 0 1.000000
0  -1.619237 7.197035 2.004200  -0.999998 0.002185 -0.000000  0.200502 0.688259 1 0 1.000000
0  -1.619238 7.197035 1.526595  -0.999998 0.002094 -0.000000  0.198854 0.686986 1 0 1.000000
Material_0
0  -1.619238 7.197035 1.526595  -0.999998 0.002094 -0.000000  0.198854 0.686986 1 0 1.000000
0  -1.619237 7.197035 2.004200  -0.999998 0.002185 -0.000000  0.200502 0.688259 1 0 1.000000
0  -1.109204 8.428635 1.526595  -0.707866 0.706337 -0.003753  0.201532 0.692821 1 0 1.000000
Material_0
0  -1.619237 7.197035 2.004200  -0.999998 0.002185 -0.000000  0.200502 0.688259 1 0 1.000000
0  -1.109204 8.428635 2.004199  -0.707867 0.706335 -0.003759  0.203180 0.694094 1 0 1.000000
0  -1.109204 8.428635 1.526595  -0.707866 0.706337 -0.003753  0.201532 0.692821 1 0 1.000000
Material_0
0  -1.109204 8.428635 1.526595  -0.707866 0.706337 -0.003753  0.201532 0.692821 1 0 1.000000
0  -1.109204 8.428635 2.004199  -0.707867 0.706335 -0.003759  0.203180 0.694094 1 0 1.000000
0  0.122103 8.938475 1.526595  0.000011 1.000000 -0.000000  0.208022 0.693457 1 0 1.000000
Material_0
0  -1.109204 8.428635 2.004199  -0.707867 0.706335 -0.003759  0.203180 0.694094 1 0 1.000000
0  0.122103 8.938475 2.004199  -0.000011 1.000000 -0.000000  0.209670 0.694730 1 0 1.000000
0  0.122103 8.938475 1.526595  0.000011 1.000000 -0.000000  0.208022 0.693457 1 0 1.000000
Material_0
0  0.122103 8.938475 1.526595  0.000011 1.000000 -0.000000  0.208022 0.693457 1 0 1.000000
0  0.122103 8.938475 2.004199  -0.000011 1.000000 -0.000000  0.209670 0.694730 1 0 1.000000
0  1.353411 8.428635 1.526595  0.707854 0.706349 -0.003705  0.214512 0.688578 1 0 1.000000
Material_0
0  0.835199 2.036706 30.329630  0.717705 0.002176 0.696343  0.863578 0.386559 1 0 1.000000
0  0.703328 2.618210 30.218124  0.514048 0.510122 0.689587  0.863578 0.386559 1 0 1.000000
0  0.628437 2.543474 30.329630  0.514094 0.510044 0.689611  0.863578 0.386559 1 0 1.000000
Material_0
0  0.628437 2.543474 30.329630  0.514094 0.510044 0.689611  0.863578 0.386559 1 0 1.000000
0  0.703328 2.618210 30.218124  0.514048 0.510122 0.689587  0.863578 0.386559 1 0 1.000000
0  0.121955 2.858797 30.218124  -0.000007 0.727664 0.685933  0.863578 0.386559 1 0 1.000000
Material_0
0  0.703328 2.618210 30.218124  0.514048 0.510122 0.689587  0.863578 0.386559 1 0 1.000000
0  0.835199 2.036706 30.329630  0.717705 0.002176 0.696343  0.863578 0.386559 1 0 1.000000
0  0.944062 2.036706 30.218126  0.717690 0.002170 0.696360  0.863578 0.386559 1 0 1.000000
Material_0
0  0.835199 2.036706 30.329630  0.717705 0.002176 0.696343  0.863578 0.386559 1 0 1.000000
0  0.628437 1.530450 30.329630  0.511670 -0.510080 0.691384  0.863578 0.386559 1 0 1.000000
0  0.944062 2.036706 30.218126  0.717690 0.002170 0.696360  0.863578 0.386559 1 0 1.000000
Material_0
0  0.944062 2.036706 30.218126  0.717690 0.002170 0.696360  0.863578 0.386559 1 0 1.000000
0  0.628437 1.530450 30.329630  0.511670 -0.510080 0.691384  0.863578 0.386559 1 0 1.000000
0  0.703328 1.455714 30.218126  0.511676 -0.510080 0.691380  0.863578 0.386559 1 0 1.000000
Material_0
0  0.628437 1.530450 30.329630  0.511670 -0.510080 0.691384  0.863578 0.386559 1 0 1.000000
0  0.121955 1.317505 30.329630  0.000006 -0.727663 0.685935  0.863578 0.386559 1 0 1.000000
0  0.703328 1.455714 30.218126  0.511676 -0.510080 0.691380  0.863578 0.386559 1 0 1.000000
Material_0
0  0.703328 1.455714 30.218126  0.511676 -0.510080 0.691380  0.863578 0.386559 1 0 1.000000
0  0.121955 1.317505 30.329630  0.000006 -0.727663 0.685935  0.863578 0.386559 1 0 1.000000
0  0.121955 1.214615 30.218126  0.000006 -0.727664 0.685933  0.863578 0.386559 1 0 1.000000
Material_0
0  0.121955 1.317505 30.329630  0.000006 -0.727663 0.685935  0.863578 0.386559 1 0 1.000000
0  -0.384527 1.530450 30.329630  -0.511667 -0.510054 0.691406  0.863578 0.386559 1 0 1.000000
0  0.121955 1.214615 30.218126  0.000006 -0.727664 0.685933  0.863578 0.386559 1 0 1.000000
Material_0
0  0.121955 1.214615 30.218126  0.000006 -0.727664 0.685933  0.863578 0.386559 1 0 1.000000
0  -0.384527 1.530450 30.329630  -0.511667 -0.510054 0.691406  0.863578 0.386559 1 0 1.000000
0  -0.459264 1.455714 30.218126  -0.511683 -0.510059 0.691391  0.863578 0.386559 1 0 1.000000
Material_0
0  -0.384527 1.530450 30.329630  -0.511667 -0.510054 0.691406  0.863578 0.386559 1 0 1.000000
0  -0.591135 2.036706 30.329630  -0.717704 0.002235 0.696345  0.863578 0.386559 1 0 1.000000
0  -0.459264 1.455714 30.218126  -0.511683 -0.510059 0.691391  0.863578 0.386559 1 0 1.000000
Material_0
0  -0.459264 1.455714 30.218126  -0.511683 -0.510059 0.691391  0.863578 0.386559 1 0 1.000000
0  -0.591135 2.036706 30.329630  -0.717704 0.002235 0.696345  0.863578 0.386559 1 0 1.000000
0  -0.699998 2.036706 30.218126  -0.717698 0.002210 0.696351  0.863578 0.386559 1 0 1.000000
Material_0
0  -0.591135 2.036706 30.329630  -0.717704 0.002235 0.696345  0.863578 0.386559 1 0 1.000000
0  -0.384527 2.543474 30.329630  -0.514079 0.510027 0.689634  0.863578 0.386559 1 0 1.000000
0  -0.699998 2.036706 30.218126  -0.717698 0.002210 0.696351  0.863578 0.386559 1 0 1.000000
Material_0
0  -0.699998 2.036706 30.218126  -0.717698 0.002210 0.696351  0.863578 0.386559 1 0 1.000000
0  -0.384527 2.543474 30.329630  -0.514079 0.510027 0.689634  0.863578 0.386559 1 0 1.000000
0  -0.459264 2.618210 30.218124  -0.514095 0.510079 0.689584  0.863578 0.386559 1 0 1.000000
Material_0
0  -0.384527 2.543474 30.329630  -0.514079 0.510027 0.689634  0.863578 0.386559 1 0 1.000000
0  0.121955 2.755908 30.329628  -0.000011 0.727648 0.685951  0.863578 0.386559 1 0 1.000000
0  -0.459264 2.618210 30.218124  -0.514095 0.510079 0.689584  0.863578 0.386559 1 0 1.000000
Material_0
0  -0.459264 2.618210 30.218124  -0.514095 0.510079 0.689584  0.863578 0.386559 1 0 1.000000
0  0.121955 2.755908 30.329628  -0.000011 0.727648 0.685951  0.863578 0.386559 1 0 1.000000
0  0.121955 2.858797 30.218124  -0.000007 0.727664 0.685933  0.863578 0.386559 1 0 1.000000
Material_0
0  0.121955 2.755908 30.329628  -0.000011 0.727648 0.685951  0.863578 0.386559 1 0 1.000000
0  0.628437 2.543474 30.329630  0.514094 0.510044 0.689611  0.863578 0.386559 1 0 1.000000
0  0.121955 2.858797 30.218124  -0.000007 0.727664 0.685933  0.863578 0.386559 1 0 1.000000
Material_0
0  0.526211 4.201986 13.970309  0.638441 0.265504 0.722427  0.863372 0.386559 1 0 1.000000
0  0.347089 4.517308 13.869958  0.265861 0.648524 0.713257  0.863372 0.386559 1 0 1.000000
0  0.304470 4.423633 13.970309  0.265847 0.648531 0.713255  0.863372 0.386559 1 0 1.000000
Material_0
0  0.347089 4.517308 13.869958  0.265861 0.648524 0.713257  0.863372 0.386559 1 0 1.000000
0  -0.046207 4.517308 13.869958  -0.265859 0.648513 0.713267  0.863372 0.386559 1 0 1.000000
0  0.304470 4.423633 13.970309  0.265847 0.648531 0.713255  0.863372 0.386559 1 0 1.000000
Material_0
0  0.347089 4.517308 13.869958  0.265861 0.648524 0.713257  0.863372 0.386559 1 0 1.000000
0  0.526211 4.201986 13.970309  0.638441 0.265504 0.722427  0.863372 0.386559 1 0 1.000000
0  0.625191 4.239354 13.869958  0.638445 0.265482 0.722431  0.863372 0.386559 1 0 1.000000
Material_0
0  0.526211 4.201986 13.970309  0.638441 0.265504 0.722427  0.863372 0.386559 1 0 1.000000
0  0.526211 3.883080 13.970310  0.636266 -0.265481 0.724352  0.863372 0.386453 1 0 1.000000
0  0.625191 4.239354 13.869958  0.638445 0.265482 0.722431  0.863372 0.386559 1 0 1.000000
Material_0
0  0.625191 4.239354 13.869958  0.638445 0.265482 0.722431  0.863372 0.386559 1 0 1.000000
0  0.526211 3.883080 13.970310  0.636266 -0.265481 0.724352  0.863372 0.386453 1 0 1.000000
0  0.625191 3.845713 13.869959  0.636264 -0.265503 0.724346  0.863372 0.386453 1 0 1.000000
Material_0
0  0.526211 3.883080 13.970310  0.636266 -0.265481 0.724352  0.863372 0.386453 1 0 1.000000
0  0.304471 3.661433 13.970310  0.269779 -0.648530 0.711778  0.863372 0.386453 1 0 1.000000
0  0.625191 3.845713 13.869959  0.636264 -0.265503 0.724346  0.863372 0.386453 1 0 1.000000
Material_0
0  0.625191 3.845713 13.869959  0.636264 -0.265503 0.724346  0.863372 0.386453 1 0 1.000000
0  0.304471 3.661433 13.970310  0.269779 -0.648530 0.711778  0.863372 0.386453 1 0 1.000000
0  0.347089 3.567758 13.869959  0.269782 -0.648503 0.711801  0.863372 0.386453 1 0 1.000000
Material_0
0  0.304471 3.661433 13.970310  0.269779 -0.648530 0.711778  0.863372 0.386453 1 0 1.000000
0  -0.003588 3.661433 13.970310  -0.269793 -0.648534 0.711769  0.863372 0.386453 1 0 1.000000
0  0.347089 3.567758 13.869959  0.269782 -0.648503 0.711801  0.863372 0.386453 1 0 1.000000
Material_0
0  0.347089 3.567758 13.869959  0.269782 -0.648503 0.711801  0.863372 0.386453 1 0 1.000000
0  -0.003588 3.661433 13.970310  -0.269793 -0.648534 0.711769  0.863372 0.386453 1 0 1.000000
0  -0.046207 3.567758 13.869959  -0.269785 -0.648528 0.711778  0.863372 0.386453 1 0 1.000000
Material_0
0  -0.003588 3.661433 13.970310  -0.269793 -0.648534 0.711769  0.863372 0.386453 1 0 1.000000
0  -0.225328 3.883080 13.970310  -0.636279 -0.265490 0.724337  0.863372 0.386559 1 0 1.000000
0  -0.046207 3.567758 13.869959  -0.269785 -0.648528 0.711778  0.863372 0.386453 1 0 1.000000
Material_0
0  -0.046207 3.567758 13.869959  -0.269785 -0.648528 0.711778  0.863372 0.386453 1 0 1.000000
0  -0.225328 3.883080 13.970310  -0.636279 -0.265490 0.724337  0.863372 0.386559 1 0 1.000000
0  -0.324463 3.845712 13.869959  -0.636274 -0.265501 0.724338  0.863372 0.386559 1 0 1.000000
Material_0
0  -0.225328 3.883080 13.970310  -0.636279 -0.265490 0.724337  0.863372 0.386559 1 0 1.000000
0  -0.225328 4.201986 13.970309  -0.638447 0.265491 0.722427  0.863372 0.386559 1 0 1.000000
0  -0.324463 3.845712 13.869959  -0.636274 -0.265501 0.724338  0.863372 0.386559 1 0 1.000000
Material_0
0  -0.324463 3.845712 13.869959  -0.636274 -0.265501 0.724338  0.863372 0.386559 1 0 1.000000
0  -0.225328 4.201986 13.970309  -0.638447 0.265491 0.722427  0.863372 0.386559 1 0 1.000000
0  -0.324463 4.239354 13.869958  -0.638446 0.265487 0.722429  0.863372 0.386559 1 0 1.000000
Material_0
0  -0.225328 4.201986 13.970309  -0.638447 0.265491 0.722427  0.863372 0.386559 1 0 1.000000
0  -0.003588 4.423633 13.970309  -0.265834 0.648525 0.713266  0.863372 0.386559 1 0 1.000000
0  -0.324463 4.239354 13.869958  -0.638446 0.265487 0.722429  0.863372 0.386559 1 0 1.000000
Material_0
0  -0.324463 4.239354 13.869958  -0.638446 0.265487 0.722429  0.863372 0.386559 1 0 1.000000
0  -0.003588 4.423633 13.970309  -0.265834 0.648525 0.713266  0.863372 0.386559 1 0 1.000000
0  -0.046207 4.517308 13.869958  -0.265859 0.648513 0.713267  0.863372 0.386559 1 0 1.000000
Material_0
0  -0.003588 4.423633 13.970309  -0.265834 0.648525 0.713266  0.863372 0.386559 1 0 1.000000
0  0.304470 4.423633 13.970309  0.265847 0.648531 0.713255  0.863372 0.386559 1 0 1.000000
0  -0.046207 4.517308 13.869958  -0.265859 0.648513 0.713267  0.863372 0.386559 1 0 1.000000
Material_0
0  -0.811642 0.907480 14.410748  0.510346 0.154489 0.845979  0.501085 0.345930 1 0 1.000000
0  -0.837276 1.092272 14.306679  0.672237 0.715537 0.190012  0.500673 0.345717 1 0 1.000000
0  -0.877732 1.064630 14.382870  0.358612 0.506335 0.784233  0.500673 0.345930 1 0 1.000000
Material_0
0  -0.837276 1.092272 14.306679  0.672237 0.715537 0.190012  0.500673 0.345717 1 0 1.000000
0  -1.037089 1.173662 14.291809  0.003757 0.989613 0.143709  0.501085 0.345717 1 0 1.000000
0  -0.877732 1.064630 14.382870  0.358612 0.506335 0.784233  0.500673 0.345930 1 0 1.000000
Material_0
0  -0.837276 1.092272 14.306679  0.672237 0.715537 0.190012  0.500673 0.345717 1 0 1.000000
0  -0.811642 0.907480 14.410748  0.510346 0.154489 0.845979  0.501085 0.345930 1 0 1.000000
0  -0.754509 0.895707 14.341989  0.949823 0.063323 0.306311  0.501085 0.345717 1 0 1.000000
Material_0
0  -0.811642 0.907480 14.410748  0.510346 0.154489 0.845979  0.501085 0.345930 1 0 1.000000
0  -0.877732 0.750843 14.438624  0.361377 -0.206105 0.909355  0.501497 0.345930 1 0 1.000000
0  -0.754509 0.895707 14.341989  0.949823 0.063323 0.306311  0.501085 0.345717 1 0 1.000000
Material_0
0  -0.754509 0.895707 14.341989  0.949823 0.063323 0.306311  0.501085 0.345717 1 0 1.000000
0  -0.877732 0.750843 14.438624  0.361377 -0.206105 0.909355  0.501497 0.345930 1 0 1.000000
0  -0.837275 0.698631 14.375440  0.672092 -0.607724 0.423040  0.501497 0.345717 1 0 1.000000
Material_0
0  -0.877732 0.750843 14.438624  0.361377 -0.206105 0.909355  0.501497 0.345930 1 0 1.000000
0  -1.037089 0.685322 14.449775  -0.000010 -0.348759 0.937213  0.501085 0.345930 1 0 1.000000
0  -0.837275 0.698631 14.375440  0.672092 -0.607724 0.423040  0.501497 0.345717 1 0 1.000000
Material_0
0  -0.837275 0.698631 14.375440  0.672092 -0.607724 0.423040  0.501497 0.345717 1 0 1.000000
0  -1.037089 0.685322 14.449775  -0.000010 -0.348759 0.937213  0.501085 0.345930 1 0 1.000000
0  -1.037089 0.617241 14.390306  -0.000001 -0.880532 0.473987  0.501085 0.345717 1 0 1.000000
Material_0
0  -1.037089 0.685322 14.449775  -0.000010 -0.348759 0.937213  0.501085 0.345930 1 0 1.000000
0  -1.196445 0.750843 14.438624  -0.361417 -0.206128 0.909334  0.500673 0.345930 1 0 1.000000
0  -1.037089 0.617241 14.390306  -0.000001 -0.880532 0.473987  0.501085 0.345717 1 0 1.000000
Material_0
0  -1.037089 0.617241 14.390306  -0.000001 -0.880532 0.473987  0.501085 0.345717 1 0 1.000000
0  -1.196445 0.750843 14.438624  -0.361417 -0.206128 0.909334  0.500673 0.345930 1 0 1.000000
0  -1.236902 0.698631 14.375440  -0.672107 -0.607700 0.423052  0.500673 0.345717 1 0 1.000000
Material_0
0  -1.196445 0.750843 14.438624  -0.361417 -0.206128 0.909334  0.500673 0.345930 1 0 1.000000
0  -1.262535 0.907480 14.410748  -0.510321 0.154506 0.845991  0.501085 0.345930 1 0 1.000000
0  -1.236902 0.698631 14.375440  -0.672107 -0.607700 0.423052  0.500673 0.345717 1 0 1.000000
Material_0
0  -1.236902 0.698631 14.375440  -0.672107 -0.607700 0.423052  0.500673 0.345717 1 0 1.000000
0  -1.262535 0.907480 14.410748  -0.510321 0.154506 0.845991  0.501085 0.345930 1 0 1.000000
0  -1.319669 0.895707 14.341989  -0.949815 0.063352 0.306330  0.501085 0.345717 1 0 1.000000
Material_0
0  -1.262535 0.907480 14.410748  -0.510321 0.154506 0.845991  0.501085 0.345930 1 0 1.000000
0  -1.196445 1.064630 14.382870  -0.358566 0.502568 0.786674  0.501497 0.345930 1 0 1.000000
0  -1.319669 0.895707 14.341989  -0.949815 0.063352 0.306330  0.501085 0.345717 1 0 1.000000
Material_0
0  -1.319669 0.895707 14.341989  -0.949815 0.063352 0.306330  0.501085 0.345717 1 0 1.000000
0  -1.196445 1.064630 14.382870  -0.358566 0.502568 0.786674  0.501497 0.345930 1 0 1.000000
0  -1.236902 1.092272 14.306679  -0.672242 0.715547 0.189957  0.501497 0.345717 1 0 1.000000
Material_0
0  -1.196445 1.064630 14.382870  -0.358566 0.502568 0.786674  0.501497 0.345930 1 0 1.000000
0  -1.037089 1.129640 14.371721  0.000009 0.651945 0.758266  0.501085 0.345930 1 0 1.000000
0  -1.236902 1.092272 14.306679  -0.672242 0.715547 0.189957  0.501497 0.345717 1 0 1.000000
Material_0
0  -1.236902 1.092272 14.306679  -0.672242 0.715547 0.189957  0.501497 0.345717 1 0 1.000000
0  -1.037089 1.129640 14.371721  0.000009 0.651945 0.758266  0.501085 0.345930 1 0 1.000000
0  -1.037089 1.173662 14.291809  0.003757 0.989613 0.143709  0.501085 0.345717 1 0 1.000000
Material_0
0  -1.037089 1.129640 14.371721  0.000009 0.651945 0.758266  0.501085 0.345930 1 0 1.000000
0  -0.877732 1.064630 14.382870  0.358612 0.506335 0.784233  0.500673 0.345930 1 0 1.000000
0  -1.037089 1.173662 14.291809  0.003757 0.989613 0.143709  0.501085 0.345717 1 0 1.000000
Material_0
0  1.055701 0.907481 14.410748  -0.510341 0.154489 0.845982  0.501085 0.345930 1 0 1.000000
0  1.121637 1.064630 14.382870  -0.358590 0.506340 0.784241  0.500673 0.345930 1 0 1.000000
0  1.081334 1.092272 14.306679  -0.672243 0.715544 0.189966  0.500673 0.345717 1 0 1.000000
Material_0
0  1.121637 1.064630 14.382870  -0.358590 0.506340 0.784241  0.500673 0.345930 1 0 1.000000
0  1.281148 1.173662 14.291809  -0.003725 0.989611 0.143725  0.501085 0.345717 1 0 1.000000
0  1.081334 1.092272 14.306679  -0.672243 0.715544 0.189966  0.500673 0.345717 1 0 1.000000
Material_0
0  1.081334 1.092272 14.306679  -0.672243 0.715544 0.189966  0.500673 0.345717 1 0 1.000000
0  0.998568 0.895708 14.341989  -0.949807 0.063328 0.306359  0.501085 0.345717 1 0 1.000000
0  1.055701 0.907481 14.410748  -0.510341 0.154489 0.845982  0.501085 0.345930 1 0 1.000000
Material_0
0  1.055701 0.907481 14.410748  -0.510341 0.154489 0.845982  0.501085 0.345930 1 0 1.000000
0  0.998568 0.895708 14.341989  -0.949807 0.063328 0.306359  0.501085 0.345717 1 0 1.000000
0  1.121637 0.750844 14.438624  -0.361414 -0.206135 0.909334  0.501497 0.345930 1 0 1.000000
Material_0
0  0.998568 0.895708 14.341989  -0.949807 0.063328 0.306359  0.501085 0.345717 1 0 1.000000
0  1.081334 0.698631 14.375440  -0.672118 -0.607702 0.423031  0.501497 0.345717 1 0 1.000000
0  1.121637 0.750844 14.438624  -0.361414 -0.206135 0.909334  0.501497 0.345930 1 0 1.000000
Material_0
0  1.121637 0.750844 14.438624  -0.361414 -0.206135 0.909334  0.501497 0.345930 1 0 1.000000
0  1.081334 0.698631 14.375440  -0.672118 -0.607702 0.423031  0.501497 0.345717 1 0 1.000000
0  1.281148 0.685322 14.449775  0.000002 -0.348764 0.937210  0.501085 0.345930 1 0 1.000000
Material_0
0  1.081334 0.698631 14.375440  -0.672118 -0.607702 0.423031  0.501497 0.345717 1 0 1.000000
0  1.281148 0.617241 14.390306  0.000010 -0.880525 0.474000  0.501085 0.345717 1 0 1.000000
0  1.281148 0.685322 14.449775  0.000002 -0.348764 0.937210  0.501085 0.345930 1 0 1.000000
Material_0
0  1.281148 0.685322 14.449775  0.000002 -0.348764 0.937210  0.501085 0.345930 1 0 1.000000
0  1.281148 0.617241 14.390306  0.000010 -0.880525 0.474000  0.501085 0.345717 1 0 1.000000
0  1.440659 0.750844 14.438624  0.361401 -0.206116 0.909343  0.500673 0.345930 1 0 1.000000
Material_0
0  1.281148 0.617241 14.390306  0.000010 -0.880525 0.474000  0.501085 0.345717 1 0 1.000000
0  1.480961 0.698631 14.375440  0.672099 -0.607702 0.423063  0.500673 0.345717 1 0 1.000000
0  1.440659 0.750844 14.438624  0.361401 -0.206116 0.909343  0.500673 0.345930 1 0 1.000000
Material_0
0  1.440659 0.750844 14.438624  0.361401 -0.206116 0.909343  0.500673 0.345930 1 0 1.000000
0  1.480961 0.698631 14.375440  0.672099 -0.607702 0.423063  0.500673 0.345717 1 0 1.000000
0  1.506594 0.907481 14.410748  0.510326 0.154490 0.845991  0.501085 0.345930 1 0 1.000000
Material_0
0  1.480961 0.698631 14.375440  0.672099 -0.607702 0.423063  0.500673 0.345717 1 0 1.000000
0  1.563727 0.895708 14.341989  0.949816 0.063314 0.306336  0.501085 0.345717 1 0 1.000000
0  1.506594 0.907481 14.410748  0.510326 0.154490 0.845991  0.501085 0.345930 1 0 1.000000
Material_0
0  1.506594 0.907481 14.410748  0.510326 0.154490 0.845991  0.501085 0.345930 1 0 1.000000
0  1.563727 0.895708 14.341989  0.949816 0.063314 0.306336  0.501085 0.345717 1 0 1.000000
0  1.440504 1.064631 14.382870  0.358569 0.502568 0.786672  0.501497 0.345930 1 0 1.000000
Material_0
0  1.563727 0.895708 14.341989  0.949816 0.063314 0.306336  0.501085 0.345717 1 0 1.000000
0  1.480961 1.092272 14.306679  0.672243 0.715546 0.189954  0.501497 0.345717 1 0 1.000000
0  1.440504 1.064631 14.382870  0.358569 0.502568 0.786672  0.501497 0.345930 1 0 1.000000
Material_0
0  1.440504 1.064631 14.382870  0.358569 0.502568 0.786672  0.501497 0.345930 1 0 1.000000
0  1.480961 1.092272 14.306679  0.672243 0.715546 0.189954  0.501497 0.345717 1 0 1.000000
0  1.281148 1.129640 14.371721  -0.000006 0.651919 0.758289  0.501085 0.345930 1 0 1.000000
Material_0
0  1.480961 1.092272 14.306679  0.672243 0.715546 0.189954  0.501497 0.345717 1 0 1.000000
0  1.281148 1.173662 14.291809  -0.003725 0.989611 0.143725  0.501085 0.345717 1 0 1.000000
0  1.281148 1.129640 14.371721  -0.000006 0.651919 0.758289  0.501085 0.345930 1 0 1.000000
Material_0
0  1.281148 1.129640 14.371721  -0.000006 0.651919 0.758289  0.501085 0.345930 1 0 1.000000
0  1.281148 1.173662 14.291809  -0.003725 0.989611 0.143725  0.501085 0.345717 1 0 1.000000
0  1.121637 1.064630 14.382870  -0.358590 0.506340 0.784241  0.500673 0.345930 1 0 1.000000
Material_0
0  1.797971 -6.694559 -16.007217  0.630963 -0.389200 0.671125  0.881192 0.194443 1 0 1.000000
0  1.797971 -6.868088 -16.233940  0.629417 -0.751164 0.198965  0.880162 0.192321 1 0 1.000000
0  1.797971 -6.830720 -16.516415  0.631387 -0.671537 -0.387800  0.878823 0.191685 1 0 1.000000
Material_0
0  1.797971 -6.830720 -16.516415  0.631387 -0.671537 -0.387800  0.878823 0.191685 1 0 1.000000
0  1.797971 -6.868088 -16.233940  0.629417 -0.751164 0.198965  0.880162 0.192321 1 0 1.000000
0  -1.553921 -6.868088 -16.233940  -0.629386 -0.751202 0.198918  0.856264 0.200171 1 0 1.000000
Material_0
0  1.797971 -6.868088 -16.233940  0.629417 -0.751164 0.198965  0.880162 0.192321 1 0 1.000000
0  -1.553921 -6.694559 -16.007217  -0.630965 -0.389203 0.671122  0.857294 0.202293 1 0 1.000000
0  -1.553921 -6.868088 -16.233940  -0.629386 -0.751202 0.198918  0.856264 0.200171 1 0 1.000000
Material_0
0  -1.553921 -6.694559 -16.007217  -0.630965 -0.389203 0.671122  0.857294 0.202293 1 0 1.000000
0  -1.553921 -6.830720 -16.516415  -0.631353 -0.671582 -0.387778  0.854925 0.199429 1 0 1.000000
0  -1.553921 -6.868088 -16.233940  -0.629386 -0.751202 0.198918  0.856264 0.200171 1 0 1.000000
Material_0
0  -1.553921 -6.868088 -16.233940  -0.629386 -0.751202 0.198918  0.856264 0.200171 1 0 1.000000
0  -1.553921 -6.830720 -16.516415  -0.631353 -0.671582 -0.387778  0.854925 0.199429 1 0 1.000000
0  1.797971 -6.830720 -16.516415  0.631387 -0.671537 -0.387800  0.878823 0.191685 1 0 1.000000
Material_0
0  -1.553921 -6.830720 -16.516415  -0.631353 -0.671582 -0.387778  0.854925 0.199429 1 0 1.000000
0  1.797971 -6.604467 -16.691103  0.632122 -0.201783 -0.748135  0.877999 0.192640 1 0 1.000000
0  1.797971 -6.830720 -16.516415  0.631387 -0.671537 -0.387800  0.878823 0.191685 1 0 1.000000
Material_0
0  1.797971 -6.830720 -16.516415  0.631387 -0.671537 -0.387800  0.878823 0.191685 1 0 1.000000
0  1.797971 -6.604467 -16.691103  0.632122 -0.201783 -0.748135  0.877999 0.192640 1 0 1.000000
0  1.797971 -6.321905 -16.653934  0.630314 0.389141 -0.671769  0.878205 0.194867 1 0 1.000000
Material_0
0  1.797971 -6.604467 -16.691103  0.632122 -0.201783 -0.748135  0.877999 0.192640 1 0 1.000000
0  -1.553921 -6.604467 -16.691103  -0.632122 -0.201783 -0.748135  0.854101 0.200490 1 0 1.000000
0  1.797971 -6.321905 -16.653934  0.630314 0.389141 -0.671769  0.878205 0.194867 1 0 1.000000
Material_0
0  1.797971 -6.321905 -16.653934  0.630314 0.389141 -0.671769  0.878205 0.194867 1 0 1.000000
0  -1.553921 -6.604467 -16.691103  -0.632122 -0.201783 -0.748135  0.854101 0.200490 1 0 1.000000
0  -1.553921 -6.321905 -16.653934  -0.630315 0.389144 -0.671766  0.854307 0.202717 1 0 1.000000
Material_0
0  -1.553921 -6.604467 -16.691103  -0.632122 -0.201783 -0.748135  0.854101 0.200490 1 0 1.000000
0  -1.553921 -6.830720 -16.516415  -0.631353 -0.671582 -0.387778  0.854925 0.199429 1 0 1.000000
0  -1.553921 -6.321905 -16.653934  -0.630315 0.389144 -0.671766  0.854307 0.202717 1 0 1.000000
Material_0
0  -1.553921 -6.830720 -16.516415  -0.631353 -0.671582 -0.387778  0.854925 0.199429 1 0 1.000000
0  -1.553921 -6.694559 -16.007217  -0.630965 -0.389203 0.671122  0.857294 0.202293 1 0 1.000000
0  -1.553921 -6.321905 -16.653934  -0.630315 0.389144 -0.671766  0.854307 0.202717 1 0 1.000000
Material_0
0  -1.553921 -6.321905 -16.653934  -0.630315 0.389144 -0.671766  0.854307 0.202717 1 0 1.000000
0  -1.553921 -6.694559 -16.007217  -0.630965 -0.389203 0.671122  0.857294 0.202293 1 0 1.000000
0  -1.553921 -6.185743 -16.144739  -0.632694 0.671536 0.385664  0.856676 0.205582 1 0 1.000000
Material_0
0  -1.553921 -6.694559 -16.007217  -0.630965 -0.389203 0.671122  0.857294 0.202293 1 0 1.000000
0  -1.553921 -6.411485 -15.970050  -0.629249 0.201790 0.750551  0.857500 0.204521 1 0 1.000000
0  -1.553921 -6.185743 -16.144739  -0.632694 0.671536 0.385664  0.856676 0.205582 1 0 1.000000
Material_0
0  -1.553921 -6.185743 -16.144739  -0.632694 0.671536 0.385664  0.856676 0.205582 1 0 1.000000
0  -1.553921 -6.411485 -15.970050  -0.629249 0.201790 0.750551  0.857500 0.204521 1 0 1.000000
0  1.797971 -6.411485 -15.970050  0.629220 0.201750 0.750586  0.881398 0.196671 1 0 1.000000
Material_0
0  -1.553921 -6.411485 -15.970050  -0.629249 0.201790 0.750551  0.857500 0.204521 1 0 1.000000
0  1.797971 -6.694559 -16.007217  0.630963 -0.389200 0.671125  0.881192 0.194443 1 0 1.000000
0  1.797971 -6.411485 -15.970050  0.629220 0.201750 0.750586  0.881398 0.196671 1 0 1.000000
Material_0
0  1.797971 -6.411485 -15.970050  0.629220 0.201750 0.750586  0.881398 0.196671 1 0 1.000000
0  1.797971 -6.694559 -16.007217  0.630963 -0.389200 0.671125  0.881192 0.194443 1 0 1.000000
0  1.797971 -6.185743 -16.144739  0.632695 0.671534 0.385667  0.880574 0.197731 1 0 1.000000
Material_0
0  1.797971 -6.694559 -16.007217  0.630963 -0.389200 0.671125  0.881192 0.194443 1 0 1.000000
0  1.797971 -6.321905 -16.653934  0.630314 0.389141 -0.671769  0.878205 0.194867 1 0 1.000000
0  1.797971 -6.185743 -16.144739  0.632695 0.671534 0.385667  0.880574 0.197731 1 0 1.000000
Material_0
0  1.797971 -6.185743 -16.144739  0.632695 0.671534 0.385667  0.880574 0.197731 1 0 1.000000
0  1.797971 -6.321905 -16.653934  0.630314 0.389141 -0.671769  0.878205 0.194867 1 0 1.000000
0  1.797971 -6.148375 -16.427212  0.630082 0.751172 -0.196817  0.879338 0.196989 1 0 1.000000
Material_0
0  1.797971 -6.321905 -16.653934  0.630314 0.389141 -0.671769  0.878205 0.194867 1 0 1.000000
0  -1.553921 -6.321905 -16.653934  -0.630315 0.389144 -0.671766  0.854307 0.202717 1 0 1.000000
0  1.797971 -6.148375 -16.427212  0.630082 0.751172 -0.196817  0.879338 0.196989 1 0 1.000000
Material_0
0  1.797971 -6.148375 -16.427212  0.630082 0.751172 -0.196817  0.879338 0.196989 1 0 1.000000
0  -1.553921 -6.321905 -16.653934  -0.630315 0.389144 -0.671766  0.854307 0.202717 1 0 1.000000
0  -1.553921 -6.148375 -16.427212  -0.630077 0.751193 -0.196754  0.855337 0.204839 1 0 1.000000
Material_0
0  -1.553921 -6.321905 -16.653934  -0.630315 0.389144 -0.671766  0.854307 0.202717 1 0 1.000000
0  -1.553921 -6.185743 -16.144739  -0.632694 0.671536 0.385664  0.856676 0.205582 1 0 1.000000
0  -1.553921 -6.148375 -16.427212  -0.630077 0.751193 -0.196754  0.855337 0.204839 1 0 1.000000
Material_0
0  -1.553921 -6.148375 -16.427212  -0.630077 0.751193 -0.196754  0.855337 0.204839 1 0 1.000000
0  -1.553921 -6.185743 -16.144739  -0.632694 0.671536 0.385664  0.856676 0.205582 1 0 1.000000
0  1.797971 -6.185743 -16.144739  0.632695 0.671534 0.385667  0.880574 0.197731 1 0 1.000000
Material_0
0  -1.553921 -6.185743 -16.144739  -0.632694 0.671536 0.385664  0.856676 0.205582 1 0 1.000000
0  1.797971 -6.411485 -15.970050  0.629220 0.201750 0.750586  0.881398 0.196671 1 0 1.000000
0  1.797971 -6.185743 -16.144739  0.632695 0.671534 0.385667  0.880574 0.197731 1 0 1.000000
Material_0
0  1.797971 -6.868088 -16.233940  0.629417 -0.751164 0.198965  0.880162 0.192321 1 0 1.000000
0  1.797971 -6.694559 -16.007217  0.630963 -0.389200 0.671125  0.881192 0.194443 1 0 1.000000
0  -1.553921 -6.694559 -16.007217  -0.630965 -0.389203 0.671122  0.857294 0.202293 1 0 1.000000
Material_0
0  1.797971 -6.694559 -16.007217  0.630963 -0.389200 0.671125  0.881192 0.194443 1 0 1.000000
0  -1.553921 -6.411485 -15.970050  -0.629249 0.201790 0.750551  0.857500 0.204521 1 0 1.000000
0  -1.553921 -6.694559 -16.007217  -0.630965 -0.389203 0.671122  0.857294 0.202293 1 0 1.000000
Material_0
0  1.797971 -6.830720 -16.516415  0.631387 -0.671537 -0.387800  0.878823 0.191685 1 0 1.000000
0  1.797971 -6.321905 -16.653934  0.630314 0.389141 -0.671769  0.878205 0.194867 1 0 1.000000
0  1.797971 -6.694559 -16.007217  0.630963 -0.389200 0.671125  0.881192 0.194443 1 0 1.000000
Material_0
0  -1.553921 -6.604467 -16.691103  -0.632122 -0.201783 -0.748135  0.854101 0.200490 1 0 1.000000
0  1.797971 -6.604467 -16.691103  0.632122 -0.201783 -0.748135  0.877999 0.192640 1 0 1.000000
0  -1.553921 -6.830720 -16.516415  -0.631353 -0.671582 -0.387778  0.854925 0.199429 1 0 1.000000
Material_0
0  1.797971 -6.148375 -16.427212  0.630082 0.751172 -0.196817  0.879338 0.196989 1 0 1.000000
0  -1.553921 -6.148375 -16.427212  -0.630077 0.751193 -0.196754  0.855337 0.204839 1 0 1.000000
0  1.797971 -6.185743 -16.144739  0.632695 0.671534 0.385667  0.880574 0.197731 1 0 1.000000
Material_0
0  1.797971 -6.464722 -17.941792  0.631006 -0.389234 0.671065  0.206786 0.133976 1 0 1.000000
0  1.797971 -6.638251 -18.168514  0.629388 -0.751200 0.198920  0.203283 0.126974 1 0 1.000000
0  1.797971 -6.600883 -18.450989  0.631379 -0.671522 -0.387839  0.198854 0.124534 1 0 1.000000
Material_0
0  1.797971 -6.600883 -18.450989  0.631379 -0.671522 -0.387839  0.198854 0.124534 1 0 1.000000
0  1.797971 -6.638251 -18.168514  0.629388 -0.751200 0.198920  0.203283 0.126974 1 0 1.000000
0  -1.553921 -6.638251 -18.168514  -0.629416 -0.751166 0.198961  0.123142 0.153177 1 0 1.000000
Material_0
0  1.797971 -6.638251 -18.168514  0.629388 -0.751200 0.198920  0.203283 0.126974 1 0 1.000000
0  -1.553921 -6.464722 -17.941792  -0.630866 -0.389132 0.671257  0.126747 0.160178 1 0 1.000000
0  -1.553921 -6.638251 -18.168514  -0.629416 -0.751166 0.198961  0.123142 0.153177 1 0 1.000000
Material_0
0  -1.553921 -6.464722 -17.941792  -0.630866 -0.389132 0.671257  0.126747 0.160178 1 0 1.000000
0  -1.553921 -6.600883 -18.450989  -0.631285 -0.671566 -0.387915  0.118712 0.150737 1 0 1.000000
0  -1.553921 -6.638251 -18.168514  -0.629416 -0.751166 0.198961  0.123142 0.153177 1 0 1.000000
Material_0
0  -1.553921 -6.638251 -18.168514  -0.629416 -0.751166 0.198961  0.123142 0.153177 1 0 1.000000
0  -1.553921 -6.600883 -18.450989  -0.631285 -0.671566 -0.387915  0.118712 0.150737 1 0 1.000000
0  1.797971 -6.600883 -18.450989  0.631379 -0.671522 -0.387839  0.198854 0.124534 1 0 1.000000
Material_0
0  -1.553921 -6.600883 -18.450989  -0.631285 -0.671566 -0.387915  0.118712 0.150737 1 0 1.000000
0  1.797971 -6.375142 -18.623817  0.632106 -0.201768 -0.748152  0.196176 0.128035 1 0 1.000000
0  1.797971 -6.600883 -18.450989  0.631379 -0.671522 -0.387839  0.198854 0.124534 1 0 1.000000
Material_0
0  1.797971 -6.600883 -18.450989  0.631379 -0.671522 -0.387839  0.198854 0.124534 1 0 1.000000
0  1.797971 -6.375142 -18.623817  0.632106 -0.201768 -0.748152  0.196176 0.128035 1 0 1.000000
0  1.797971 -6.092067 -18.586651  0.630345 0.389211 -0.671700  0.196691 0.135461 1 0 1.000000
Material_0
0  1.797971 -6.375142 -18.623817  0.632106 -0.201768 -0.748152  0.196176 0.128035 1 0 1.000000
0  -1.553921 -6.375142 -18.623817  -0.632106 -0.201763 -0.748153  0.116034 0.154238 1 0 1.000000
0  1.797971 -6.092067 -18.586651  0.630345 0.389211 -0.671700  0.196691 0.135461 1 0 1.000000
Material_0
0  1.797971 -6.092067 -18.586651  0.630345 0.389211 -0.671700  0.196691 0.135461 1 0 1.000000
0  -1.553921 -6.375142 -18.623817  -0.632106 -0.201763 -0.748153  0.116034 0.154238 1 0 1.000000
0  -1.553921 -6.092067 -18.586651  -0.630343 0.389214 -0.671699  0.116652 0.161663 1 0 1.000000
Material_0
0  -1.553921 -6.375142 -18.623817  -0.632106 -0.201763 -0.748153  0.116034 0.154238 1 0 1.000000
0  -1.553921 -6.600883 -18.450989  -0.631285 -0.671566 -0.387915  0.118712 0.150737 1 0 1.000000
0  -1.553921 -6.092067 -18.586651  -0.630343 0.389214 -0.671699  0.116652 0.161663 1 0 1.000000
Material_0
0  -1.553921 -6.600883 -18.450989  -0.631285 -0.671566 -0.387915  0.118712 0.150737 1 0 1.000000
0  -1.553921 -6.464722 -17.941792  -0.630866 -0.389132 0.671257  0.126747 0.160178 1 0 1.000000
0  -1.553921 -6.092067 -18.586651  -0.630343 0.389214 -0.671699  0.116652 0.161663 1 0 1.000000
Material_0
0  -1.553921 -6.092067 -18.586651  -0.630343 0.389214 -0.671699  0.116652 0.161663 1 0 1.000000
0  -1.553921 -6.464722 -17.941792  -0.630866 -0.389132 0.671257  0.126747 0.160178 1 0 1.000000
0  -1.553921 -5.955906 -18.079313  -0.632729 0.671513 0.385648  0.124584 0.171105 1 0 1.000000
Material_0
0  -1.553921 -6.464722 -17.941792  -0.630866 -0.389132 0.671257  0.126747 0.160178 1 0 1.000000
0  -1.553921 -6.182160 -17.904625  -0.629330 0.201825 0.750474  0.127262 0.167604 1 0 1.000000
0  -1.553921 -5.955906 -18.079313  -0.632729 0.671513 0.385648  0.124584 0.171105 1 0 1.000000
Material_0
0  -1.553921 -5.955906 -18.079313  -0.632729 0.671513 0.385648  0.124584 0.171105 1 0 1.000000
0  -1.553921 -6.182160 -17.904625  -0.629330 0.201825 0.750474  0.127262 0.167604 1 0 1.000000
0  1.797971 -6.182160 -17.904625  0.629374 0.201846 0.750431  0.207404 0.141401 1 0 1.000000
Material_0
0  -1.553921 -6.182160 -17.904625  -0.629330 0.201825 0.750474  0.127262 0.167604 1 0 1.000000
0  1.797971 -6.464722 -17.941792  0.631006 -0.389234 0.671065  0.206786 0.133976 1 0 1.000000
0  1.797971 -6.182160 -17.904625  0.629374 0.201846 0.750431  0.207404 0.141401 1 0 1.000000
Material_0
0  1.797971 -6.182160 -17.904625  0.629374 0.201846 0.750431  0.207404 0.141401 1 0 1.000000
0  1.797971 -6.464722 -17.941792  0.631006 -0.389234 0.671065  0.206786 0.133976 1 0 1.000000
0  1.797971 -5.955906 -18.079313  0.632731 0.671512 0.385647  0.204623 0.144902 1 0 1.000000
Material_0
0  1.797971 -6.464722 -17.941792  0.631006 -0.389234 0.671065  0.206786 0.133976 1 0 1.000000
0  1.797971 -6.092067 -18.586651  0.630345 0.389211 -0.671700  0.196691 0.135461 1 0 1.000000
0  1.797971 -5.955906 -18.079313  0.632731 0.671512 0.385647  0.204623 0.144902 1 0 1.000000
Material_0
0  1.797971 -5.955906 -18.079313  0.632731 0.671512 0.385647  0.204623 0.144902 1 0 1.000000
0  1.797971 -6.092067 -18.586651  0.630345 0.389211 -0.671700  0.196691 0.135461 1 0 1.000000
0  1.797971 -5.918538 -18.361786  0.630081 0.751185 -0.196774  0.200296 0.142462 1 0 1.000000
Material_0
0  1.797971 -6.092067 -18.586651  0.630345 0.389211 -0.671700  0.196691 0.135461 1 0 1.000000
0  -1.553921 -6.092067 -18.586651  -0.630343 0.389214 -0.671699  0.116652 0.161663 1 0 1.000000
0  1.797971 -5.918538 -18.361786  0.630081 0.751185 -0.196774  0.200296 0.142462 1 0 1.000000
Material_0
0  1.797971 -5.918538 -18.361786  0.630081 0.751185 -0.196774  0.200296 0.142462 1 0 1.000000
0  -1.553921 -6.092067 -18.586651  -0.630343 0.389214 -0.671699  0.116652 0.161663 1 0 1.000000
0  -1.553921 -5.918538 -18.361786  -0.630081 0.751186 -0.196769  0.120154 0.168665 1 0 1.000000
Material_0
0  -1.553921 -6.092067 -18.586651  -0.630343 0.389214 -0.671699  0.116652 0.161663 1 0 1.000000
0  -1.553921 -5.955906 -18.079313  -0.632729 0.671513 0.385648  0.124584 0.171105 1 0 1.000000
0  -1.553921 -5.918538 -18.361786  -0.630081 0.751186 -0.196769  0.120154 0.168665 1 0 1.000000
Material_0
0  -1.553921 -5.918538 -18.361786  -0.630081 0.751186 -0.196769  0.120154 0.168665 1 0 1.000000
0  -1.553921 -5.955906 -18.079313  -0.632729 0.671513 0.385648  0.124584 0.171105 1 0 1.000000
0  1.797971 -5.955906 -18.079313  0.632731 0.671512 0.385647  0.204623 0.144902 1 0 1.000000
Material_0
0  -1.553921 -5.955906 -18.079313  -0.632729 0.671513 0.385648  0.124584 0.171105 1 0 1.000000
0  1.797971 -6.182160 -17.904625  0.629374 0.201846 0.750431  0.207404 0.141401 1 0 1.000000
0  1.797971 -5.955906 -18.079313  0.632731 0.671512 0.385647  0.204623 0.144902 1 0 1.000000
Material_0
0  1.797971 -6.638251 -18.168514  0.629388 -0.751200 0.198920  0.203283 0.126974 1 0 1.000000
0  1.797971 -6.464722 -17.941792  0.631006 -0.389234 0.671065  0.206786 0.133976 1 0 1.000000
0  -1.553921 -6.464722 -17.941792  -0.630866 -0.389132 0.671257  0.126747 0.160178 1 0 1.000000
Material_0
0  1.797971 -6.464722 -17.941792  0.631006 -0.389234 0.671065  0.206786 0.133976 1 0 1.000000
0  -1.553921 -6.182160 -17.904625  -0.629330 0.201825 0.750474  0.127262 0.167604 1 0 1.000000
0  -1.553921 -6.464722 -17.941792  -0.630866 -0.389132 0.671257  0.126747 0.160178 1 0 1.000000
Material_0
0  1.797971 -6.600883 -18.450989  0.631379 -0.671522 -0.387839  0.198854 0.124534 1 0 1.000000
0  1.797971 -6.092067 -18.586651  0.630345 0.389211 -0.671700  0.196691 0.135461 1 0 1.000000
0  1.797971 -6.464722 -17.941792  0.631006 -0.389234 0.671065  0.206786 0.133976 1 0 1.000000
Material_0
0  -1.553921 -6.375142 -18.623817  -0.632106 -0.201763 -0.748153  0.116034 0.154238 1 0 1.000000
0  1.797971 -6.375142 -18.623817  0.632106 -0.201768 -0.748152  0.196176 0.128035 1 0 1.000000
0  -1.553921 -6.600883 -18.450989  -0.631285 -0.671566 -0.387915  0.118712 0.150737 1 0 1.000000
Material_0
0  1.797971 -5.918538 -18.361786  0.630081 0.751185 -0.196774  0.200296 0.142462 1 0 1.000000
0  -1.553921 -5.918538 -18.361786  -0.630081 0.751186 -0.196769  0.120154 0.168665 1 0 1.000000
0  1.797971 -5.955906 -18.079313  0.632731 0.671512 0.385647  0.204623 0.144902 1 0 1.000000
Material_0
0  1.262768 -4.502146 -15.494304  0.627722 -0.550714 0.550162  0.898292 0.204945 1 0 1.000000
0  1.262768 -4.611690 -15.756337  0.630034 -0.776568 0.000163  0.898292 0.204839 1 0 1.000000
0  1.262768 -4.502146 -16.020227  0.627655 -0.550773 -0.550180  0.898292 0.204945 1 0 1.000000
Material_0
0  1.262768 -4.502146 -16.020227  0.627655 -0.550773 -0.550180  0.898292 0.204945 1 0 1.000000
0  1.262768 -4.611690 -15.756337  0.630034 -0.776568 0.000163  0.898292 0.204839 1 0 1.000000
0  -1.018718 -4.611691 -15.756337  -0.630042 -0.776561 0.000101  0.902206 0.204839 1 0 1.000000
Material_0
0  1.262768 -4.611690 -15.756337  0.630034 -0.776568 0.000163  0.898292 0.204839 1 0 1.000000
0  -1.018718 -4.502147 -15.494304  -0.627672 -0.550752 0.550182  0.902206 0.204945 1 0 1.000000
0  -1.018718 -4.611691 -15.756337  -0.630042 -0.776561 0.000101  0.902206 0.204839 1 0 1.000000
Material_0
0  -1.018718 -4.502147 -15.494304  -0.627672 -0.550752 0.550182  0.902206 0.204945 1 0 1.000000
0  -1.018718 -4.502147 -16.020227  -0.627705 -0.550749 -0.550147  0.902206 0.204945 1 0 1.000000
0  -1.018718 -4.611691 -15.756337  -0.630042 -0.776561 0.000101  0.902206 0.204839 1 0 1.000000
Material_0
0  -1.018718 -4.611691 -15.756337  -0.630042 -0.776561 0.000101  0.902206 0.204839 1 0 1.000000
0  -1.018718 -4.502147 -16.020227  -0.627705 -0.550749 -0.550147  0.902206 0.204945 1 0 1.000000
0  1.262768 -4.502146 -16.020227  0.627655 -0.550773 -0.550180  0.898292 0.204945 1 0 1.000000
Material_0
0  -1.018718 -4.502147 -16.020227  -0.627705 -0.550749 -0.550147  0.902206 0.204945 1 0 1.000000
0  1.262768 -4.239036 -16.129871  0.628547 0.002168 -0.777769  0.898292 0.205157 1 0 1.000000
0  1.262768 -4.502146 -16.020227  0.627655 -0.550773 -0.550180  0.898292 0.204945 1 0 1.000000
Material_0
0  1.262768 -4.502146 -16.020227  0.627655 -0.550773 -0.550180  0.898292 0.204945 1 0 1.000000
0  1.262768 -4.239036 -16.129871  0.628547 0.002168 -0.777769  0.898292 0.205157 1 0 1.000000
0  1.262768 -3.975414 -16.020227  0.631892 0.550787 -0.545294  0.898292 0.205369 1 0 1.000000
Material_0
0  1.262768 -4.239036 -16.129871  0.628547 0.002168 -0.777769  0.898292 0.205157 1 0 1.000000
0  -1.018718 -4.239037 -16.129871  -0.628546 0.002167 -0.777769  0.902206 0.205157 1 0 1.000000
0  1.262768 -3.975414 -16.020227  0.631892 0.550787 -0.545294  0.898292 0.205369 1 0 1.000000
Material_0
0  1.262768 -3.975414 -16.020227  0.631892 0.550787 -0.545294  0.898292 0.205369 1 0 1.000000
0  -1.018718 -4.239037 -16.129871  -0.628546 0.002167 -0.777769  0.902206 0.205157 1 0 1.000000
0  -1.018718 -3.975415 -16.020227  -0.631894 0.550787 -0.545293  0.902206 0.205369 1 0 1.000000
Material_0
0  -1.018718 -4.239037 -16.129871  -0.628546 0.002167 -0.777769  0.902206 0.205157 1 0 1.000000
0  -1.018718 -4.502147 -16.020227  -0.627705 -0.550749 -0.550147  0.902206 0.204945 1 0 1.000000
0  -1.018718 -3.975415 -16.020227  -0.631894 0.550787 -0.545293  0.902206 0.205369 1 0 1.000000
Material_0
0  -1.018718 -4.502147 -16.020227  -0.627705 -0.550749 -0.550147  0.902206 0.204945 1 0 1.000000
0  -1.018718 -4.502147 -15.494304  -0.627672 -0.550752 0.550182  0.902206 0.204945 1 0 1.000000
0  -1.018718 -3.975415 -16.020227  -0.631894 0.550787 -0.545293  0.902206 0.205369 1 0 1.000000
Material_0
0  -1.018718 -3.975415 -16.020227  -0.631894 0.550787 -0.545293  0.902206 0.205369 1 0 1.000000
0  -1.018718 -4.502147 -15.494304  -0.627672 -0.550752 0.550182  0.902206 0.204945 1 0 1.000000
0  -1.018718 -3.975415 -15.494304  -0.629438 0.550778 0.548135  0.902206 0.205369 1 0 1.000000
Material_0
0  -1.018718 -4.502147 -15.494304  -0.627672 -0.550752 0.550182  0.902206 0.204945 1 0 1.000000
0  -1.018718 -4.239037 -15.384662  -0.628547 0.002167 0.777768  0.902206 0.205157 1 0 1.000000
0  -1.018718 -3.975415 -15.494304  -0.629438 0.550778 0.548135  0.902206 0.205369 1 0 1.000000
Material_0
0  -1.018718 -3.975415 -15.494304  -0.629438 0.550778 0.548135  0.902206 0.205369 1 0 1.000000
0  -1.018718 -4.239037 -15.384662  -0.628547 0.002167 0.777768  0.902206 0.205157 1 0 1.000000
0  1.262768 -4.239036 -15.384662  0.628547 0.002168 0.777769  0.898292 0.205157 1 0 1.000000
Material_0
0  -1.018718 -4.239037 -15.384662  -0.628547 0.002167 0.777768  0.902206 0.205157 1 0 1.000000
0  1.262768 -4.502146 -15.494304  0.627722 -0.550714 0.550162  0.898292 0.204945 1 0 1.000000
0  1.262768 -4.239036 -15.384662  0.628547 0.002168 0.777769  0.898292 0.205157 1 0 1.000000
Material_0
0  1.262768 -4.239036 -15.384662  0.628547 0.002168 0.777769  0.898292 0.205157 1 0 1.000000
0  1.262768 -4.502146 -15.494304  0.627722 -0.550714 0.550162  0.898292 0.204945 1 0 1.000000
0  1.262768 -3.975414 -15.494304  0.629437 0.550780 0.548134  0.898292 0.205369 1 0 1.000000
Material_0
0  1.262768 -4.502146 -15.494304  0.627722 -0.550714 0.550162  0.898292 0.204945 1 0 1.000000
0  1.262768 -3.975414 -16.020227  0.631892 0.550787 -0.545294  0.898292 0.205369 1 0 1.000000
0  1.262768 -3.975414 -15.494304  0.629437 0.550780 0.548134  0.898292 0.205369 1 0 1.000000
Material_0
0  1.262768 -3.975414 -15.494304  0.629437 0.550780 0.548134  0.898292 0.205369 1 0 1.000000
0  1.262768 -3.975414 -16.020227  0.631892 0.550787 -0.545294  0.898292 0.205369 1 0 1.000000
0  1.262768 -3.866382 -15.756337  0.630054 0.776549 -0.001873  0.898292 0.205476 1 0 1.000000
Material_0
0  1.262768 -3.975414 -16.020227  0.631892 0.550787 -0.545294  0.898292 0.205369 1 0 1.000000
0  -1.018718 -3.975415 -16.020227  -0.631894 0.550787 -0.545293  0.902206 0.205369 1 0 1.000000
0  1.262768 -3.866382 -15.756337  0.630054 0.776549 -0.001873  0.898292 0.205476 1 0 1.000000
Material_0
0  1.262768 -3.866382 -15.756337  0.630054 0.776549 -0.001873  0.898292 0.205476 1 0 1.000000
0  -1.018718 -3.975415 -16.020227  -0.631894 0.550787 -0.545293  0.902206 0.205369 1 0 1.000000
0  -1.018718 -3.866383 -15.756337  -0.630054 0.776549 -0.001870  0.902206 0.205476 1 0 1.000000
Material_0
0  -1.018718 -3.975415 -16.020227  -0.631894 0.550787 -0.545293  0.902206 0.205369 1 0 1.000000
0  -1.018718 -3.975415 -15.494304  -0.629438 0.550778 0.548135  0.902206 0.205369 1 0 1.000000
0  -1.018718 -3.866383 -15.756337  -0.630054 0.776549 -0.001870  0.902206 0.205476 1 0 1.000000
Material_0
0  -1.018718 -3.866383 -15.756337  -0.630054 0.776549 -0.001870  0.902206 0.205476 1 0 1.000000
0  -1.018718 -3.975415 -15.494304  -0.629438 0.550778 0.548135  0.902206 0.205369 1 0 1.000000
0  1.262768 -3.975414 -15.494304  0.629437 0.550780 0.548134  0.898292 0.205369 1 0 1.000000
Material_0
0  -1.018718 -3.975415 -15.494304  -0.629438 0.550778 0.548135  0.902206 0.205369 1 0 1.000000
0  1.262768 -4.239036 -15.384662  0.628547 0.002168 0.777769  0.898292 0.205157 1 0 1.000000
0  1.262768 -3.975414 -15.494304  0.629437 0.550780 0.548134  0.898292 0.205369 1 0 1.000000
Material_0
0  1.262768 -4.611690 -15.756337  0.630034 -0.776568 0.000163  0.898292 0.204839 1 0 1.000000
0  1.262768 -4.502146 -15.494304  0.627722 -0.550714 0.550162  0.898292 0.204945 1 0 1.000000
0  -1.018718 -4.502147 -15.494304  -0.627672 -0.550752 0.550182  0.902206 0.204945 1 0 1.000000
Material_0
0  1.262768 -4.502146 -15.494304  0.627722 -0.550714 0.550162  0.898292 0.204945 1 0 1.000000
0  -1.018718 -4.239037 -15.384662  -0.628547 0.002167 0.777768  0.902206 0.205157 1 0 1.000000
0  -1.018718 -4.502147 -15.494304  -0.627672 -0.550752 0.550182  0.902206 0.204945 1 0 1.000000
Material_0
0  1.262768 -4.502146 -16.020227  0.627655 -0.550773 -0.550180  0.898292 0.204945 1 0 1.000000
0  1.262768 -3.975414 -16.020227  0.631892 0.550787 -0.545294  0.898292 0.205369 1 0 1.000000
0  1.262768 -4.502146 -15.494304  0.627722 -0.550714 0.550162  0.898292 0.204945 1 0 1.000000
Material_0
0  -1.018718 -4.239037 -16.129871  -0.628546 0.002167 -0.777769  0.902206 0.205157 1 0 1.000000
0  1.262768 -4.239036 -16.129871  0.628547 0.002168 -0.777769  0.898292 0.205157 1 0 1.000000
0  -1.018718 -4.502147 -16.020227  -0.627705 -0.550749 -0.550147  0.902206 0.204945 1 0 1.000000
Material_0
0  1.262768 -3.866382 -15.756337  0.630054 0.776549 -0.001873  0.898292 0.205476 1 0 1.000000
0  -1.018718 -3.866383 -15.756337  -0.630054 0.776549 -0.001870  0.902206 0.205476 1 0 1.000000
0  1.262768 -3.975414 -15.494304  0.629437 0.550780 0.548134  0.898292 0.205369 1 0 1.000000
Material_0
0  1.616223 -2.962902 -23.306936  0.627639 -0.550777 0.550195  0.507472 0.603075 1 0 1.000000
0  1.616223 -3.045316 -23.505785  0.630053 -0.776552 -0.000038  0.507472 0.602756 1 0 1.000000
0  1.616223 -2.962903 -23.702772  0.627632 -0.550785 -0.550195  0.507472 0.603075 1 0 1.000000
Material_0
0  1.616223 -2.962903 -23.702772  0.627632 -0.550785 -0.550195  0.507472 0.603075 1 0 1.000000
0  1.616223 -3.045316 -23.505785  0.630053 -0.776552 -0.000038  0.507472 0.602756 1 0 1.000000
0  -1.291108 -3.045317 -23.505785  -0.630046 -0.776557 -0.000105  0.520760 0.602756 1 0 1.000000
Material_0
0  1.616223 -3.045316 -23.505785  0.630053 -0.776552 -0.000038  0.507472 0.602756 1 0 1.000000
0  -1.291108 -2.962903 -23.306936  -0.627638 -0.550781 0.550192  0.520760 0.603075 1 0 1.000000
0  -1.291108 -3.045317 -23.505785  -0.630046 -0.776557 -0.000105  0.520760 0.602756 1 0 1.000000
Material_0
0  -1.291108 -2.962903 -23.306936  -0.627638 -0.550781 0.550192  0.520760 0.603075 1 0 1.000000
0  -1.291108 -2.962903 -23.702772  -0.627680 -0.550767 -0.550158  0.520760 0.603075 1 0 1.000000
0  -1.291108 -3.045317 -23.505785  -0.630046 -0.776557 -0.000105  0.520760 0.602756 1 0 1.000000
Material_0
0  -1.291108 -3.045317 -23.505785  -0.630046 -0.776557 -0.000105  0.520760 0.602756 1 0 1.000000
0  -1.291108 -2.962903 -23.702772  -0.627680 -0.550767 -0.550158  0.520760 0.603075 1 0 1.000000
0  1.616223 -2.962903 -23.702772  0.627632 -0.550785 -0.550195  0.507472 0.603075 1 0 1.000000
Material_0
0  -1.291108 -2.962903 -23.702772  -0.627680 -0.550767 -0.550158  0.520760 0.603075 1 0 1.000000
0  1.616223 -2.764802 -23.786398  0.628531 0.002201 -0.777782  0.507472 0.603817 1 0 1.000000
0  1.616223 -2.962903 -23.702772  0.627632 -0.550785 -0.550195  0.507472 0.603075 1 0 1.000000
Material_0
0  1.616223 -2.962903 -23.702772  0.627632 -0.550785 -0.550195  0.507472 0.603075 1 0 1.000000
0  1.616223 -2.764802 -23.786398  0.628531 0.002201 -0.777782  0.507472 0.603817 1 0 1.000000
0  1.616223 -2.566702 -23.702772  0.631894 0.550776 -0.545303  0.507472 0.604560 1 0 1.000000
Material_0
0  1.616223 -2.764802 -23.786398  0.628531 0.002201 -0.777782  0.507472 0.603817 1 0 1.000000
0  -1.291108 -2.764803 -23.786398  -0.628547 0.002147 -0.777769  0.520760 0.603817 1 0 1.000000
0  1.616223 -2.566702 -23.702772  0.631894 0.550776 -0.545303  0.507472 0.604560 1 0 1.000000
Material_0
0  1.616223 -2.566702 -23.702772  0.631894 0.550776 -0.545303  0.507472 0.604560 1 0 1.000000
0  -1.291108 -2.764803 -23.786398  -0.628547 0.002147 -0.777769  0.520760 0.603817 1 0 1.000000
0  -1.291108 -2.566703 -23.702772  -0.631896 0.550779 -0.545299  0.520760 0.604560 1 0 1.000000
Material_0
0  -1.291108 -2.764803 -23.786398  -0.628547 0.002147 -0.777769  0.520760 0.603817 1 0 1.000000
0  -1.291108 -2.962903 -23.702772  -0.627680 -0.550767 -0.550158  0.520760 0.603075 1 0 1.000000
0  -1.291108 -2.566703 -23.702772  -0.631896 0.550779 -0.545299  0.520760 0.604560 1 0 1.000000
Material_0
0  -1.291108 -2.962903 -23.702772  -0.627680 -0.550767 -0.550158  0.520760 0.603075 1 0 1.000000
0  -1.291108 -2.962903 -23.306936  -0.627638 -0.550781 0.550192  0.520760 0.603075 1 0 1.000000
0  -1.291108 -2.566703 -23.702772  -0.631896 0.550779 -0.545299  0.520760 0.604560 1 0 1.000000
Material_0
0  -1.291108 -2.566703 -23.702772  -0.631896 0.550779 -0.545299  0.520760 0.604560 1 0 1.000000
0  -1.291108 -2.962903 -23.306936  -0.627638 -0.550781 0.550192  0.520760 0.603075 1 0 1.000000
0  -1.291108 -2.566703 -23.306936  -0.629449 0.550741 0.548159  0.520760 0.604560 1 0 1.000000
Material_0
0  -1.291108 -2.962903 -23.306936  -0.627638 -0.550781 0.550192  0.520760 0.603075 1 0 1.000000
0  -1.291108 -2.764803 -23.225168  -0.628544 0.002171 0.777771  0.520760 0.603817 1 0 1.000000
0  -1.291108 -2.566703 -23.306936  -0.629449 0.550741 0.548159  0.520760 0.604560 1 0 1.000000
Material_0
0  -1.291108 -2.566703 -23.306936  -0.629449 0.550741 0.548159  0.520760 0.604560 1 0 1.000000
0  -1.291108 -2.764803 -23.225168  -0.628544 0.002171 0.777771  0.520760 0.603817 1 0 1.000000
0  1.616223 -2.764802 -23.225168  0.628583 0.002138 0.777739  0.507472 0.603817 1 0 1.000000
Material_0
0  -1.291108 -2.764803 -23.225168  -0.628544 0.002171 0.777771  0.520760 0.603817 1 0 1.000000
0  1.616223 -2.962902 -23.306936  0.627639 -0.550777 0.550195  0.507472 0.603075 1 0 1.000000
0  1.616223 -2.764802 -23.225168  0.628583 0.002138 0.777739  0.507472 0.603817 1 0 1.000000
Material_0
0  1.616223 -2.764802 -23.225168  0.628583 0.002138 0.777739  0.507472 0.603817 1 0 1.000000
0  1.616223 -2.962902 -23.306936  0.627639 -0.550777 0.550195  0.507472 0.603075 1 0 1.000000
0  1.616223 -2.566702 -23.306936  0.629429 0.550797 0.548125  0.507472 0.604560 1 0 1.000000
Material_0
0  1.616223 -2.962902 -23.306936  0.627639 -0.550777 0.550195  0.507472 0.603075 1 0 1.000000
0  1.616223 -2.566702 -23.702772  0.631894 0.550776 -0.545303  0.507472 0.604560 1 0 1.000000
0  1.616223 -2.566702 -23.306936  0.629429 0.550797 0.548125  0.507472 0.604560 1 0 1.000000
Material_0
0  1.616223 -2.566702 -23.306936  0.629429 0.550797 0.548125  0.507472 0.604560 1 0 1.000000
0  1.616223 -2.566702 -23.702772  0.631894 0.550776 -0.545303  0.507472 0.604560 1 0 1.000000
0  1.616223 -2.484288 -23.505785  0.630081 0.776526 -0.002035  0.507472 0.604878 1 0 1.000000
Material_0
0  1.616223 -2.566702 -23.702772  0.631894 0.550776 -0.545303  0.507472 0.604560 1 0 1.000000
0  -1.291108 -2.566703 -23.702772  -0.631896 0.550779 -0.545299  0.520760 0.604560 1 0 1.000000
0  1.616223 -2.484288 -23.505785  0.630081 0.776526 -0.002035  0.507472 0.604878 1 0 1.000000
Material_0
0  1.616223 -2.484288 -23.505785  0.630081 0.776526 -0.002035  0.507472 0.604878 1 0 1.000000
0  -1.291108 -2.566703 -23.702772  -0.631896 0.550779 -0.545299  0.520760 0.604560 1 0 1.000000
0  -1.291108 -2.484289 -23.505785  -0.630034 0.776565 -0.001785  0.520760 0.604878 1 0 1.000000
Material_0
0  -1.291108 -2.566703 -23.702772  -0.631896 0.550779 -0.545299  0.520760 0.604560 1 0 1.000000
0  -1.291108 -2.566703 -23.306936  -0.629449 0.550741 0.548159  0.520760 0.604560 1 0 1.000000
0  -1.291108 -2.484289 -23.505785  -0.630034 0.776565 -0.001785  0.520760 0.604878 1 0 1.000000
Material_0
0  -1.291108 -2.484289 -23.505785  -0.630034 0.776565 -0.001785  0.520760 0.604878 1 0 1.000000
0  -1.291108 -2.566703 -23.306936  -0.629449 0.550741 0.548159  0.520760 0.604560 1 0 1.000000
0  1.616223 -2.566702 -23.306936  0.629429 0.550797 0.548125  0.507472 0.604560 1 0 1.000000
Material_0
0  -1.291108 -2.566703 -23.306936  -0.629449 0.550741 0.548159  0.520760 0.604560 1 0 1.000000
0  1.616223 -2.764802 -23.225168  0.628583 0.002138 0.777739  0.507472 0.603817 1 0 1.000000
0  1.616223 -2.566702 -23.306936  0.629429 0.550797 0.548125  0.507472 0.604560 1 0 1.000000
Material_0
0  1.616223 -3.045316 -23.505785  0.630053 -0.776552 -0.000038  0.507472 0.602756 1 0 1.000000
0  1.616223 -2.962902 -23.306936  0.627639 -0.550777 0.550195  0.507472 0.603075 1 0 1.000000
0  -1.291108 -2.962903 -23.306936  -0.627638 -0.550781 0.550192  0.520760 0.603075 1 0 1.000000
Material_0
0  1.616223 -2.962902 -23.306936  0.627639 -0.550777 0.550195  0.507472 0.603075 1 0 1.000000
0  -1.291108 -2.764803 -23.225168  -0.628544 0.002171 0.777771  0.520760 0.603817 1 0 1.000000
0  -1.291108 -2.962903 -23.306936  -0.627638 -0.550781 0.550192  0.520760 0.603075 1 0 1.000000
Material_0
0  1.616223 -2.962903 -23.702772  0.627632 -0.550785 -0.550195  0.507472 0.603075 1 0 1.000000
0  1.616223 -2.566702 -23.702772  0.631894 0.550776 -0.545303  0.507472 0.604560 1 0 1.000000
0  1.616223 -2.962902 -23.306936  0.627639 -0.550777 0.550195  0.507472 0.603075 1 0 1.000000
Material_0
0  -1.291108 -2.764803 -23.786398  -0.628547 0.002147 -0.777769  0.520760 0.603817 1 0 1.000000
0  1.616223 -2.764802 -23.786398  0.628531 0.002201 -0.777782  0.507472 0.603817 1 0 1.000000
0  -1.291108 -2.962903 -23.702772  -0.627680 -0.550767 -0.550158  0.520760 0.603075 1 0 1.000000
Material_0
0  1.616223 -2.484288 -23.505785  0.630081 0.776526 -0.002035  0.507472 0.604878 1 0 1.000000
0  -1.291108 -2.484289 -23.505785  -0.630034 0.776565 -0.001785  0.520760 0.604878 1 0 1.000000
0  1.616223 -2.566702 -23.306936  0.629429 0.550797 0.548125  0.507472 0.604560 1 0 1.000000
Material_0
0  1.616222 -2.962903 -26.624146  0.627687 -0.550735 0.550182  0.507472 0.603075 1 0 1.000000
0  1.616222 -3.045317 -26.822992  0.630219 -0.776418 0.000004  0.507472 0.602756 1 0 1.000000
0  1.616222 -2.962903 -27.021839  0.627686 -0.550740 -0.550177  0.507472 0.603075 1 0 1.000000
Material_0
0  1.616222 -2.962903 -27.021839  0.627686 -0.550740 -0.550177  0.507472 0.603075 1 0 1.000000
0  1.616222 -3.045317 -26.822992  0.630219 -0.776418 0.000004  0.507472 0.602756 1 0 1.000000
0  -1.291109 -3.045318 -26.822992  -0.630218 -0.776418 -0.000004  0.520760 0.602756 1 0 1.000000
Material_0
0  1.616222 -3.045317 -26.822992  0.630219 -0.776418 0.000004  0.507472 0.602756 1 0 1.000000
0  -1.291109 -2.962904 -26.624146  -0.627637 -0.550776 0.550198  0.520760 0.603075 1 0 1.000000
0  -1.291109 -3.045318 -26.822992  -0.630218 -0.776418 -0.000004  0.520760 0.602756 1 0 1.000000
Material_0
0  -1.291109 -2.962904 -26.624146  -0.627637 -0.550776 0.550198  0.520760 0.603075 1 0 1.000000
0  -1.291109 -2.962904 -27.021839  -0.627639 -0.550776 -0.550196  0.520760 0.603075 1 0 1.000000
0  -1.291109 -3.045318 -26.822992  -0.630218 -0.776418 -0.000004  0.520760 0.602756 1 0 1.000000
Material_0
0  -1.291109 -3.045318 -26.822992  -0.630218 -0.776418 -0.000004  0.520760 0.602756 1 0 1.000000
0  -1.291109 -2.962904 -27.021839  -0.627639 -0.550776 -0.550196  0.520760 0.603075 1 0 1.000000
0  1.616222 -2.962903 -27.021839  0.627686 -0.550740 -0.550177  0.507472 0.603075 1 0 1.000000
Material_0
0  -1.291109 -2.962904 -27.021839  -0.627639 -0.550776 -0.550196  0.520760 0.603075 1 0 1.000000
0  1.616222 -2.764802 -27.103607  0.628543 0.002170 -0.777772  0.507472 0.603817 1 0 1.000000
0  1.616222 -2.962903 -27.021839  0.627686 -0.550740 -0.550177  0.507472 0.603075 1 0 1.000000
Material_0
0  1.616222 -2.962903 -27.021839  0.627686 -0.550740 -0.550177  0.507472 0.603075 1 0 1.000000
0  1.616222 -2.764802 -27.103607  0.628543 0.002170 -0.777772  0.507472 0.603817 1 0 1.000000
0  1.616222 -2.566702 -27.021839  0.631901 0.550789 -0.545283  0.507472 0.604560 1 0 1.000000
Material_0
0  1.616222 -2.764802 -27.103607  0.628543 0.002170 -0.777772  0.507472 0.603817 1 0 1.000000
0  -1.291109 -2.764803 -27.103607  -0.628546 0.002181 -0.777769  0.520760 0.603817 1 0 1.000000
0  1.616222 -2.566702 -27.021839  0.631901 0.550789 -0.545283  0.507472 0.604560 1 0 1.000000
Material_0
0  1.616222 -2.566702 -27.021839  0.631901 0.550789 -0.545283  0.507472 0.604560 1 0 1.000000
0  -1.291109 -2.764803 -27.103607  -0.628546 0.002181 -0.777769  0.520760 0.603817 1 0 1.000000
0  -1.291109 -2.566703 -27.021839  -0.631900 0.550793 -0.545279  0.520760 0.604560 1 0 1.000000
Material_0
0  -1.291109 -2.764803 -27.103607  -0.628546 0.002181 -0.777769  0.520760 0.603817 1 0 1.000000
0  -1.291109 -2.962904 -27.021839  -0.627639 -0.550776 -0.550196  0.520760 0.603075 1 0 1.000000
0  -1.291109 -2.566703 -27.021839  -0.631900 0.550793 -0.545279  0.520760 0.604560 1 0 1.000000
Material_0
0  -1.291109 -2.962904 -27.021839  -0.627639 -0.550776 -0.550196  0.520760 0.603075 1 0 1.000000
0  -1.291109 -2.962904 -26.624146  -0.627637 -0.550776 0.550198  0.520760 0.603075 1 0 1.000000
0  -1.291109 -2.566703 -27.021839  -0.631900 0.550793 -0.545279  0.520760 0.604560 1 0 1.000000
Material_0
0  -1.291109 -2.566703 -27.021839  -0.631900 0.550793 -0.545279  0.520760 0.604560 1 0 1.000000
0  -1.291109 -2.962904 -26.624146  -0.627637 -0.550776 0.550198  0.520760 0.603075 1 0 1.000000
0  -1.291109 -2.566703 -26.624146  -0.629413 0.550845 0.548097  0.520760 0.604560 1 0 1.000000
Material_0
0  -1.291109 -2.962904 -26.624146  -0.627637 -0.550776 0.550198  0.520760 0.603075 1 0 1.000000
0  -1.291109 -2.764803 -26.542377  -0.628583 0.002133 0.777740  0.520760 0.603817 1 0 1.000000
0  -1.291109 -2.566703 -26.624146  -0.629413 0.550845 0.548097  0.520760 0.604560 1 0 1.000000
Material_0
0  -1.291109 -2.566703 -26.624146  -0.629413 0.550845 0.548097  0.520760 0.604560 1 0 1.000000
0  -1.291109 -2.764803 -26.542377  -0.628583 0.002133 0.777740  0.520760 0.603817 1 0 1.000000
0  1.616222 -2.764802 -26.542377  0.628545 0.002177 0.777771  0.507472 0.603817 1 0 1.000000
Material_0
0  -1.291109 -2.764803 -26.542377  -0.628583 0.002133 0.777740  0.520760 0.603817 1 0 1.000000
0  1.616222 -2.962903 -26.624146  0.627687 -0.550735 0.550182  0.507472 0.603075 1 0 1.000000
0  1.616222 -2.764802 -26.542377  0.628545 0.002177 0.777771  0.507472 0.603817 1 0 1.000000
Material_0
0  1.616222 -2.764802 -26.542377  0.628545 0.002177 0.777771  0.507472 0.603817 1 0 1.000000
0  1.616222 -2.962903 -26.624146  0.627687 -0.550735 0.550182  0.507472 0.603075 1 0 1.000000
0  1.616222 -2.566702 -26.624146  0.629428 0.550796 0.548128  0.507472 0.604560 1 0 1.000000
Material_0
0  1.616222 -2.962903 -26.624146  0.627687 -0.550735 0.550182  0.507472 0.603075 1 0 1.000000
0  1.616222 -2.566702 -27.021839  0.631901 0.550789 -0.545283  0.507472 0.604560 1 0 1.000000
0  1.616222 -2.566702 -26.624146  0.629428 0.550796 0.548128  0.507472 0.604560 1 0 1.000000
Material_0
0  1.616222 -2.566702 -26.624146  0.629428 0.550796 0.548128  0.507472 0.604560 1 0 1.000000
0  1.616222 -2.566702 -27.021839  0.631901 0.550789 -0.545283  0.507472 0.604560 1 0 1.000000
0  1.616222 -2.484289 -26.822992  0.630048 0.776554 -0.001948  0.507472 0.604878 1 0 1.000000
Material_0
0  1.616222 -2.566702 -27.021839  0.631901 0.550789 -0.545283  0.507472 0.604560 1 0 1.000000
0  -1.291109 -2.566703 -27.021839  -0.631900 0.550793 -0.545279  0.520760 0.604560 1 0 1.000000
0  1.616222 -2.484289 -26.822992  0.630048 0.776554 -0.001948  0.507472 0.604878 1 0 1.000000
Material_0
0  1.616222 -2.484289 -26.822992  0.630048 0.776554 -0.001948  0.507472 0.604878 1 0 1.000000
0  -1.291109 -2.566703 -27.021839  -0.631900 0.550793 -0.545279  0.520760 0.604560 1 0 1.000000
0  -1.291109 -2.484290 -26.822992  -0.630059 0.776545 -0.001817  0.520760 0.604878 1 0 1.000000
Material_0
0  -1.291109 -2.566703 -27.021839  -0.631900 0.550793 -0.545279  0.520760 0.604560 1 0 1.000000
0  -1.291109 -2.566703 -26.624146  -0.629413 0.550845 0.548097  0.520760 0.604560 1 0 1.000000
0  -1.291109 -2.484290 -26.822992  -0.630059 0.776545 -0.001817  0.520760 0.604878 1 0 1.000000
Material_0
0  -1.291109 -2.484290 -26.822992  -0.630059 0.776545 -0.001817  0.520760 0.604878 1 0 1.000000
0  -1.291109 -2.566703 -26.624146  -0.629413 0.550845 0.548097  0.520760 0.604560 1 0 1.000000
0  1.616222 -2.566702 -26.624146  0.629428 0.550796 0.548128  0.507472 0.604560 1 0 1.000000
Material_0
0  -1.291109 -2.566703 -26.624146  -0.629413 0.550845 0.548097  0.520760 0.604560 1 0 1.000000
0  1.616222 -2.764802 -26.542377  0.628545 0.002177 0.777771  0.507472 0.603817 1 0 1.000000
0  1.616222 -2.566702 -26.624146  0.629428 0.550796 0.548128  0.507472 0.604560 1 0 1.000000
Material_0
0  1.616222 -3.045317 -26.822992  0.630219 -0.776418 0.000004  0.507472 0.602756 1 0 1.000000
0  1.616222 -2.962903 -26.624146  0.627687 -0.550735 0.550182  0.507472 0.603075 1 0 1.000000
0  -1.291109 -2.962904 -26.624146  -0.627637 -0.550776 0.550198  0.520760 0.603075 1 0 1.000000
Material_0
0  1.616222 -2.962903 -26.624146  0.627687 -0.550735 0.550182  0.507472 0.603075 1 0 1.000000
0  -1.291109 -2.764803 -26.542377  -0.628583 0.002133 0.777740  0.520760 0.603817 1 0 1.000000
0  -1.291109 -2.962904 -26.624146  -0.627637 -0.550776 0.550198  0.520760 0.603075 1 0 1.000000
Material_0
0  1.616222 -2.962903 -27.021839  0.627686 -0.550740 -0.550177  0.507472 0.603075 1 0 1.000000
0  1.616222 -2.566702 -27.021839  0.631901 0.550789 -0.545283  0.507472 0.604560 1 0 1.000000
0  1.616222 -2.962903 -26.624146  0.627687 -0.550735 0.550182  0.507472 0.603075 1 0 1.000000
Material_0
0  -1.291109 -2.764803 -27.103607  -0.628546 0.002181 -0.777769  0.520760 0.603817 1 0 1.000000
0  1.616222 -2.764802 -27.103607  0.628543 0.002170 -0.777772  0.507472 0.603817 1 0 1.000000
0  -1.291109 -2.962904 -27.021839  -0.627639 -0.550776 -0.550196  0.520760 0.603075 1 0 1.000000
Material_0
0  1.616222 -2.484289 -26.822992  0.630048 0.776554 -0.001948  0.507472 0.604878 1 0 1.000000
0  -1.291109 -2.484290 -26.822992  -0.630059 0.776545 -0.001817  0.520760 0.604878 1 0 1.000000
0  1.616222 -2.566702 -26.624146  0.629428 0.550796 0.548128  0.507472 0.604560 1 0 1.000000
Material_0
0  1.616222 -1.385779 -27.059008  0.627638 -0.550777 0.550195  0.507472 0.603075 1 0 1.000000
0  1.616222 -1.468193 -27.257854  0.630217 -0.776419 0.000001  0.507472 0.602756 1 0 1.000000
0  1.616222 -1.385779 -27.456699  0.627685 -0.550735 -0.550184  0.507472 0.603075 1 0 1.000000
Material_0
0  1.616222 -1.385779 -27.456699  0.627685 -0.550735 -0.550184  0.507472 0.603075 1 0 1.000000
0  1.616222 -1.468193 -27.257854  0.630217 -0.776419 0.000001  0.507472 0.602756 1 0 1.000000
0  -1.291109 -1.468194 -27.257854  -0.630217 -0.776419 -0.000004  0.520760 0.602756 1 0 1.000000
Material_0
0  1.616222 -1.468193 -27.257854  0.630217 -0.776419 0.000001  0.507472 0.602756 1 0 1.000000
0  -1.291109 -1.385780 -27.059008  -0.627735 -0.550698 0.550164  0.520760 0.603075 1 0 1.000000
0  -1.291109 -1.468194 -27.257854  -0.630217 -0.776419 -0.000004  0.520760 0.602756 1 0 1.000000
Material_0
0  -1.291109 -1.385780 -27.059008  -0.627735 -0.550698 0.550164  0.520760 0.603075 1 0 1.000000
0  -1.291109 -1.385780 -27.456699  -0.627641 -0.550781 -0.550188  0.520760 0.603075 1 0 1.000000
0  -1.291109 -1.468194 -27.257854  -0.630217 -0.776419 -0.000004  0.520760 0.602756 1 0 1.000000
Material_0
0  -1.291109 -1.468194 -27.257854  -0.630217 -0.776419 -0.000004  0.520760 0.602756 1 0 1.000000
0  -1.291109 -1.385780 -27.456699  -0.627641 -0.550781 -0.550188  0.520760 0.603075 1 0 1.000000
0  1.616222 -1.385779 -27.456699  0.627685 -0.550735 -0.550184  0.507472 0.603075 1 0 1.000000
Material_0
0  -1.291109 -1.385780 -27.456699  -0.627641 -0.550781 -0.550188  0.520760 0.603075 1 0 1.000000
0  1.616222 -1.187679 -27.538469  0.628547 0.002182 -0.777769  0.507472 0.603817 1 0 1.000000
0  1.616222 -1.385779 -27.456699  0.627685 -0.550735 -0.550184  0.507472 0.603075 1 0 1.000000
Material_0
0  1.616222 -1.385779 -27.456699  0.627685 -0.550735 -0.550184  0.507472 0.603075 1 0 1.000000
0  1.616222 -1.187679 -27.538469  0.628547 0.002182 -0.777769  0.507472 0.603817 1 0 1.000000
0  1.616222 -0.989067 -27.456699  0.631901 0.550799 -0.545272  0.507472 0.604560 1 0 1.000000
Material_0
0  1.616222 -1.187679 -27.538469  0.628547 0.002182 -0.777769  0.507472 0.603817 1 0 1.000000
0  -1.291109 -1.187680 -27.538469  -0.628536 0.002172 -0.777777  0.520760 0.603817 1 0 1.000000
0  1.616222 -0.989067 -27.456699  0.631901 0.550799 -0.545272  0.507472 0.604560 1 0 1.000000
Material_0
0  1.616222 -0.989067 -27.456699  0.631901 0.550799 -0.545272  0.507472 0.604560 1 0 1.000000
0  -1.291109 -1.187680 -27.538469  -0.628536 0.002172 -0.777777  0.520760 0.603817 1 0 1.000000
0  -1.291109 -0.989067 -27.456699  -0.631883 0.550769 -0.545323  0.520760 0.604560 1 0 1.000000
Material_0
0  -1.291109 -1.187680 -27.538469  -0.628536 0.002172 -0.777777  0.520760 0.603817 1 0 1.000000
0  -1.291109 -1.385780 -27.456699  -0.627641 -0.550781 -0.550188  0.520760 0.603075 1 0 1.000000
0  -1.291109 -0.989067 -27.456699  -0.631883 0.550769 -0.545323  0.520760 0.604560 1 0 1.000000
Material_0
0  -1.291109 -1.385780 -27.456699  -0.627641 -0.550781 -0.550188  0.520760 0.603075 1 0 1.000000
0  -1.291109 -1.385780 -27.059008  -0.627735 -0.550698 0.550164  0.520760 0.603075 1 0 1.000000
0  -1.291109 -0.989067 -27.456699  -0.631883 0.550769 -0.545323  0.520760 0.604560 1 0 1.000000
Material_0
0  -1.291109 -0.989067 -27.456699  -0.631883 0.550769 -0.545323  0.520760 0.604560 1 0 1.000000
0  -1.291109 -1.385780 -27.059008  -0.627735 -0.550698 0.550164  0.520760 0.603075 1 0 1.000000
0  -1.291109 -0.989067 -27.059008  -0.629458 0.550696 0.548193  0.520760 0.604560 1 0 1.000000
Material_0
0  -1.291109 -1.385780 -27.059008  -0.627735 -0.550698 0.550164  0.520760 0.603075 1 0 1.000000
0  -1.291109 -1.187680 -26.977238  -0.628542 0.002176 0.777772  0.520760 0.603817 1 0 1.000000
0  -1.291109 -0.989067 -27.059008  -0.629458 0.550696 0.548193  0.520760 0.604560 1 0 1.000000
Material_0
0  -1.291109 -0.989067 -27.059008  -0.629458 0.550696 0.548193  0.520760 0.604560 1 0 1.000000
0  -1.291109 -1.187680 -26.977238  -0.628542 0.002176 0.777772  0.520760 0.603817 1 0 1.000000
0  1.616222 -1.187679 -26.977238  0.628540 0.002178 0.777774  0.507472 0.603817 1 0 1.000000
Material_0
0  -1.291109 -1.187680 -26.977238  -0.628542 0.002176 0.777772  0.520760 0.603817 1 0 1.000000
0  1.616222 -1.385779 -27.059008  0.627638 -0.550777 0.550195  0.507472 0.603075 1 0 1.000000
0  1.616222 -1.187679 -26.977238  0.628540 0.002178 0.777774  0.507472 0.603817 1 0 1.000000
Material_0
0  1.616222 -1.187679 -26.977238  0.628540 0.002178 0.777774  0.507472 0.603817 1 0 1.000000
0  1.616222 -1.385779 -27.059008  0.627638 -0.550777 0.550195  0.507472 0.603075 1 0 1.000000
0  1.616222 -0.989067 -27.059008  0.629458 0.550700 0.548190  0.507472 0.604560 1 0 1.000000
Material_0
0  1.616222 -1.385779 -27.059008  0.627638 -0.550777 0.550195  0.507472 0.603075 1 0 1.000000
0  1.616222 -0.989067 -27.456699  0.631901 0.550799 -0.545272  0.507472 0.604560 1 0 1.000000
0  1.616222 -0.989067 -27.059008  0.629458 0.550700 0.548190  0.507472 0.604560 1 0 1.000000
Material_0
0  1.616222 -0.989067 -27.059008  0.629458 0.550700 0.548190  0.507472 0.604560 1 0 1.000000
0  1.616222 -0.989067 -27.456699  0.631901 0.550799 -0.545272  0.507472 0.604560 1 0 1.000000
0  1.616222 -0.907165 -27.257854  0.630046 0.776556 -0.001904  0.507472 0.604878 1 0 1.000000
Material_0
0  1.616222 -0.989067 -27.456699  0.631901 0.550799 -0.545272  0.507472 0.604560 1 0 1.000000
0  -1.291109 -0.989067 -27.456699  -0.631883 0.550769 -0.545323  0.520760 0.604560 1 0 1.000000
0  1.616222 -0.907165 -27.257854  0.630046 0.776556 -0.001904  0.507472 0.604878 1 0 1.000000
Material_0
0  1.616222 -0.907165 -27.257854  0.630046 0.776556 -0.001904  0.507472 0.604878 1 0 1.000000
0  -1.291109 -0.989067 -27.456699  -0.631883 0.550769 -0.545323  0.520760 0.604560 1 0 1.000000
0  -1.291109 -0.907165 -27.257854  -0.630049 0.776553 -0.001899  0.520760 0.604878 1 0 1.000000
Material_0
0  -1.291109 -0.989067 -27.456699  -0.631883 0.550769 -0.545323  0.520760 0.604560 1 0 1.000000
0  -1.291109 -0.989067 -27.059008  -0.629458 0.550696 0.548193  0.520760 0.604560 1 0 1.000000
0  -1.291109 -0.907165 -27.257854  -0.630049 0.776553 -0.001899  0.520760 0.604878 1 0 1.000000
Material_0
0  -1.291109 -0.907165 -27.257854  -0.630049 0.776553 -0.001899  0.520760 0.604878 1 0 1.000000
0  -1.291109 -0.989067 -27.059008  -0.629458 0.550696 0.548193  0.520760 0.604560 1 0 1.000000
0  1.616222 -0.989067 -27.059008  0.629458 0.550700 0.548190  0.507472 0.604560 1 0 1.000000
Material_0
0  -1.291109 -0.989067 -27.059008  -0.629458 0.550696 0.548193  0.520760 0.604560 1 0 1.000000
0  1.616222 -1.187679 -26.977238  0.628540 0.002178 0.777774  0.507472 0.603817 1 0 1.000000
0  1.616222 -0.989067 -27.059008  0.629458 0.550700 0.548190  0.507472 0.604560 1 0 1.000000
Material_0
0  1.616222 -1.468193 -27.257854  0.630217 -0.776419 0.000001  0.507472 0.602756 1 0 1.000000
0  1.616222 -1.385779 -27.059008  0.627638 -0.550777 0.550195  0.507472 0.603075 1 0 1.000000
0  -1.291109 -1.385780 -27.059008  -0.627735 -0.550698 0.550164  0.520760 0.603075 1 0 1.000000
Material_0
0  1.616222 -1.385779 -27.059008  0.627638 -0.550777 0.550195  0.507472 0.603075 1 0 1.000000
0  -1.291109 -1.187680 -26.977238  -0.628542 0.002176 0.777772  0.520760 0.603817 1 0 1.000000
0  -1.291109 -1.385780 -27.059008  -0.627735 -0.550698 0.550164  0.520760 0.603075 1 0 1.000000
Material_0
0  1.616222 -1.385779 -27.456699  0.627685 -0.550735 -0.550184  0.507472 0.603075 1 0 1.000000
0  1.616222 -0.989067 -27.456699  0.631901 0.550799 -0.545272  0.507472 0.604560 1 0 1.000000
0  1.616222 -1.385779 -27.059008  0.627638 -0.550777 0.550195  0.507472 0.603075 1 0 1.000000
Material_0
0  -1.291109 -1.187680 -27.538469  -0.628536 0.002172 -0.777777  0.520760 0.603817 1 0 1.000000
0  1.616222 -1.187679 -27.538469  0.628547 0.002182 -0.777769  0.507472 0.603817 1 0 1.000000
0  -1.291109 -1.385780 -27.456699  -0.627641 -0.550781 -0.550188  0.520760 0.603075 1 0 1.000000
Material_0
0  1.616222 -0.907165 -27.257854  0.630046 0.776556 -0.001904  0.507472 0.604878 1 0 1.000000
0  -1.291109 -0.907165 -27.257854  -0.630049 0.776553 -0.001899  0.520760 0.604878 1 0 1.000000
0  1.616222 -0.989067 -27.059008  0.629458 0.550700 0.548190  0.507472 0.604560 1 0 1.000000
Material_0
0  1.305694 0.661259 -15.871556  0.627701 -0.550727 0.550175  0.884901 0.738649 1 0 1.000000
0  1.305694 0.583452 -16.057396  0.630063 -0.776544 -0.000068  0.884901 0.738543 1 0 1.000000
0  1.305694 0.661259 -16.245092  0.627663 -0.550773 -0.550171  0.884901 0.738649 1 0 1.000000
Material_0
0  1.305694 0.661259 -16.245092  0.627663 -0.550773 -0.550171  0.884901 0.738649 1 0 1.000000
0  1.305694 0.583452 -16.057396  0.630063 -0.776544 -0.000068  0.884901 0.738543 1 0 1.000000
0  -1.055624 0.583451 -16.057396  -0.630057 -0.776549 -0.000010  0.892523 0.738543 1 0 1.000000
Material_0
0  1.305694 0.583452 -16.057396  0.630063 -0.776544 -0.000068  0.884901 0.738543 1 0 1.000000
0  -1.055624 0.661258 -15.871556  -0.627700 -0.550728 0.550175  0.892523 0.738649 1 0 1.000000
0  -1.055624 0.583451 -16.057396  -0.630057 -0.776549 -0.000010  0.892523 0.738543 1 0 1.000000
Material_0
0  -1.055624 0.661258 -15.871556  -0.627700 -0.550728 0.550175  0.892523 0.738649 1 0 1.000000
0  -1.055624 0.661258 -16.245092  -0.627712 -0.550748 -0.550141  0.892523 0.738649 1 0 1.000000
0  -1.055624 0.583451 -16.057396  -0.630057 -0.776549 -0.000010  0.892523 0.738543 1 0 1.000000
Material_0
0  -1.055624 0.583451 -16.057396  -0.630057 -0.776549 -0.000010  0.892523 0.738543 1 0 1.000000
0  -1.055624 0.661258 -16.245092  -0.627712 -0.550748 -0.550141  0.892523 0.738649 1 0 1.000000
0  1.305694 0.661259 -16.245092  0.627663 -0.550773 -0.550171  0.884901 0.738649 1 0 1.000000
Material_0
0  -1.055624 0.661258 -16.245092  -0.627712 -0.550748 -0.550141  0.892523 0.738649 1 0 1.000000
0  1.305694 0.848609 -16.323145  0.628552 0.002158 -0.777764  0.884901 0.739073 1 0 1.000000
0  1.305694 0.661259 -16.245092  0.627663 -0.550773 -0.550171  0.884901 0.738649 1 0 1.000000
Material_0
0  1.305694 0.661259 -16.245092  0.627663 -0.550773 -0.550171  0.884901 0.738649 1 0 1.000000
0  1.305694 0.848609 -16.323145  0.628552 0.002158 -0.777764  0.884901 0.739073 1 0 1.000000
0  1.305694 1.035960 -16.245092  0.631908 0.550796 -0.545266  0.884901 0.739497 1 0 1.000000
Material_0
0  1.305694 0.848609 -16.323145  0.628552 0.002158 -0.777764  0.884901 0.739073 1 0 1.000000
0  -1.055624 0.848609 -16.323145  -0.628551 0.002160 -0.777765  0.892523 0.739073 1 0 1.000000
0  1.305694 1.035960 -16.245092  0.631908 0.550796 -0.545266  0.884901 0.739497 1 0 1.000000
Material_0
0  1.305694 1.035960 -16.245092  0.631908 0.550796 -0.545266  0.884901 0.739497 1 0 1.000000
0  -1.055624 0.848609 -16.323145  -0.628551 0.002160 -0.777765  0.892523 0.739073 1 0 1.000000
0  -1.055624 1.035959 -16.245092  -0.631911 0.550797 -0.545263  0.892523 0.739497 1 0 1.000000
Material_0
0  -1.055624 0.848609 -16.323145  -0.628551 0.002160 -0.777765  0.892523 0.739073 1 0 1.000000
0  -1.055624 0.661258 -16.245092  -0.627712 -0.550748 -0.550141  0.892523 0.738649 1 0 1.000000
0  -1.055624 1.035959 -16.245092  -0.631911 0.550797 -0.545263  0.892523 0.739497 1 0 1.000000
Material_0
0  -1.055624 0.661258 -16.245092  -0.627712 -0.550748 -0.550141  0.892523 0.738649 1 0 1.000000
0  -1.055624 0.661258 -15.871556  -0.627700 -0.550728 0.550175  0.892523 0.738649 1 0 1.000000
0  -1.055624 1.035959 -16.245092  -0.631911 0.550797 -0.545263  0.892523 0.739497 1 0 1.000000
Material_0
0  -1.055624 1.035959 -16.245092  -0.631911 0.550797 -0.545263  0.892523 0.739497 1 0 1.000000
0  -1.055624 0.661258 -15.871556  -0.627700 -0.550728 0.550175  0.892523 0.738649 1 0 1.000000
0  -1.055624 1.035960 -15.871556  -0.629469 0.550728 0.548149  0.892523 0.739497 1 0 1.000000
Material_0
0  -1.055624 0.661258 -15.871556  -0.627700 -0.550728 0.550175  0.892523 0.738649 1 0 1.000000
0  -1.055624 0.848609 -15.793506  -0.628554 0.002158 0.777763  0.892523 0.739073 1 0 1.000000
0  -1.055624 1.035960 -15.871556  -0.629469 0.550728 0.548149  0.892523 0.739497 1 0 1.000000
Material_0
0  -1.055624 1.035960 -15.871556  -0.629469 0.550728 0.548149  0.892523 0.739497 1 0 1.000000
0  -1.055624 0.848609 -15.793506  -0.628554 0.002158 0.777763  0.892523 0.739073 1 0 1.000000
0  1.305694 0.848609 -15.793506  0.628552 0.002160 0.777764  0.884901 0.739073 1 0 1.000000
Material_0
0  -1.055624 0.848609 -15.793506  -0.628554 0.002158 0.777763  0.892523 0.739073 1 0 1.000000
0  1.305694 0.661259 -15.871556  0.627701 -0.550727 0.550175  0.884901 0.738649 1 0 1.000000
0  1.305694 0.848609 -15.793506  0.628552 0.002160 0.777764  0.884901 0.739073 1 0 1.000000
Material_0
0  1.305694 0.848609 -15.793506  0.628552 0.002160 0.777764  0.884901 0.739073 1 0 1.000000
0  1.305694 0.661259 -15.871556  0.627701 -0.550727 0.550175  0.884901 0.738649 1 0 1.000000
0  1.305694 1.035960 -15.871556  0.629436 0.550785 0.548130  0.884901 0.739497 1 0 1.000000
Material_0
0  1.305694 0.661259 -15.871556  0.627701 -0.550727 0.550175  0.884901 0.738649 1 0 1.000000
0  1.305694 1.035960 -16.245092  0.631908 0.550796 -0.545266  0.884901 0.739497 1 0 1.000000
0  1.305694 1.035960 -15.871556  0.629436 0.550785 0.548130  0.884901 0.739497 1 0 1.000000
Material_0
0  1.305694 1.035960 -15.871556  0.629436 0.550785 0.548130  0.884901 0.739497 1 0 1.000000
0  1.305694 1.035960 -16.245092  0.631908 0.550796 -0.545266  0.884901 0.739497 1 0 1.000000
0  1.305694 1.113255 -16.057396  0.630056 0.776547 -0.001846  0.884901 0.739710 1 0 1.000000
Material_0
0  1.305694 1.035960 -16.245092  0.631908 0.550796 -0.545266  0.884901 0.739497 1 0 1.000000
0  -1.055624 1.035959 -16.245092  -0.631911 0.550797 -0.545263  0.892523 0.739497 1 0 1.000000
0  1.305694 1.113255 -16.057396  0.630056 0.776547 -0.001846  0.884901 0.739710 1 0 1.000000
Material_0
0  1.305694 1.113255 -16.057396  0.630056 0.776547 -0.001846  0.884901 0.739710 1 0 1.000000
0  -1.055624 1.035959 -16.245092  -0.631911 0.550797 -0.545263  0.892523 0.739497 1 0 1.000000
0  -1.055624 1.113255 -16.057396  -0.630053 0.776550 -0.001903  0.892523 0.739710 1 0 1.000000
Material_0
0  -1.055624 1.035959 -16.245092  -0.631911 0.550797 -0.545263  0.892523 0.739497 1 0 1.000000
0  -1.055624 1.035960 -15.871556  -0.629469 0.550728 0.548149  0.892523 0.739497 1 0 1.000000
0  -1.055624 1.113255 -16.057396  -0.630053 0.776550 -0.001903  0.892523 0.739710 1 0 1.000000
Material_0
0  -1.055624 1.113255 -16.057396  -0.630053 0.776550 -0.001903  0.892523 0.739710 1 0 1.000000
0  -1.055624 1.035960 -15.871556  -0.629469 0.550728 0.548149  0.892523 0.739497 1 0 1.000000
0  1.305694 1.035960 -15.871556  0.629436 0.550785 0.548130  0.884901 0.739497 1 0 1.000000
Material_0
0  -1.055624 1.035960 -15.871556  -0.629469 0.550728 0.548149  0.892523 0.739497 1 0 1.000000
0  1.305694 0.848609 -15.793506  0.628552 0.002160 0.777764  0.884901 0.739073 1 0 1.000000
0  1.305694 1.035960 -15.871556  0.629436 0.550785 0.548130  0.884901 0.739497 1 0 1.000000
Material_0
0  1.305694 0.583452 -16.057396  0.630063 -0.776544 -0.000068  0.884901 0.738543 1 0 1.000000
0  1.305694 0.661259 -15.871556  0.627701 -0.550727 0.550175  0.884901 0.738649 1 0 1.000000
0  -1.055624 0.661258 -15.871556  -0.627700 -0.550728 0.550175  0.892523 0.738649 1 0 1.000000
Material_0
0  1.305694 0.661259 -15.871556  0.627701 -0.550727 0.550175  0.884901 0.738649 1 0 1.000000
0  -1.055624 0.848609 -15.793506  -0.628554 0.002158 0.777763  0.892523 0.739073 1 0 1.000000
0  -1.055624 0.661258 -15.871556  -0.627700 -0.550728 0.550175  0.892523 0.738649 1 0 1.000000
Material_0
0  1.305694 0.661259 -16.245092  0.627663 -0.550773 -0.550171  0.884901 0.738649 1 0 1.000000
0  1.305694 1.035960 -16.245092  0.631908 0.550796 -0.545266  0.884901 0.739497 1 0 1.000000
0  1.305694 0.661259 -15.871556  0.627701 -0.550727 0.550175  0.884901 0.738649 1 0 1.000000
Material_0
0  -1.055624 0.848609 -16.323145  -0.628551 0.002160 -0.777765  0.892523 0.739073 1 0 1.000000
0  1.305694 0.848609 -16.323145  0.628552 0.002158 -0.777764  0.884901 0.739073 1 0 1.000000
0  -1.055624 0.661258 -16.245092  -0.627712 -0.550748 -0.550141  0.892523 0.738649 1 0 1.000000
Material_0
0  1.305694 1.113255 -16.057396  0.630056 0.776547 -0.001846  0.884901 0.739710 1 0 1.000000
0  -1.055624 1.113255 -16.057396  -0.630053 0.776550 -0.001903  0.892523 0.739710 1 0 1.000000
0  1.305694 1.035960 -15.871556  0.629436 0.550785 0.548130  0.884901 0.739497 1 0 1.000000
Material_0
0  1.305694 0.661259 -17.270918  0.627710 -0.550748 0.550142  0.884901 0.738649 1 0 1.000000
0  1.305694 0.583452 -17.458614  0.629815 -0.776745 -0.000005  0.884901 0.738543 1 0 1.000000
0  1.305694 0.661258 -17.646311  0.627663 -0.550773 -0.550171  0.884901 0.738649 1 0 1.000000
Material_0
0  1.305694 0.661258 -17.646311  0.627663 -0.550773 -0.550171  0.884901 0.738649 1 0 1.000000
0  1.305694 0.583452 -17.458614  0.629815 -0.776745 -0.000005  0.884901 0.738543 1 0 1.000000
0  -1.055624 0.583451 -17.458614  -0.630207 -0.776427 -0.000002  0.892523 0.738543 1 0 1.000000
Material_0
0  1.305694 0.583452 -17.458614  0.629815 -0.776745 -0.000005  0.884901 0.738543 1 0 1.000000
0  -1.055624 0.661258 -17.270918  -0.627659 -0.550774 0.550174  0.892523 0.738649 1 0 1.000000
0  -1.055624 0.583451 -17.458614  -0.630207 -0.776427 -0.000002  0.892523 0.738543 1 0 1.000000
Material_0
0  -1.055624 0.661258 -17.270918  -0.627659 -0.550774 0.550174  0.892523 0.738649 1 0 1.000000
0  -1.055624 0.661258 -17.646311  -0.627662 -0.550771 -0.550173  0.892523 0.738649 1 0 1.000000
0  -1.055624 0.583451 -17.458614  -0.630207 -0.776427 -0.000002  0.892523 0.738543 1 0 1.000000
Material_0
0  -1.055624 0.583451 -17.458614  -0.630207 -0.776427 -0.000002  0.892523 0.738543 1 0 1.000000
0  -1.055624 0.661258 -17.646311  -0.627662 -0.550771 -0.550173  0.892523 0.738649 1 0 1.000000
0  1.305694 0.661258 -17.646311  0.627663 -0.550773 -0.550171  0.884901 0.738649 1 0 1.000000
Material_0
0  -1.055624 0.661258 -17.646311  -0.627662 -0.550771 -0.550173  0.892523 0.738649 1 0 1.000000
0  1.305694 0.848609 -17.724363  0.628552 0.002158 -0.777764  0.884901 0.739073 1 0 1.000000
0  1.305694 0.661258 -17.646311  0.627663 -0.550773 -0.550171  0.884901 0.738649 1 0 1.000000
Material_0
0  1.305694 0.661258 -17.646311  0.627663 -0.550773 -0.550171  0.884901 0.738649 1 0 1.000000
0  1.305694 0.848609 -17.724363  0.628552 0.002158 -0.777764  0.884901 0.739073 1 0 1.000000
0  1.305694 1.035960 -17.646311  0.631909 0.550795 -0.545266  0.884901 0.739497 1 0 1.000000
Material_0
0  1.305694 0.848609 -17.724363  0.628552 0.002158 -0.777764  0.884901 0.739073 1 0 1.000000
0  -1.055624 0.848609 -17.724363  -0.628521 0.002210 -0.777789  0.892523 0.739073 1 0 1.000000
0  1.305694 1.035960 -17.646311  0.631909 0.550795 -0.545266  0.884901 0.739497 1 0 1.000000
Material_0
0  1.305694 1.035960 -17.646311  0.631909 0.550795 -0.545266  0.884901 0.739497 1 0 1.000000
0  -1.055624 0.848609 -17.724363  -0.628521 0.002210 -0.777789  0.892523 0.739073 1 0 1.000000
0  -1.055624 1.035959 -17.646311  -0.631911 0.550798 -0.545262  0.892523 0.739497 1 0 1.000000
Material_0
0  -1.055624 0.848609 -17.724363  -0.628521 0.002210 -0.777789  0.892523 0.739073 1 0 1.000000
0  -1.055624 0.661258 -17.646311  -0.627662 -0.550771 -0.550173  0.892523 0.738649 1 0 1.000000
0  -1.055624 1.035959 -17.646311  -0.631911 0.550798 -0.545262  0.892523 0.739497 1 0 1.000000
Material_0
0  -1.055624 0.661258 -17.646311  -0.627662 -0.550771 -0.550173  0.892523 0.738649 1 0 1.000000
0  -1.055624 0.661258 -17.270918  -0.627659 -0.550774 0.550174  0.892523 0.738649 1 0 1.000000
0  -1.055624 1.035959 -17.646311  -0.631911 0.550798 -0.545262  0.892523 0.739497 1 0 1.000000
Material_0
0  -1.055624 1.035959 -17.646311  -0.631911 0.550798 -0.545262  0.892523 0.739497 1 0 1.000000
0  -1.055624 0.661258 -17.270918  -0.627659 -0.550774 0.550174  0.892523 0.738649 1 0 1.000000
0  -1.055624 1.035959 -17.270918  -0.629482 0.550750 0.548112  0.892523 0.739497 1 0 1.000000
Material_0
0  -1.055624 0.661258 -17.270918  -0.627659 -0.550774 0.550174  0.892523 0.738649 1 0 1.000000
0  -1.055624 0.848609 -17.192865  -0.628521 0.002206 0.777789  0.892523 0.739073 1 0 1.000000
0  -1.055624 1.035959 -17.270918  -0.629482 0.550750 0.548112  0.892523 0.739497 1 0 1.000000
Material_0
0  -1.055624 1.035959 -17.270918  -0.629482 0.550750 0.548112  0.892523 0.739497 1 0 1.000000
0  -1.055624 0.848609 -17.192865  -0.628521 0.002206 0.777789  0.892523 0.739073 1 0 1.000000
0  1.305694 0.848609 -17.192865  0.628521 0.002211 0.777789  0.884901 0.739073 1 0 1.000000
Material_0
0  -1.055624 0.848609 -17.192865  -0.628521 0.002206 0.777789  0.892523 0.739073 1 0 1.000000
0  1.305694 0.661259 -17.270918  0.627710 -0.550748 0.550142  0.884901 0.738649 1 0 1.000000
0  1.305694 0.848609 -17.192865  0.628521 0.002211 0.777789  0.884901 0.739073 1 0 1.000000
Material_0
0  1.305694 0.848609 -17.192865  0.628521 0.002211 0.777789  0.884901 0.739073 1 0 1.000000
0  1.305694 0.661259 -17.270918  0.627710 -0.550748 0.550142  0.884901 0.738649 1 0 1.000000
0  1.305694 1.035960 -17.270918  0.629481 0.550752 0.548110  0.884901 0.739497 1 0 1.000000
Material_0
0  1.305694 0.661259 -17.270918  0.627710 -0.550748 0.550142  0.884901 0.738649 1 0 1.000000
0  1.305694 1.035960 -17.646311  0.631909 0.550795 -0.545266  0.884901 0.739497 1 0 1.000000
0  1.305694 1.035960 -17.270918  0.629481 0.550752 0.548110  0.884901 0.739497 1 0 1.000000
Material_0
0  1.305694 1.035960 -17.270918  0.629481 0.550752 0.548110  0.884901 0.739497 1 0 1.000000
0  1.305694 1.035960 -17.646311  0.631909 0.550795 -0.545266  0.884901 0.739497 1 0 1.000000
0  1.305694 1.113255 -17.458614  0.630066 0.776540 -0.001841  0.884901 0.739710 1 0 1.000000
Material_0
0  1.305694 1.035960 -17.646311  0.631909 0.550795 -0.545266  0.884901 0.739497 1 0 1.000000
0  -1.055624 1.035959 -17.646311  -0.631911 0.550798 -0.545262  0.892523 0.739497 1 0 1.000000
0  1.305694 1.113255 -17.458614  0.630066 0.776540 -0.001841  0.884901 0.739710 1 0 1.000000
Material_0
0  1.305694 1.113255 -17.458614  0.630066 0.776540 -0.001841  0.884901 0.739710 1 0 1.000000
0  -1.055624 1.035959 -17.646311  -0.631911 0.550798 -0.545262  0.892523 0.739497 1 0 1.000000
0  -1.055624 1.113254 -17.458614  -0.630068 0.776538 -0.001835  0.892523 0.739710 1 0 1.000000
Material_0
0  -1.055624 1.035959 -17.646311  -0.631911 0.550798 -0.545262  0.892523 0.739497 1 0 1.000000
0  -1.055624 1.035959 -17.270918  -0.629482 0.550750 0.548112  0.892523 0.739497 1 0 1.000000
0  -1.055624 1.113254 -17.458614  -0.630068 0.776538 -0.001835  0.892523 0.739710 1 0 1.000000
Material_0
0  -1.055624 1.113254 -17.458614  -0.630068 0.776538 -0.001835  0.892523 0.739710 1 0 1.000000
0  -1.055624 1.035959 -17.270918  -0.629482 0.550750 0.548112  0.892523 0.739497 1 0 1.000000
0  1.305694 1.035960 -17.270918  0.629481 0.550752 0.548110  0.884901 0.739497 1 0 1.000000
Material_0
0  -1.055624 1.035959 -17.270918  -0.629482 0.550750 0.548112  0.892523 0.739497 1 0 1.000000
0  1.305694 0.848609 -17.192865  0.628521 0.002211 0.777789  0.884901 0.739073 1 0 1.000000
0  1.305694 1.035960 -17.270918  0.629481 0.550752 0.548110  0.884901 0.739497 1 0 1.000000
Material_0
0  1.305694 0.583452 -17.458614  0.629815 -0.776745 -0.000005  0.884901 0.738543 1 0 1.000000
0  1.305694 0.661259 -17.270918  0.627710 -0.550748 0.550142  0.884901 0.738649 1 0 1.000000
0  -1.055624 0.661258 -17.270918  -0.627659 -0.550774 0.550174  0.892523 0.738649 1 0 1.000000
Material_0
0  1.305694 0.661259 -17.270918  0.627710 -0.550748 0.550142  0.884901 0.738649 1 0 1.000000
0  -1.055624 0.848609 -17.192865  -0.628521 0.002206 0.777789  0.892523 0.739073 1 0 1.000000
0  -1.055624 0.661258 -17.270918  -0.627659 -0.550774 0.550174  0.892523 0.738649 1 0 1.000000
Material_0
0  1.305694 0.661258 -17.646311  0.627663 -0.550773 -0.550171  0.884901 0.738649 1 0 1.000000
0  1.305694 1.035960 -17.646311  0.631909 0.550795 -0.545266  0.884901 0.739497 1 0 1.000000
0  1.305694 0.661259 -17.270918  0.627710 -0.550748 0.550142  0.884901 0.738649 1 0 1.000000
Material_0
0  -1.055624 0.848609 -17.724363  -0.628521 0.002210 -0.777789  0.892523 0.739073 1 0 1.000000
0  1.305694 0.848609 -17.724363  0.628552 0.002158 -0.777764  0.884901 0.739073 1 0 1.000000
0  -1.055624 0.661258 -17.646311  -0.627662 -0.550771 -0.550173  0.892523 0.738649 1 0 1.000000
Material_0
0  1.305694 1.113255 -17.458614  0.630066 0.776540 -0.001841  0.884901 0.739710 1 0 1.000000
0  -1.055624 1.113254 -17.458614  -0.630068 0.776538 -0.001835  0.892523 0.739710 1 0 1.000000
0  1.305694 1.035960 -17.270918  0.629481 0.550752 0.548110  0.884901 0.739497 1 0 1.000000
Material_0
0  1.150971 -0.088143 -10.655085  0.627648 -0.550775 0.550186  0.562376 0.584934 1 0 1.000000
0  1.150971 -0.153153 -10.811189  0.629938 -0.776645 0.000002  0.562376 0.584722 1 0 1.000000
0  1.150971 -0.088143 -10.967292  0.627655 -0.550770 -0.550182  0.562376 0.584934 1 0 1.000000
Material_0
0  1.150971 -0.088143 -10.967292  0.627655 -0.550770 -0.550182  0.562376 0.584934 1 0 1.000000
0  1.150971 -0.153153 -10.811189  0.629938 -0.776645 0.000002  0.562376 0.584722 1 0 1.000000
0  -0.906921 -0.153153 -10.811189  -0.629938 -0.776646 -0.000004  0.575665 0.584722 1 0 1.000000
Material_0
0  1.150971 -0.153153 -10.811189  0.629938 -0.776645 0.000002  0.562376 0.584722 1 0 1.000000
0  -0.906921 -0.088144 -10.655084  -0.627647 -0.550774 0.550188  0.575665 0.584934 1 0 1.000000
0  -0.906921 -0.153153 -10.811189  -0.629938 -0.776646 -0.000004  0.575665 0.584722 1 0 1.000000
Material_0
0  -0.906921 -0.088144 -10.655084  -0.627647 -0.550774 0.550188  0.575665 0.584934 1 0 1.000000
0  -0.906921 -0.088144 -10.967292  -0.627656 -0.550771 -0.550182  0.575665 0.584934 1 0 1.000000
0  -0.906921 -0.153153 -10.811189  -0.629938 -0.776646 -0.000004  0.575665 0.584722 1 0 1.000000
Material_0
0  -0.906921 -0.153153 -10.811189  -0.629938 -0.776646 -0.000004  0.575665 0.584722 1 0 1.000000
0  -0.906921 -0.088144 -10.967292  -0.627656 -0.550771 -0.550182  0.575665 0.584934 1 0 1.000000
0  1.150971 -0.088143 -10.967292  0.627655 -0.550770 -0.550182  0.562376 0.584934 1 0 1.000000
Material_0
0  -0.906921 -0.088144 -10.967292  -0.627656 -0.550771 -0.550182  0.575665 0.584934 1 0 1.000000
0  1.150971 0.067982 -11.032336  0.628552 0.002158 -0.777765  0.562376 0.585783 1 0 1.000000
0  1.150971 -0.088143 -10.967292  0.627655 -0.550770 -0.550182  0.562376 0.584934 1 0 1.000000
Material_0
0  1.150971 -0.088143 -10.967292  0.627655 -0.550770 -0.550182  0.562376 0.584934 1 0 1.000000
0  1.150971 0.067982 -11.032336  0.628552 0.002158 -0.777765  0.562376 0.585783 1 0 1.000000
0  1.150971 0.224108 -10.967292  0.631903 0.550794 -0.545275  0.562376 0.586526 1 0 1.000000
Material_0
0  1.150971 0.067982 -11.032336  0.628552 0.002158 -0.777765  0.562376 0.585783 1 0 1.000000
0  -0.906921 0.067982 -11.032336  -0.628551 0.002160 -0.777765  0.575665 0.585783 1 0 1.000000
0  1.150971 0.224108 -10.967292  0.631903 0.550794 -0.545275  0.562376 0.586526 1 0 1.000000
Material_0
0  1.150971 0.224108 -10.967292  0.631903 0.550794 -0.545275  0.562376 0.586526 1 0 1.000000
0  -0.906921 0.067982 -11.032336  -0.628551 0.002160 -0.777765  0.575665 0.585783 1 0 1.000000
0  -0.906921 0.224107 -10.967292  -0.631875 0.550775 -0.545326  0.575665 0.586526 1 0 1.000000
Material_0
0  -0.906921 0.067982 -11.032336  -0.628551 0.002160 -0.777765  0.575665 0.585783 1 0 1.000000
0  -0.906921 -0.088144 -10.967292  -0.627656 -0.550771 -0.550182  0.575665 0.584934 1 0 1.000000
0  -0.906921 0.224107 -10.967292  -0.631875 0.550775 -0.545326  0.575665 0.586526 1 0 1.000000
Material_0
0  -0.906921 -0.088144 -10.967292  -0.627656 -0.550771 -0.550182  0.575665 0.584934 1 0 1.000000
0  -0.906921 -0.088144 -10.655084  -0.627647 -0.550774 0.550188  0.575665 0.584934 1 0 1.000000
0  -0.906921 0.224107 -10.967292  -0.631875 0.550775 -0.545326  0.575665 0.586526 1 0 1.000000
Material_0
0  -0.906921 0.224107 -10.967292  -0.631875 0.550775 -0.545326  0.575665 0.586526 1 0 1.000000
0  -0.906921 -0.088144 -10.655084  -0.627647 -0.550774 0.550188  0.575665 0.584934 1 0 1.000000
0  -0.906921 0.224107 -10.655084  -0.629463 0.550755 0.548129  0.575665 0.586526 1 0 1.000000
Material_0
0  -0.906921 -0.088144 -10.655084  -0.627647 -0.550774 0.550188  0.575665 0.584934 1 0 1.000000
0  -0.906921 0.067982 -10.590041  -0.628585 0.002108 0.777738  0.575665 0.585783 1 0 1.000000
0  -0.906921 0.224107 -10.655084  -0.629463 0.550755 0.548129  0.575665 0.586526 1 0 1.000000
Material_0
0  -0.906921 0.224107 -10.655084  -0.629463 0.550755 0.548129  0.575665 0.586526 1 0 1.000000
0  -0.906921 0.067982 -10.590041  -0.628585 0.002108 0.777738  0.575665 0.585783 1 0 1.000000
0  1.150971 0.067982 -10.590041  0.628551 0.002160 0.777765  0.562376 0.585783 1 0 1.000000
Material_0
0  -0.906921 0.067982 -10.590041  -0.628585 0.002108 0.777738  0.575665 0.585783 1 0 1.000000
0  1.150971 -0.088143 -10.655085  0.627648 -0.550775 0.550186  0.562376 0.584934 1 0 1.000000
0  1.150971 0.067982 -10.590041  0.628551 0.002160 0.777765  0.562376 0.585783 1 0 1.000000
Material_0
0  1.150971 0.067982 -10.590041  0.628551 0.002160 0.777765  0.562376 0.585783 1 0 1.000000
0  1.150971 -0.088143 -10.655085  0.627648 -0.550775 0.550186  0.562376 0.584934 1 0 1.000000
0  1.150971 0.224108 -10.655085  0.629419 0.550806 0.548128  0.562376 0.586526 1 0 1.000000
Material_0
0  1.150971 -0.088143 -10.655085  0.627648 -0.550775 0.550186  0.562376 0.584934 1 0 1.000000
0  1.150971 0.224108 -10.967292  0.631903 0.550794 -0.545275  0.562376 0.586526 1 0 1.000000
0  1.150971 0.224108 -10.655085  0.629419 0.550806 0.548128  0.562376 0.586526 1 0 1.000000
Material_0
0  1.150971 0.224108 -10.655085  0.629419 0.550806 0.548128  0.562376 0.586526 1 0 1.000000
0  1.150971 0.224108 -10.967292  0.631903 0.550794 -0.545275  0.562376 0.586526 1 0 1.000000
0  1.150971 0.288606 -10.811189  0.630059 0.776545 -0.001848  0.562376 0.586844 1 0 1.000000
Material_0
0  1.150971 0.224108 -10.967292  0.631903 0.550794 -0.545275  0.562376 0.586526 1 0 1.000000
0  -0.906921 0.224107 -10.967292  -0.631875 0.550775 -0.545326  0.575665 0.586526 1 0 1.000000
0  1.150971 0.288606 -10.811189  0.630059 0.776545 -0.001848  0.562376 0.586844 1 0 1.000000
Material_0
0  1.150971 0.288606 -10.811189  0.630059 0.776545 -0.001848  0.562376 0.586844 1 0 1.000000
0  -0.906921 0.224107 -10.967292  -0.631875 0.550775 -0.545326  0.575665 0.586526 1 0 1.000000
0  -0.906921 0.288605 -10.811189  -0.630050 0.776552 -0.001905  0.575665 0.586844 1 0 1.000000
Material_0
0  -0.906921 0.224107 -10.967292  -0.631875 0.550775 -0.545326  0.575665 0.586526 1 0 1.000000
0  -0.906921 0.224107 -10.655084  -0.629463 0.550755 0.548129  0.575665 0.586526 1 0 1.000000
0  -0.906921 0.288605 -10.811189  -0.630050 0.776552 -0.001905  0.575665 0.586844 1 0 1.000000
Material_0
0  -0.906921 0.288605 -10.811189  -0.630050 0.776552 -0.001905  0.575665 0.586844 1 0 1.000000
0  -0.906921 0.224107 -10.655084  -0.629463 0.550755 0.548129  0.575665 0.586526 1 0 1.000000
0  1.150971 0.224108 -10.655085  0.629419 0.550806 0.548128  0.562376 0.586526 1 0 1.000000
Material_0
0  -0.906921 0.224107 -10.655084  -0.629463 0.550755 0.548129  0.575665 0.586526 1 0 1.000000
0  1.150971 0.067982 -10.590041  0.628551 0.002160 0.777765  0.562376 0.585783 1 0 1.000000
0  1.150971 0.224108 -10.655085  0.629419 0.550806 0.548128  0.562376 0.586526 1 0 1.000000
Material_0
0  1.150971 -0.153153 -10.811189  0.629938 -0.776645 0.000002  0.562376 0.584722 1 0 1.000000
0  1.150971 -0.088143 -10.655085  0.627648 -0.550775 0.550186  0.562376 0.584934 1 0 1.000000
0  -0.906921 -0.088144 -10.655084  -0.627647 -0.550774 0.550188  0.575665 0.584934 1 0 1.000000
Material_0
0  1.150971 -0.088143 -10.655085  0.627648 -0.550775 0.550186  0.562376 0.584934 1 0 1.000000
0  -0.906921 0.067982 -10.590041  -0.628585 0.002108 0.777738  0.575665 0.585783 1 0 1.000000
0  -0.906921 -0.088144 -10.655084  -0.627647 -0.550774 0.550188  0.575665 0.584934 1 0 1.000000
Material_0
0  1.150971 -0.088143 -10.967292  0.627655 -0.550770 -0.550182  0.562376 0.584934 1 0 1.000000
0  1.150971 0.224108 -10.967292  0.631903 0.550794 -0.545275  0.562376 0.586526 1 0 1.000000
0  1.150971 -0.088143 -10.655085  0.627648 -0.550775 0.550186  0.562376 0.584934 1 0 1.000000
Material_0
0  -0.906921 0.067982 -11.032336  -0.628551 0.002160 -0.777765  0.575665 0.585783 1 0 1.000000
0  1.150971 0.067982 -11.032336  0.628552 0.002158 -0.777765  0.562376 0.585783 1 0 1.000000
0  -0.906921 -0.088144 -10.967292  -0.627656 -0.550771 -0.550182  0.575665 0.584934 1 0 1.000000
Material_0
0  1.150971 0.288606 -10.811189  0.630059 0.776545 -0.001848  0.562376 0.586844 1 0 1.000000
0  -0.906921 0.288605 -10.811189  -0.630050 0.776552 -0.001905  0.575665 0.586844 1 0 1.000000
0  1.150971 0.224108 -10.655085  0.629419 0.550806 0.548128  0.562376 0.586526 1 0 1.000000
Material_0
0  1.150971 -0.088143 -11.431888  0.627648 -0.550775 0.550186  0.183506 0.127823 1 0 1.000000
0  1.150971 -0.153153 -11.587992  0.629938 -0.776645 0.000001  0.183506 0.127505 1 0 1.000000
0  1.150971 -0.088143 -11.744095  0.627655 -0.550770 -0.550183  0.183506 0.127823 1 0 1.000000
Material_0
0  1.150971 -0.088143 -11.744095  0.627655 -0.550770 -0.550183  0.183506 0.127823 1 0 1.000000
0  1.150971 -0.153153 -11.587992  0.629938 -0.776645 0.000001  0.183506 0.127505 1 0 1.000000
0  -0.906921 -0.153153 -11.587992  -0.629937 -0.776646 -0.000003  0.196794 0.127505 1 0 1.000000
Material_0
0  1.150971 -0.153153 -11.587992  0.629938 -0.776645 0.000001  0.183506 0.127505 1 0 1.000000
0  -0.906921 -0.088144 -11.431888  -0.627698 -0.550743 0.550161  0.196794 0.127823 1 0 1.000000
0  -0.906921 -0.153153 -11.587992  -0.629937 -0.776646 -0.000003  0.196794 0.127505 1 0 1.000000
Material_0
0  -0.906921 -0.088144 -11.431888  -0.627698 -0.550743 0.550161  0.196794 0.127823 1 0 1.000000
0  -0.906921 -0.088144 -11.744095  -0.627655 -0.550770 -0.550183  0.196794 0.127823 1 0 1.000000
0  -0.906921 -0.153153 -11.587992  -0.629937 -0.776646 -0.000003  0.196794 0.127505 1 0 1.000000
Material_0
0  -0.906921 -0.153153 -11.587992  -0.629937 -0.776646 -0.000003  0.196794 0.127505 1 0 1.000000
0  -0.906921 -0.088144 -11.744095  -0.627655 -0.550770 -0.550183  0.196794 0.127823 1 0 1.000000
0  1.150971 -0.088143 -11.744095  0.627655 -0.550770 -0.550183  0.183506 0.127823 1 0 1.000000
Material_0
0  -0.906921 -0.088144 -11.744095  -0.627655 -0.550770 -0.550183  0.196794 0.127823 1 0 1.000000
0  1.150971 0.067982 -11.809138  0.628553 0.002157 -0.777764  0.183506 0.128565 1 0 1.000000
0  1.150971 -0.088143 -11.744095  0.627655 -0.550770 -0.550183  0.183506 0.127823 1 0 1.000000
Material_0
0  1.150971 -0.088143 -11.744095  0.627655 -0.550770 -0.550183  0.183506 0.127823 1 0 1.000000
0  1.150971 0.067982 -11.809138  0.628553 0.002157 -0.777764  0.183506 0.128565 1 0 1.000000
0  1.150971 0.224108 -11.744095  0.631903 0.550793 -0.545277  0.183506 0.129414 1 0 1.000000
Material_0
0  1.150971 0.067982 -11.809138  0.628553 0.002157 -0.777764  0.183506 0.128565 1 0 1.000000
0  -0.906921 0.067982 -11.809138  -0.628582 0.002111 -0.777740  0.196794 0.128565 1 0 1.000000
0  1.150971 0.224108 -11.744095  0.631903 0.550793 -0.545277  0.183506 0.129414 1 0 1.000000
Material_0
0  1.150971 0.224108 -11.744095  0.631903 0.550793 -0.545277  0.183506 0.129414 1 0 1.000000
0  -0.906921 0.067982 -11.809138  -0.628582 0.002111 -0.777740  0.196794 0.128565 1 0 1.000000
0  -0.906921 0.224107 -11.744095  -0.631904 0.550794 -0.545273  0.196794 0.129414 1 0 1.000000
Material_0
0  -0.906921 0.067982 -11.809138  -0.628582 0.002111 -0.777740  0.196794 0.128565 1 0 1.000000
0  -0.906921 -0.088144 -11.744095  -0.627655 -0.550770 -0.550183  0.196794 0.127823 1 0 1.000000
0  -0.906921 0.224107 -11.744095  -0.631904 0.550794 -0.545273  0.196794 0.129414 1 0 1.000000
Material_0
0  -0.906921 -0.088144 -11.744095  -0.627655 -0.550770 -0.550183  0.196794 0.127823 1 0 1.000000
0  -0.906921 -0.088144 -11.431888  -0.627698 -0.550743 0.550161  0.196794 0.127823 1 0 1.000000
0  -0.906921 0.224107 -11.744095  -0.631904 0.550794 -0.545273  0.196794 0.129414 1 0 1.000000
Material_0
0  -0.906921 0.224107 -11.744095  -0.631904 0.550794 -0.545273  0.196794 0.129414 1 0 1.000000
0  -0.906921 -0.088144 -11.431888  -0.627698 -0.550743 0.550161  0.196794 0.127823 1 0 1.000000
0  -0.906921 0.224107 -11.431888  -0.629421 0.550804 0.548128  0.196794 0.129414 1 0 1.000000
Material_0
0  -0.906921 -0.088144 -11.431888  -0.627698 -0.550743 0.550161  0.196794 0.127823 1 0 1.000000
0  -0.906921 0.067982 -11.366844  -0.628522 0.002206 0.777789  0.196794 0.128565 1 0 1.000000
0  -0.906921 0.224107 -11.431888  -0.629421 0.550804 0.548128  0.196794 0.129414 1 0 1.000000
Material_0
0  -0.906921 0.224107 -11.431888  -0.629421 0.550804 0.548128  0.196794 0.129414 1 0 1.000000
0  -0.906921 0.067982 -11.366844  -0.628522 0.002206 0.777789  0.196794 0.128565 1 0 1.000000
0  1.150971 0.067982 -11.366844  0.628521 0.002210 0.777789  0.183506 0.128565 1 0 1.000000
Material_0
0  -0.906921 0.067982 -11.366844  -0.628522 0.002206 0.777789  0.196794 0.128565 1 0 1.000000
0  1.150971 -0.088143 -11.431888  0.627648 -0.550775 0.550186  0.183506 0.127823 1 0 1.000000
0  1.150971 0.067982 -11.366844  0.628521 0.002210 0.777789  0.183506 0.128565 1 0 1.000000
Material_0
0  1.150971 0.067982 -11.366844  0.628521 0.002210 0.777789  0.183506 0.128565 1 0 1.000000
0  1.150971 -0.088143 -11.431888  0.627648 -0.550775 0.550186  0.183506 0.127823 1 0 1.000000
0  1.150971 0.224108 -11.431888  0.629504 0.550710 0.548127  0.183506 0.129414 1 0 1.000000
Material_0
0  1.150971 -0.088143 -11.431888  0.627648 -0.550775 0.550186  0.183506 0.127823 1 0 1.000000
0  1.150971 0.224108 -11.744095  0.631903 0.550793 -0.545277  0.183506 0.129414 1 0 1.000000
0  1.150971 0.224108 -11.431888  0.629504 0.550710 0.548127  0.183506 0.129414 1 0 1.000000
Material_0
0  1.150971 0.224108 -11.431888  0.629504 0.550710 0.548127  0.183506 0.129414 1 0 1.000000
0  1.150971 0.224108 -11.744095  0.631903 0.550793 -0.545277  0.183506 0.129414 1 0 1.000000
0  1.150971 0.288606 -11.587992  0.630048 0.776553 -0.001909  0.183506 0.129626 1 0 1.000000
Material_0
0  1.150971 0.224108 -11.744095  0.631903 0.550793 -0.545277  0.183506 0.129414 1 0 1.000000
0  -0.906921 0.224107 -11.744095  -0.631904 0.550794 -0.545273  0.196794 0.129414 1 0 1.000000
0  1.150971 0.288606 -11.587992  0.630048 0.776553 -0.001909  0.183506 0.129626 1 0 1.000000
Material_0
0  1.150971 0.288606 -11.587992  0.630048 0.776553 -0.001909  0.183506 0.129626 1 0 1.000000
0  -0.906921 0.224107 -11.744095  -0.631904 0.550794 -0.545273  0.196794 0.129414 1 0 1.000000
0  -0.906921 0.288605 -11.587992  -0.630061 0.776544 -0.001843  0.196794 0.129626 1 0 1.000000
Material_0
0  -0.906921 0.224107 -11.744095  -0.631904 0.550794 -0.545273  0.196794 0.129414 1 0 1.000000
0  -0.906921 0.224107 -11.431888  -0.629421 0.550804 0.548128  0.196794 0.129414 1 0 1.000000
0  -0.906921 0.288605 -11.587992  -0.630061 0.776544 -0.001843  0.196794 0.129626 1 0 1.000000
Material_0
0  -0.906921 0.288605 -11.587992  -0.630061 0.776544 -0.001843  0.196794 0.129626 1 0 1.000000
0  -0.906921 0.224107 -11.431888  -0.629421 0.550804 0.548128  0.196794 0.129414 1 0 1.000000
0  1.150971 0.224108 -11.431888  0.629504 0.550710 0.548127  0.183506 0.129414 1 0 1.000000
Material_0
0  -0.906921 0.224107 -11.431888  -0.629421 0.550804 0.548128  0.196794 0.129414 1 0 1.000000
0  1.150971 0.067982 -11.366844  0.628521 0.002210 0.777789  0.183506 0.128565 1 0 1.000000
0  1.150971 0.224108 -11.431888  0.629504 0.550710 0.548127  0.183506 0.129414 1 0 1.000000
Material_0
0  1.150971 -0.153153 -11.587992  0.629938 -0.776645 0.000001  0.183506 0.127505 1 0 1.000000
0  1.150971 -0.088143 -11.431888  0.627648 -0.550775 0.550186  0.183506 0.127823 1 0 1.000000
0  -0.906921 -0.088144 -11.431888  -0.627698 -0.550743 0.550161  0.196794 0.127823 1 0 1.000000
Material_0
0  1.150971 -0.088143 -11.431888  0.627648 -0.550775 0.550186  0.183506 0.127823 1 0 1.000000
0  -0.906921 0.067982 -11.366844  -0.628522 0.002206 0.777789  0.196794 0.128565 1 0 1.000000
0  -0.906921 -0.088144 -11.431888  -0.627698 -0.550743 0.550161  0.196794 0.127823 1 0 1.000000
Material_0
0  1.150971 -0.088143 -11.744095  0.627655 -0.550770 -0.550183  0.183506 0.127823 1 0 1.000000
0  1.150971 0.224108 -11.744095  0.631903 0.550793 -0.545277  0.183506 0.129414 1 0 1.000000
0  1.150971 -0.088143 -11.431888  0.627648 -0.550775 0.550186  0.183506 0.127823 1 0 1.000000
Material_0
0  -0.906921 0.067982 -11.809138  -0.628582 0.002111 -0.777740  0.196794 0.128565 1 0 1.000000
0  1.150971 0.067982 -11.809138  0.628553 0.002157 -0.777764  0.183506 0.128565 1 0 1.000000
0  -0.906921 -0.088144 -11.744095  -0.627655 -0.550770 -0.550183  0.196794 0.127823 1 0 1.000000
Material_0
0  1.150971 0.288606 -11.587992  0.630048 0.776553 -0.001909  0.183506 0.129626 1 0 1.000000
0  -0.906921 0.288605 -11.587992  -0.630061 0.776544 -0.001843  0.196794 0.129626 1 0 1.000000
0  1.150971 0.224108 -11.431888  0.629504 0.550710 0.548127  0.183506 0.129414 1 0 1.000000
Material_0
0  -0.834654 0.770292 -4.866230  -0.056553 -0.311528 0.948552  0.875836 0.173439 1 0 1.000000
0  -0.834654 1.572931 -4.817913  -0.072542 0.985531 0.153186  0.875836 0.179379 1 0 1.000000
0  -0.834654 0.425792 -5.189589  -0.112956 -0.621521 0.775211  0.874085 0.169620 1 0 1.000000
Material_0
0  -0.834654 0.425792 -5.189589  -0.112956 -0.621521 0.775211  0.874085 0.169620 1 0 1.000000
0  -0.834654 1.572931 -4.817913  -0.072542 0.985531 0.153186  0.875836 0.179379 1 0 1.000000
0  -0.969613 1.453661 -4.866230  -0.996159 0.085085 0.020692  0.874806 0.179697 1 0 1.000000
Material_0
0  -0.834654 1.572931 -4.817913  -0.072542 0.985531 0.153186  0.875836 0.179379 1 0 1.000000
0  -0.969614 1.453148 -10.090137  -0.996155 0.080757 -0.033961  0.850495 0.161027 1 0 1.000000
0  -0.969613 1.453661 -4.866230  -0.996159 0.085085 0.020692  0.874806 0.179697 1 0 1.000000
Material_0
0  -0.969613 1.453661 -4.866230  -0.996159 0.085085 0.020692  0.874806 0.179697 1 0 1.000000
0  -0.969614 1.453148 -10.090137  -0.996155 0.080757 -0.033961  0.850495 0.161027 1 0 1.000000
0  -0.969767 0.497968 -5.200738  -0.994140 -0.098151 0.045302  0.873260 0.170680 1 0 1.000000
Material_0
0  -0.969767 0.497968 -5.200738  -0.994140 -0.098151 0.045302  0.873260 0.170680 1 0 1.000000
0  -0.969614 1.453148 -10.090137  -0.996155 0.080757 -0.033961  0.850495 0.161027 1 0 1.000000
0  -0.969613 -0.634327 -9.554923  -0.994258 -0.106865 -0.005648  0.852968 0.146706 1 0 1.000000
Material_0
0  -0.969614 1.453148 -10.090137  -0.996155 0.080757 -0.033961  0.850495 0.161027 1 0 1.000000
0  -0.834655 1.572418 -10.166331  -0.067461 0.900418 -0.429763  0.851113 0.160496 1 0 1.000000
0  -0.969613 -0.634327 -9.554923  -0.994258 -0.106865 -0.005648  0.852968 0.146706 1 0 1.000000
Material_0
0  -0.969613 -0.634327 -9.554923  -0.994258 -0.106865 -0.005648  0.852968 0.146706 1 0 1.000000
0  -0.834655 1.572418 -10.166331  -0.067461 0.900418 -0.429763  0.851113 0.160496 1 0 1.000000
0  -0.834963 -0.730050 -9.612533  -0.030158 -0.261318 -0.964782  0.853689 0.145433 1 0 1.000000
Material_0
0  -0.834963 -0.730050 -9.612533  -0.030158 -0.261318 -0.964782  0.853689 0.145433 1 0 1.000000
0  -0.834655 1.572418 -10.166331  -0.067461 0.900418 -0.429763  0.851113 0.160496 1 0 1.000000
0  1.078087 1.572418 -10.166331  0.067506 0.900413 -0.429767  0.864711 0.156041 1 0 1.000000
Material_0
0  1.078087 1.572418 -10.166331  0.067506 0.900413 -0.429767  0.864711 0.156041 1 0 1.000000
0  -0.834655 1.572418 -10.166331  -0.067461 0.900418 -0.429763  0.851113 0.160496 1 0 1.000000
0  1.078088 1.572931 -4.817913  0.072507 0.985540 0.153145  0.889433 0.174924 1 0 1.000000
Material_0
0  -0.834655 1.572418 -10.166331  -0.067461 0.900418 -0.429763  0.851113 0.160496 1 0 1.000000
0  -0.834654 1.572931 -4.817913  -0.072542 0.985531 0.153186  0.875836 0.179379 1 0 1.000000
0  1.078088 1.572931 -4.817913  0.072507 0.985540 0.153145  0.889433 0.174924 1 0 1.000000
Material_0
0  1.078088 1.572931 -4.817913  0.072507 0.985540 0.153145  0.889433 0.174924 1 0 1.000000
0  -0.834654 1.572931 -4.817913  -0.072542 0.985531 0.153186  0.875836 0.179379 1 0 1.000000
0  1.078088 0.770292 -4.866230  0.056534 -0.311425 0.948587  0.889433 0.168983 1 0 1.000000
Material_0
0  -0.834654 1.572931 -4.817913  -0.072542 0.985531 0.153186  0.875836 0.179379 1 0 1.000000
0  -0.834654 0.770292 -4.866230  -0.056553 -0.311528 0.948552  0.875836 0.173439 1 0 1.000000
0  1.078088 0.770292 -4.866230  0.056534 -0.311425 0.948587  0.889433 0.168983 1 0 1.000000
Material_0
0  1.078088 0.770292 -4.866230  0.056534 -0.311425 0.948587  0.889433 0.168983 1 0 1.000000
0  -0.834654 0.770292 -4.866230  -0.056553 -0.311528 0.948552  0.875836 0.173439 1 0 1.000000
0  1.078088 0.425792 -5.189589  0.112956 -0.621503 0.775226  0.887682 0.165164 1 0 1.000000
Material_0
0  -0.834654 0.770292 -4.866230  -0.056553 -0.311528 0.948552  0.875836 0.173439 1 0 1.000000
0  -0.834654 0.425792 -5.189589  -0.112956 -0.621521 0.775211  0.874085 0.169620 1 0 1.000000
0  1.078088 0.425792 -5.189589  0.112956 -0.621503 0.775226  0.887682 0.165164 1 0 1.000000
Material_0
0  1.078088 0.425792 -5.189589  0.112956 -0.621503 0.775226  0.887682 0.165164 1 0 1.000000
0  -0.834654 0.425792 -5.189589  -0.112956 -0.621521 0.775211  0.874085 0.169620 1 0 1.000000
0  -0.776748 0.315736 -5.263924  -0.089252 -0.957426 0.274536  0.874394 0.168559 1 0 1.000000
Material_0
0  -0.834654 0.425792 -5.189589  -0.112956 -0.621521 0.775211  0.874085 0.169620 1 0 1.000000
0  -0.969767 0.497968 -5.200738  -0.994140 -0.098151 0.045302  0.873260 0.170680 1 0 1.000000
0  -0.776748 0.315736 -5.263924  -0.089252 -0.957426 0.274536  0.874394 0.168559 1 0 1.000000
Material_0
0  -0.969767 0.497968 -5.200738  -0.994140 -0.098151 0.045302  0.873260 0.170680 1 0 1.000000
0  -0.969613 -0.634327 -9.554923  -0.994258 -0.106865 -0.005648  0.852968 0.146706 1 0 1.000000
0  -0.776748 0.315736 -5.263924  -0.089252 -0.957426 0.274536  0.874394 0.168559 1 0 1.000000
Material_0
0  -0.776748 0.315736 -5.263924  -0.089252 -0.957426 0.274536  0.874394 0.168559 1 0 1.000000
0  -0.969613 -0.634327 -9.554923  -0.994258 -0.106865 -0.005648  0.852968 0.146706 1 0 1.000000
0  -0.776440 -0.821678 -9.506605  -0.088890 -0.968067 0.234403  0.854616 0.145008 1 0 1.000000
Material_0
0  -0.969613 -0.634327 -9.554923  -0.994258 -0.106865 -0.005648  0.852968 0.146706 1 0 1.000000
0  -0.834963 -0.730050 -9.612533  -0.030158 -0.261318 -0.964782  0.853689 0.145433 1 0 1.000000
0  -0.776440 -0.821678 -9.506605  -0.088890 -0.968067 0.234403  0.854616 0.145008 1 0 1.000000
Material_0
0  -0.776440 -0.821678 -9.506605  -0.088890 -0.968067 0.234403  0.854616 0.145008 1 0 1.000000
0  -0.834963 -0.730050 -9.612533  -0.030158 -0.261318 -0.964782  0.853689 0.145433 1 0 1.000000
0  1.020027 -0.821677 -9.506605  0.088866 -0.968069 0.234403  0.867389 0.140871 1 0 1.000000
Material_0
0  1.020027 -0.821677 -9.506605  0.088866 -0.968069 0.234403  0.867389 0.140871 1 0 1.000000
0  -0.834963 -0.730050 -9.612533  -0.030158 -0.261318 -0.964782  0.853689 0.145433 1 0 1.000000
0  1.078396 -0.730049 -9.612533  0.030214 -0.261255 -0.964797  0.867286 0.140977 1 0 1.000000
Material_0
0  -0.834963 -0.730050 -9.612533  -0.030158 -0.261318 -0.964782  0.853689 0.145433 1 0 1.000000
0  1.078087 1.572418 -10.166331  0.067506 0.900413 -0.429767  0.864711 0.156041 1 0 1.000000
0  1.078396 -0.730049 -9.612533  0.030214 -0.261255 -0.964797  0.867286 0.140977 1 0 1.000000
Material_0
0  1.078396 -0.730049 -9.612533  0.030214 -0.261255 -0.964797  0.867286 0.140977 1 0 1.000000
0  1.078087 1.572418 -10.166331  0.067506 0.900413 -0.429767  0.864711 0.156041 1 0 1.000000
0  1.213046 1.453149 -10.090137  0.996159 0.080719 -0.033946  0.866050 0.155935 1 0 1.000000
Material_0
0  1.078087 1.572418 -10.166331  0.067506 0.900413 -0.429767  0.864711 0.156041 1 0 1.000000
0  1.078088 1.572931 -4.817913  0.072507 0.985540 0.153145  0.889433 0.174924 1 0 1.000000
0  1.213046 1.453149 -10.090137  0.996159 0.080719 -0.033946  0.866050 0.155935 1 0 1.000000
Material_0
0  1.213046 1.453149 -10.090137  0.996159 0.080719 -0.033946  0.866050 0.155935 1 0 1.000000
0  1.078088 1.572931 -4.817913  0.072507 0.985540 0.153145  0.889433 0.174924 1 0 1.000000
0  1.213047 1.453662 -4.866230  0.996161 0.085058 0.020676  0.890360 0.174605 1 0 1.000000
Material_0
0  1.078088 1.572931 -4.817913  0.072507 0.985540 0.153145  0.889433 0.174924 1 0 1.000000
0  1.078088 0.425792 -5.189589  0.112956 -0.621503 0.775226  0.887682 0.165164 1 0 1.000000
0  1.213047 1.453662 -4.866230  0.996161 0.085058 0.020676  0.890360 0.174605 1 0 1.000000
Material_0
0  1.078088 0.425792 -5.189589  0.112956 -0.621503 0.775226  0.887682 0.165164 1 0 1.000000
0  1.213356 0.497968 -5.200738  0.994145 -0.098103 0.045288  0.888815 0.165588 1 0 1.000000
0  1.213047 1.453662 -4.866230  0.996161 0.085058 0.020676  0.890360 0.174605 1 0 1.000000
Material_0
0  1.213047 1.453662 -4.866230  0.996161 0.085058 0.020676  0.890360 0.174605 1 0 1.000000
0  1.213356 0.497968 -5.200738  0.994145 -0.098103 0.045288  0.888815 0.165588 1 0 1.000000
0  1.213046 1.453149 -10.090137  0.996159 0.080719 -0.033946  0.866050 0.155935 1 0 1.000000
Material_0
0  1.213356 0.497968 -5.200738  0.994145 -0.098103 0.045288  0.888815 0.165588 1 0 1.000000
0  1.213046 -0.634326 -9.554923  0.994258 -0.106860 -0.005654  0.868522 0.141614 1 0 1.000000
0  1.213046 1.453149 -10.090137  0.996159 0.080719 -0.033946  0.866050 0.155935 1 0 1.000000
Material_0
0  1.213046 1.453149 -10.090137  0.996159 0.080719 -0.033946  0.866050 0.155935 1 0 1.000000
0  1.213046 -0.634326 -9.554923  0.994258 -0.106860 -0.005654  0.868522 0.141614 1 0 1.000000
0  1.078396 -0.730049 -9.612533  0.030214 -0.261255 -0.964797  0.867286 0.140977 1 0 1.000000
Material_0
0  1.078396 -0.730049 -9.612533  0.030214 -0.261255 -0.964797  0.867286 0.140977 1 0 1.000000
0  1.213046 -0.634326 -9.554923  0.994258 -0.106860 -0.005654  0.868522 0.141614 1 0 1.000000
0  1.020027 -0.821677 -9.506605  0.088866 -0.968069 0.234403  0.867389 0.140871 1 0 1.000000
Material_0
0  1.213046 -0.634326 -9.554923  0.994258 -0.106860 -0.005654  0.868522 0.141614 1 0 1.000000
0  1.213356 0.497968 -5.200738  0.994145 -0.098103 0.045288  0.888815 0.165588 1 0 1.000000
0  1.020027 -0.821677 -9.506605  0.088866 -0.968069 0.234403  0.867389 0.140871 1 0 1.000000
Material_0
0  1.020027 -0.821677 -9.506605  0.088866 -0.968069 0.234403  0.867389 0.140871 1 0 1.000000
0  1.213356 0.497968 -5.200738  0.994145 -0.098103 0.045288  0.888815 0.165588 1 0 1.000000
0  1.020182 0.315737 -5.263924  0.089226 -0.957423 0.274552  0.887167 0.164315 1 0 1.000000
Material_0
0  1.213356 0.497968 -5.200738  0.994145 -0.098103 0.045288  0.888815 0.165588 1 0 1.000000
0  1.078088 0.425792 -5.189589  0.112956 -0.621503 0.775226  0.887682 0.165164 1 0 1.000000
0  1.020182 0.315737 -5.263924  0.089226 -0.957423 0.274552  0.887167 0.164315 1 0 1.000000
Material_0
0  1.078088 0.425792 -5.189589  0.112956 -0.621503 0.775226  0.887682 0.165164 1 0 1.000000
0  -0.776748 0.315736 -5.263924  -0.089252 -0.957426 0.274536  0.874394 0.168559 1 0 1.000000
0  1.020182 0.315737 -5.263924  0.089226 -0.957423 0.274552  0.887167 0.164315 1 0 1.000000
Material_0
0  1.020182 0.315737 -5.263924  0.089226 -0.957423 0.274552  0.887167 0.164315 1 0 1.000000
0  -0.776748 0.315736 -5.263924  -0.089252 -0.957426 0.274536  0.874394 0.168559 1 0 1.000000
0  1.020027 -0.821677 -9.506605  0.088866 -0.968069 0.234403  0.867389 0.140871 1 0 1.000000
Material_0
0  -0.776748 0.315736 -5.263924  -0.089252 -0.957426 0.274536  0.874394 0.168559 1 0 1.000000
0  -0.776440 -0.821678 -9.506605  -0.088890 -0.968067 0.234403  0.854616 0.145008 1 0 1.000000
0  1.020027 -0.821677 -9.506605  0.088866 -0.968069 0.234403  0.867389 0.140871 1 0 1.000000
Material_0
0  -0.969767 0.497968 -5.200738  -0.994140 -0.098151 0.045302  0.873260 0.170680 1 0 1.000000
0  -0.834654 0.425792 -5.189589  -0.112956 -0.621521 0.775211  0.874085 0.169620 1 0 1.000000
0  -0.969613 1.453661 -4.866230  -0.996159 0.085085 0.020692  0.874806 0.179697 1 0 1.000000
Material_0
0  -0.834655 1.572418 -10.166331  -0.067461 0.900418 -0.429763  0.851113 0.160496 1 0 1.000000
0  -0.969614 1.453148 -10.090137  -0.996155 0.080757 -0.033961  0.850495 0.161027 1 0 1.000000
0  -0.834654 1.572931 -4.817913  -0.072542 0.985531 0.153186  0.875836 0.179379 1 0 1.000000
Material_0
0  1.078088 1.572931 -4.817913  0.072507 0.985540 0.153145  0.889433 0.174924 1 0 1.000000
0  1.078088 0.770292 -4.866230  0.056534 -0.311425 0.948587  0.889433 0.168983 1 0 1.000000
0  1.078088 0.425792 -5.189589  0.112956 -0.621503 0.775226  0.887682 0.165164 1 0 1.000000
Material_0
0  -1.140709 -4.933670 -30.563910  0.000116 0.206072 -0.978537  0.483368 0.093982 1 0 1.000000
0  1.381664 -3.047365 -30.162500  -0.000009 0.154531 -0.987988  0.497789 0.100878 1 0 1.000000
0  1.384753 -4.933669 -30.563910  -0.000096 0.206101 -0.978531  0.496450 0.089633 1 0 1.000000
Material_0
0  1.381664 -3.047365 -30.162500  -0.000009 0.154531 -0.987988  0.497789 0.100878 1 0 1.000000
0  1.722614 -4.699736 -29.950645  0.982207 -0.045961 0.182090  0.500261 0.091967 1 0 1.000000
0  1.384753 -4.933669 -30.563910  -0.000096 0.206101 -0.978531  0.496450 0.089633 1 0 1.000000
Material_0
0  1.722614 -4.699736 -29.950645  0.982207 -0.045961 0.182090  0.500261 0.091967 1 0 1.000000
0  1.291023 -5.280216 -30.117899  0.184331 -0.974286 0.129570  0.497480 0.089103 1 0 1.000000
0  1.384753 -4.933669 -30.563910  -0.000096 0.206101 -0.978531  0.496450 0.089633 1 0 1.000000
Material_0
0  1.291023 -5.280216 -30.117899  0.184331 -0.974286 0.129570  0.497480 0.089103 1 0 1.000000
0  -1.046824 -5.280217 -30.117899  -0.184286 -0.974298 0.129541  0.485428 0.093134 1 0 1.000000
0  1.384753 -4.933669 -30.563910  -0.000096 0.206101 -0.978531  0.496450 0.089633 1 0 1.000000
Material_0
0  1.384753 -4.933669 -30.563910  -0.000096 0.206101 -0.978531  0.496450 0.089633 1 0 1.000000
0  -1.046824 -5.280217 -30.117899  -0.184286 -0.974298 0.129541  0.485428 0.093134 1 0 1.000000
0  -1.140709 -4.933670 -30.563910  0.000116 0.206072 -0.978537  0.483368 0.093982 1 0 1.000000
Material_0
0  -1.046824 -5.280217 -30.117899  -0.184286 -0.974298 0.129541  0.485428 0.093134 1 0 1.000000
0  -1.478569 -4.699737 -29.950645  -0.982210 -0.045947 0.182077  0.483677 0.097377 1 0 1.000000
0  -1.140709 -4.933670 -30.563910  0.000116 0.206072 -0.978537  0.483368 0.093982 1 0 1.000000
Material_0
0  -1.478569 -4.699737 -29.950645  -0.982210 -0.045947 0.182077  0.483677 0.097377 1 0 1.000000
0  -1.490768 -2.970070 -29.621714  -0.980743 -0.010908 0.194996  0.484707 0.107561 1 0 1.000000
0  -1.140709 -4.933670 -30.563910  0.000116 0.206072 -0.978537  0.483368 0.093982 1 0 1.000000
Material_0
0  -1.490768 -2.970070 -29.621714  -0.980743 -0.010908 0.194996  0.484707 0.107561 1 0 1.000000
0  -1.137621 -3.047366 -30.162500  0.000016 0.158824 -0.987307  0.484707 0.105121 1 0 1.000000
0  -1.140709 -4.933670 -30.563910  0.000116 0.206072 -0.978537  0.483368 0.093982 1 0 1.000000
Material_0
0  -1.140709 -4.933670 -30.563910  0.000116 0.206072 -0.978537  0.483368 0.093982 1 0 1.000000
0  -1.137621 -3.047366 -30.162500  0.000016 0.158824 -0.987307  0.484707 0.105121 1 0 1.000000
0  1.381664 -3.047365 -30.162500  -0.000009 0.154531 -0.987988  0.497789 0.100878 1 0 1.000000
Material_0
0  -1.137621 -3.047366 -30.162500  0.000016 0.158824 -0.987307  0.484707 0.105121 1 0 1.000000
0  1.384444 -0.805812 -29.943213  0.000007 0.002176 -0.999998  0.498613 0.113396 1 0 1.000000
0  1.381664 -3.047365 -30.162500  -0.000009 0.154531 -0.987988  0.497789 0.100878 1 0 1.000000
Material_0
0  1.384444 -0.805812 -29.943213  0.000007 0.002176 -0.999998  0.498613 0.113396 1 0 1.000000
0  1.734812 -2.970069 -29.621714  0.980748 -0.010922 0.194970  0.501497 0.102045 1 0 1.000000
0  1.381664 -3.047365 -30.162500  -0.000009 0.154531 -0.987988  0.497789 0.100878 1 0 1.000000
Material_0
0  1.381664 -3.047365 -30.162500  -0.000009 0.154531 -0.987988  0.497789 0.100878 1 0 1.000000
0  1.734812 -2.970069 -29.621714  0.980748 -0.010922 0.194970  0.501497 0.102045 1 0 1.000000
0  1.722614 -4.699736 -29.950645  0.982207 -0.045961 0.182090  0.500261 0.091967 1 0 1.000000
Material_0
0  1.734812 -2.970069 -29.621714  0.980748 -0.010922 0.194970  0.501497 0.102045 1 0 1.000000
0  1.401430 -4.139731 -28.075539  0.980592 -0.050263 0.189505  0.505000 0.100347 1 0 1.000000
0  1.722614 -4.699736 -29.950645  0.982207 -0.045961 0.182090  0.500261 0.091967 1 0 1.000000
Material_0
0  1.722614 -4.699736 -29.950645  0.982207 -0.045961 0.182090  0.500261 0.091967 1 0 1.000000
0  1.401430 -4.139731 -28.075539  0.980592 -0.050263 0.189505  0.505000 0.100347 1 0 1.000000
0  1.291023 -5.280216 -30.117899  0.184331 -0.974286 0.129570  0.497480 0.089103 1 0 1.000000
Material_0
0  1.401430 -4.139731 -28.075539  0.980592 -0.050263 0.189505  0.505000 0.100347 1 0 1.000000
0  0.949148 -4.636775 -28.073679  0.189681 -0.907836 0.373972  0.502631 0.098438 1 0 1.000000
0  1.291023 -5.280216 -30.117899  0.184331 -0.974286 0.129570  0.497480 0.089103 1 0 1.000000
Material_0
0  1.291023 -5.280216 -30.117899  0.184331 -0.974286 0.129570  0.497480 0.089103 1 0 1.000000
0  0.949148 -4.636775 -28.073679  0.189681 -0.907836 0.373972  0.502631 0.098438 1 0 1.000000
0  -1.046824 -5.280217 -30.117899  -0.184286 -0.974298 0.129541  0.485428 0.093134 1 0 1.000000
Material_0
0  0.949148 -4.636775 -28.073679  0.189681 -0.907836 0.373972  0.502631 0.098438 1 0 1.000000
0  -0.705103 -4.636775 -28.073679  -0.189681 -0.907847 0.373944  0.494081 0.101302 1 0 1.000000
0  -1.046824 -5.280217 -30.117899  -0.184286 -0.974298 0.129541  0.485428 0.093134 1 0 1.000000
Material_0
0  -1.046824 -5.280217 -30.117899  -0.184286 -0.974298 0.129541  0.485428 0.093134 1 0 1.000000
0  -0.705103 -4.636775 -28.073679  -0.189681 -0.907847 0.373944  0.494081 0.101302 1 0 1.000000
0  -1.478569 -4.699737 -29.950645  -0.982210 -0.045947 0.182077  0.483677 0.097377 1 0 1.000000
Material_0
0  -0.705103 -4.636775 -28.073679  -0.189681 -0.907847 0.373944  0.494081 0.101302 1 0 1.000000
0  -1.157385 -4.139732 -28.075539  -0.980591 -0.050208 0.189529  0.491711 0.104697 1 0 1.000000
0  -1.478569 -4.699737 -29.950645  -0.982210 -0.045947 0.182077  0.483677 0.097377 1 0 1.000000
Material_0
0  -1.478569 -4.699737 -29.950645  -0.982210 -0.045947 0.182077  0.483677 0.097377 1 0 1.000000
0  -1.157385 -4.139732 -28.075539  -0.980591 -0.050208 0.189529  0.491711 0.104697 1 0 1.000000
0  -1.490768 -2.970070 -29.621714  -0.980743 -0.010908 0.194996  0.484707 0.107561 1 0 1.000000
Material_0
0  -1.157385 -4.139732 -28.075539  -0.980591 -0.050208 0.189529  0.491711 0.104697 1 0 1.000000
0  -0.705103 -4.636775 -28.073679  -0.189681 -0.907847 0.373944  0.494081 0.101302 1 0 1.000000
0  -1.072611 -3.941633 -27.913860  -0.007519 0.002185 0.999969  0.492742 0.106076 1 0 1.000000
Material_0
0  -1.072611 -3.941633 -27.913860  -0.007519 0.002185 0.999969  0.492742 0.106076 1 0 1.000000
0  -0.705103 -4.636775 -28.073679  -0.189681 -0.907847 0.373944  0.494081 0.101302 1 0 1.000000
0  -0.644572 -4.426901 -27.913860  -0.000021 0.002112 0.999998  0.494905 0.102681 1 0 1.000000
Material_0
0  -0.705103 -4.636775 -28.073679  -0.189681 -0.907847 0.373944  0.494081 0.101302 1 0 1.000000
0  0.949148 -4.636775 -28.073679  0.189681 -0.907836 0.373972  0.502631 0.098438 1 0 1.000000
0  -0.644572 -4.426901 -27.913860  -0.000021 0.002112 0.999998  0.494905 0.102681 1 0 1.000000
Material_0
0  -0.644572 -4.426901 -27.913860  -0.000021 0.002112 0.999998  0.494905 0.102681 1 0 1.000000
0  0.949148 -4.636775 -28.073679  0.189681 -0.907836 0.373972  0.502631 0.098438 1 0 1.000000
0  0.888617 -4.426901 -27.913860  0.000004 0.002098 0.999998  0.502837 0.100135 1 0 1.000000
Material_0
0  0.949148 -4.636775 -28.073679  0.189681 -0.907836 0.373972  0.502631 0.098438 1 0 1.000000
0  1.401430 -4.139731 -28.075539  0.980592 -0.050263 0.189505  0.505000 0.100347 1 0 1.000000
0  0.888617 -4.426901 -27.913860  0.000004 0.002098 0.999998  0.502837 0.100135 1 0 1.000000
Material_0
0  0.888617 -4.426901 -27.913860  0.000004 0.002098 0.999998  0.502837 0.100135 1 0 1.000000
0  1.401430 -4.139731 -28.075539  0.980592 -0.050263 0.189505  0.505000 0.100347 1 0 1.000000
0  1.316656 -3.941632 -27.913860  0.007561 0.002196 0.999969  0.505103 0.101939 1 0 1.000000
Material_0
0  1.401430 -4.139731 -28.075539  0.980592 -0.050263 0.189505  0.505000 0.100347 1 0 1.000000
0  1.414555 -2.677270 -28.079258  0.977708 0.002198 0.209958  0.505103 0.108197 1 0 1.000000
0  1.316656 -3.941632 -27.913860  0.007561 0.002196 0.999969  0.505103 0.101939 1 0 1.000000
Material_0
0  1.316656 -3.941632 -27.913860  0.007561 0.002196 0.999969  0.505103 0.101939 1 0 1.000000
0  1.414555 -2.677270 -28.079258  0.977708 0.002198 0.209958  0.505103 0.108197 1 0 1.000000
0  1.292722 -2.518073 -27.913862  0.022672 0.002175 0.999741  0.505000 0.109683 1 0 1.000000
Material_0
0  1.414555 -2.677270 -28.079258  0.977708 0.002198 0.209958  0.505103 0.108197 1 0 1.000000
0  1.418261 -0.805812 -28.079258  0.974425 0.002172 0.224705  0.505103 0.118169 1 0 1.000000
0  1.292722 -2.518073 -27.913862  0.022672 0.002175 0.999741  0.505000 0.109683 1 0 1.000000
Material_0
0  1.292722 -2.518073 -27.913862  0.022672 0.002175 0.999741  0.505000 0.109683 1 0 1.000000
0  1.418261 -0.805812 -28.079258  0.974425 0.002172 0.224705  0.505103 0.118169 1 0 1.000000
0  1.238213 -0.805811 -27.913862  0.037858 0.002153 0.999281  0.504691 0.118912 1 0 1.000000
Material_0
0  1.418261 -0.805812 -28.079258  0.974425 0.002172 0.224705  0.505103 0.118169 1 0 1.000000
0  1.414555 1.065648 -28.079258  0.977703 0.002192 0.209979  0.505103 0.128247 1 0 1.000000
0  1.238213 -0.805811 -27.913862  0.037858 0.002153 0.999281  0.504691 0.118912 1 0 1.000000
Material_0
0  1.414555 1.065648 -28.079258  0.977703 0.002192 0.209979  0.505103 0.128247 1 0 1.000000
0  1.292721 0.905939 -27.913862  0.022694 0.002160 0.999740  0.505000 0.128035 1 0 1.000000
0  1.238213 -0.805811 -27.913862  0.037858 0.002153 0.999281  0.504691 0.118912 1 0 1.000000
Material_0
0  1.292721 0.905939 -27.913862  0.022694 0.002160 0.999740  0.505000 0.128035 1 0 1.000000
0  0.121945 -0.805812 -27.913862  0.000000 0.001966 0.999998  0.498922 0.120821 1 0 1.000000
0  1.238213 -0.805811 -27.913862  0.037858 0.002153 0.999281  0.504691 0.118912 1 0 1.000000
Material_0
0  1.238213 -0.805811 -27.913862  0.037858 0.002153 0.999281  0.504691 0.118912 1 0 1.000000
0  0.121945 -0.805812 -27.913862  0.000000 0.001966 0.999998  0.498922 0.120821 1 0 1.000000
0  1.292722 -2.518073 -27.913862  0.022672 0.002175 0.999741  0.505000 0.109683 1 0 1.000000
Material_0
0  1.292722 -2.518073 -27.913862  0.022672 0.002175 0.999741  0.505000 0.109683 1 0 1.000000
0  0.121945 -0.805812 -27.913862  0.000000 0.001966 0.999998  0.498922 0.120821 1 0 1.000000
0  1.316656 -3.941632 -27.913860  0.007561 0.002196 0.999969  0.505103 0.101939 1 0 1.000000
Material_0
0  1.316656 -3.941632 -27.913860  0.007561 0.002196 0.999969  0.505103 0.101939 1 0 1.000000
0  0.121945 -0.805812 -27.913862  0.000000 0.001966 0.999998  0.498922 0.120821 1 0 1.000000
0  0.888617 -4.426901 -27.913860  0.000004 0.002098 0.999998  0.502837 0.100135 1 0 1.000000
Material_0
0  0.888617 -4.426901 -27.913860  0.000004 0.002098 0.999998  0.502837 0.100135 1 0 1.000000
0  0.121945 -0.805812 -27.913862  0.000000 0.001966 0.999998  0.498922 0.120821 1 0 1.000000
0  -0.644572 -4.426901 -27.913860  -0.000021 0.002112 0.999998  0.494905 0.102681 1 0 1.000000
Material_0
0  0.121945 -0.805812 -27.913862  0.000000 0.001966 0.999998  0.498922 0.120821 1 0 1.000000
0  -1.072611 -3.941633 -27.913860  -0.007519 0.002185 0.999969  0.492742 0.106076 1 0 1.000000
0  -0.644572 -4.426901 -27.913860  -0.000021 0.002112 0.999998  0.494905 0.102681 1 0 1.000000
Material_0
0  1.414555 -2.677270 -28.079258  0.977708 0.002198 0.209958  0.505103 0.108197 1 0 1.000000
0  1.401430 -4.139731 -28.075539  0.980592 -0.050263 0.189505  0.505000 0.100347 1 0 1.000000
0  1.734812 -2.970069 -29.621714  0.980748 -0.010922 0.194970  0.501497 0.102045 1 0 1.000000
Material_0
0  1.414555 1.065648 -28.079258  0.977703 0.002192 0.209979  0.505103 0.128247 1 0 1.000000
0  1.401429 2.527597 -28.075541  0.980593 0.050246 0.189506  0.505000 0.136097 1 0 1.000000
0  1.292721 0.905939 -27.913862  0.022694 0.002160 0.999740  0.505000 0.128035 1 0 1.000000
Material_0
0  1.292721 0.905939 -27.913862  0.022694 0.002160 0.999740  0.505000 0.128035 1 0 1.000000
0  1.401429 2.527597 -28.075541  0.980593 0.050246 0.189506  0.505000 0.136097 1 0 1.000000
0  1.316655 2.329497 -27.913862  0.007534 0.002197 0.999969  0.505103 0.135567 1 0 1.000000
Material_0
0  1.401429 2.527597 -28.075541  0.980593 0.050246 0.189506  0.505000 0.136097 1 0 1.000000
0  0.949147 3.024639 -28.073683  0.188671 0.907839 0.374475  0.502631 0.139598 1 0 1.000000
0  1.316655 2.329497 -27.913862  0.007534 0.002197 0.999969  0.505103 0.135567 1 0 1.000000
Material_0
0  0.949147 3.024639 -28.073683  0.188671 0.907839 0.374475  0.502631 0.139598 1 0 1.000000
0  0.888616 2.815278 -27.913864  0.000039 0.002277 0.999997  0.502837 0.138962 1 0 1.000000
0  1.316655 2.329497 -27.913862  0.007534 0.002197 0.999969  0.505103 0.135567 1 0 1.000000
Material_0
0  0.888616 2.815278 -27.913864  0.000039 0.002277 0.999997  0.502837 0.138962 1 0 1.000000
0  0.121945 -0.805812 -27.913862  0.000000 0.001966 0.999998  0.498922 0.120821 1 0 1.000000
0  1.316655 2.329497 -27.913862  0.007534 0.002197 0.999969  0.505103 0.135567 1 0 1.000000
Material_0
0  1.316655 2.329497 -27.913862  0.007534 0.002197 0.999969  0.505103 0.135567 1 0 1.000000
0  0.121945 -0.805812 -27.913862  0.000000 0.001966 0.999998  0.498922 0.120821 1 0 1.000000
0  1.292721 0.905939 -27.913862  0.022694 0.002160 0.999740  0.505000 0.128035 1 0 1.000000
Material_0
0  1.418261 -0.805812 -28.079258  0.974425 0.002172 0.224705  0.505103 0.118169 1 0 1.000000
0  1.722922 -0.805811 -29.391273  0.976130 0.002187 0.217176  0.502218 0.114244 1 0 1.000000
0  1.414555 1.065648 -28.079258  0.977703 0.002192 0.209979  0.505103 0.128247 1 0 1.000000
Material_0
0  1.722922 -0.805811 -29.391273  0.976130 0.002187 0.217176  0.502218 0.114244 1 0 1.000000
0  1.734812 1.357935 -29.621714  0.980744 0.010916 0.194991  0.501497 0.125277 1 0 1.000000
0  1.414555 1.065648 -28.079258  0.977703 0.002192 0.209979  0.505103 0.128247 1 0 1.000000
Material_0
0  1.414555 1.065648 -28.079258  0.977703 0.002192 0.209979  0.505103 0.128247 1 0 1.000000
0  1.734812 1.357935 -29.621714  0.980744 0.010916 0.194991  0.501497 0.125277 1 0 1.000000
0  1.401429 2.527597 -28.075541  0.980593 0.050246 0.189506  0.505000 0.136097 1 0 1.000000
Material_0
0  1.734812 1.357935 -29.621714  0.980744 0.010916 0.194991  0.501497 0.125277 1 0 1.000000
0  1.722613 3.088113 -29.950649  0.982217 0.045927 0.182044  0.500261 0.133763 1 0 1.000000
0  1.401429 2.527597 -28.075541  0.980593 0.050246 0.189506  0.505000 0.136097 1 0 1.000000
Material_0
0  1.401429 2.527597 -28.075541  0.980593 0.050246 0.189506  0.505000 0.136097 1 0 1.000000
0  1.722613 3.088113 -29.950649  0.982217 0.045927 0.182044  0.500261 0.133763 1 0 1.000000
0  0.949147 3.024639 -28.073683  0.188671 0.907839 0.374475  0.502631 0.139598 1 0 1.000000
Material_0
0  1.418261 -0.805812 -28.079258  0.974425 0.002172 0.224705  0.505103 0.118169 1 0 1.000000
0  1.414555 -2.677270 -28.079258  0.977708 0.002198 0.209958  0.505103 0.108197 1 0 1.000000
0  1.722922 -0.805811 -29.391273  0.976130 0.002187 0.217176  0.502218 0.114244 1 0 1.000000
Material_0
0  1.414555 -2.677270 -28.079258  0.977708 0.002198 0.209958  0.505103 0.108197 1 0 1.000000
0  1.734812 -2.970069 -29.621714  0.980748 -0.010922 0.194970  0.501497 0.102045 1 0 1.000000
0  1.722922 -0.805811 -29.391273  0.976130 0.002187 0.217176  0.502218 0.114244 1 0 1.000000
Material_0
0  1.734812 -2.970069 -29.621714  0.980748 -0.010922 0.194970  0.501497 0.102045 1 0 1.000000
0  1.384444 -0.805812 -29.943213  0.000007 0.002176 -0.999998  0.498613 0.113396 1 0 1.000000
0  1.722922 -0.805811 -29.391273  0.976130 0.002187 0.217176  0.502218 0.114244 1 0 1.000000
Material_0
0  1.384444 -0.805812 -29.943213  0.000007 0.002176 -0.999998  0.498613 0.113396 1 0 1.000000
0  1.381664 1.435230 -30.162500  -0.000005 -0.154472 -0.987997  0.497789 0.124853 1 0 1.000000
0  1.722922 -0.805811 -29.391273  0.976130 0.002187 0.217176  0.502218 0.114244 1 0 1.000000
Material_0
0  1.722922 -0.805811 -29.391273  0.976130 0.002187 0.217176  0.502218 0.114244 1 0 1.000000
0  1.381664 1.435230 -30.162500  -0.000005 -0.154472 -0.987997  0.497789 0.124853 1 0 1.000000
0  1.734812 1.357935 -29.621714  0.980744 0.010916 0.194991  0.501497 0.125277 1 0 1.000000
Material_0
0  1.381664 1.435230 -30.162500  -0.000005 -0.154472 -0.987997  0.497789 0.124853 1 0 1.000000
0  1.384752 3.321533 -30.563913  -0.000089 -0.206165 -0.978517  0.496450 0.133976 1 0 1.000000
0  1.734812 1.357935 -29.621714  0.980744 0.010916 0.194991  0.501497 0.125277 1 0 1.000000
Material_0
0  1.734812 1.357935 -29.621714  0.980744 0.010916 0.194991  0.501497 0.125277 1 0 1.000000
0  1.384752 3.321533 -30.563913  -0.000089 -0.206165 -0.978517  0.496450 0.133976 1 0 1.000000
0  1.722613 3.088113 -29.950649  0.982217 0.045927 0.182044  0.500261 0.133763 1 0 1.000000
Material_0
0  1.384752 3.321533 -30.563913  -0.000089 -0.206165 -0.978517  0.496450 0.133976 1 0 1.000000
0  1.291022 3.668081 -30.117903  0.182995 0.974290 0.131420  0.497480 0.137158 1 0 1.000000
0  1.722613 3.088113 -29.950649  0.982217 0.045927 0.182044  0.500261 0.133763 1 0 1.000000
Material_0
0  1.722613 3.088113 -29.950649  0.982217 0.045927 0.182044  0.500261 0.133763 1 0 1.000000
0  1.291022 3.668081 -30.117903  0.182995 0.974290 0.131420  0.497480 0.137158 1 0 1.000000
0  0.949147 3.024639 -28.073683  0.188671 0.907839 0.374475  0.502631 0.139598 1 0 1.000000
Material_0
0  1.291022 3.668081 -30.117903  0.182995 0.974290 0.131420  0.497480 0.137158 1 0 1.000000
0  -0.705104 3.024639 -28.073683  -0.188695 0.907839 0.374462  0.494081 0.142356 1 0 1.000000
0  0.949147 3.024639 -28.073683  0.188671 0.907839 0.374475  0.502631 0.139598 1 0 1.000000
Material_0
0  0.949147 3.024639 -28.073683  0.188671 0.907839 0.374475  0.502631 0.139598 1 0 1.000000
0  -0.705104 3.024639 -28.073683  -0.188695 0.907839 0.374462  0.494081 0.142356 1 0 1.000000
0  0.888616 2.815278 -27.913864  0.000039 0.002277 0.999997  0.502837 0.138962 1 0 1.000000
Material_0
0  -0.705104 3.024639 -28.073683  -0.188695 0.907839 0.374462  0.494081 0.142356 1 0 1.000000
0  -0.644573 2.815277 -27.913864  -0.000006 0.002293 0.999997  0.494905 0.141508 1 0 1.000000
0  0.888616 2.815278 -27.913864  0.000039 0.002277 0.999997  0.502837 0.138962 1 0 1.000000
Material_0
0  0.888616 2.815278 -27.913864  0.000039 0.002277 0.999997  0.502837 0.138962 1 0 1.000000
0  -0.644573 2.815277 -27.913864  -0.000006 0.002293 0.999997  0.494905 0.141508 1 0 1.000000
0  0.121945 -0.805812 -27.913862  0.000000 0.001966 0.999998  0.498922 0.120821 1 0 1.000000
Material_0
0  0.121945 -0.805812 -27.913862  0.000000 0.001966 0.999998  0.498922 0.120821 1 0 1.000000
0  -0.644573 2.815277 -27.913864  -0.000006 0.002293 0.999997  0.494905 0.141508 1 0 1.000000
0  -1.072612 2.329496 -27.913862  -0.007558 0.002128 0.999969  0.492742 0.139704 1 0 1.000000
Material_0
0  -1.072612 2.329496 -27.913862  -0.007558 0.002128 0.999969  0.492742 0.139704 1 0 1.000000
0  -0.644573 2.815277 -27.913864  -0.000006 0.002293 0.999997  0.494905 0.141508 1 0 1.000000
0  -1.157386 2.527597 -28.075541  -0.980583 0.050233 0.189564  0.491711 0.140447 1 0 1.000000
Material_0
0  -0.644573 2.815277 -27.913864  -0.000006 0.002293 0.999997  0.494905 0.141508 1 0 1.000000
0  -0.705104 3.024639 -28.073683  -0.188695 0.907839 0.374462  0.494081 0.142356 1 0 1.000000
0  -1.157386 2.527597 -28.075541  -0.980583 0.050233 0.189564  0.491711 0.140447 1 0 1.000000
Material_0
0  -1.157386 2.527597 -28.075541  -0.980583 0.050233 0.189564  0.491711 0.140447 1 0 1.000000
0  -0.705104 3.024639 -28.073683  -0.188695 0.907839 0.374462  0.494081 0.142356 1 0 1.000000
0  -1.046825 3.668081 -30.117903  -0.182964 0.974298 0.131406  0.485428 0.141083 1 0 1.000000
Material_0
0  -0.705104 3.024639 -28.073683  -0.188695 0.907839 0.374462  0.494081 0.142356 1 0 1.000000
0  1.291022 3.668081 -30.117903  0.182995 0.974290 0.131420  0.497480 0.137158 1 0 1.000000
0  -1.046825 3.668081 -30.117903  -0.182964 0.974298 0.131406  0.485428 0.141083 1 0 1.000000
Material_0
0  -1.046825 3.668081 -30.117903  -0.182964 0.974298 0.131406  0.485428 0.141083 1 0 1.000000
0  1.291022 3.668081 -30.117903  0.182995 0.974290 0.131420  0.497480 0.137158 1 0 1.000000
0  -1.140710 3.321533 -30.563913  0.000105 -0.206127 -0.978525  0.483368 0.138219 1 0 1.000000
Material_0
0  1.291022 3.668081 -30.117903  0.182995 0.974290 0.131420  0.497480 0.137158 1 0 1.000000
0  1.384752 3.321533 -30.563913  -0.000089 -0.206165 -0.978517  0.496450 0.133976 1 0 1.000000
0  -1.140710 3.321533 -30.563913  0.000105 -0.206127 -0.978525  0.483368 0.138219 1 0 1.000000
Material_0
0  -1.140710 3.321533 -30.563913  0.000105 -0.206127 -0.978525  0.483368 0.138219 1 0 1.000000
0  1.384752 3.321533 -30.563913  -0.000089 -0.206165 -0.978517  0.496450 0.133976 1 0 1.000000
0  -1.137621 1.435229 -30.162500  0.000007 -0.154533 -0.987988  0.484707 0.129096 1 0 1.000000
Material_0
0  1.384752 3.321533 -30.563913  -0.000089 -0.206165 -0.978517  0.496450 0.133976 1 0 1.000000
0  1.381664 1.435230 -30.162500  -0.000005 -0.154472 -0.987997  0.497789 0.124853 1 0 1.000000
0  -1.137621 1.435229 -30.162500  0.000007 -0.154533 -0.987988  0.484707 0.129096 1 0 1.000000
Material_0
0  -1.137621 1.435229 -30.162500  0.000007 -0.154533 -0.987988  0.484707 0.129096 1 0 1.000000
0  1.381664 1.435230 -30.162500  -0.000005 -0.154472 -0.987997  0.497789 0.124853 1 0 1.000000
0  -1.140400 -0.805812 -29.943213  -0.000004 -0.002199 -0.999997  0.485531 0.117745 1 0 1.000000
Material_0
0  1.381664 1.435230 -30.162500  -0.000005 -0.154472 -0.987997  0.497789 0.124853 1 0 1.000000
0  1.384444 -0.805812 -29.943213  0.000007 0.002176 -0.999998  0.498613 0.113396 1 0 1.000000
0  -1.140400 -0.805812 -29.943213  -0.000004 -0.002199 -0.999997  0.485531 0.117745 1 0 1.000000
Material_0
0  1.384444 -0.805812 -29.943213  0.000007 0.002176 -0.999998  0.498613 0.113396 1 0 1.000000
0  -1.137621 -3.047366 -30.162500  0.000016 0.158824 -0.987307  0.484707 0.105121 1 0 1.000000
0  -1.140400 -0.805812 -29.943213  -0.000004 -0.002199 -0.999997  0.485531 0.117745 1 0 1.000000
Material_0
0  -1.140400 -0.805812 -29.943213  -0.000004 -0.002199 -0.999997  0.485531 0.117745 1 0 1.000000
0  -1.137621 -3.047366 -30.162500  0.000016 0.158824 -0.987307  0.484707 0.105121 1 0 1.000000
0  -1.478878 -0.805812 -29.391273  -0.976135 0.002208 0.217153  0.485634 0.119761 1 0 1.000000
Material_0
0  -1.137621 -3.047366 -30.162500  0.000016 0.158824 -0.987307  0.484707 0.105121 1 0 1.000000
0  -1.490768 -2.970070 -29.621714  -0.980743 -0.010908 0.194996  0.484707 0.107561 1 0 1.000000
0  -1.478878 -0.805812 -29.391273  -0.976135 0.002208 0.217153  0.485634 0.119761 1 0 1.000000
Material_0
0  -1.140710 3.321533 -30.563913  0.000105 -0.206127 -0.978525  0.483368 0.138219 1 0 1.000000
0  -1.478570 3.088112 -29.950649  -0.982215 0.045909 0.182059  0.483677 0.139174 1 0 1.000000
0  -1.046825 3.668081 -30.117903  -0.182964 0.974298 0.131406  0.485428 0.141083 1 0 1.000000
Material_0
0  -1.046825 3.668081 -30.117903  -0.182964 0.974298 0.131406  0.485428 0.141083 1 0 1.000000
0  -1.478570 3.088112 -29.950649  -0.982215 0.045909 0.182059  0.483677 0.139174 1 0 1.000000
0  -1.157386 2.527597 -28.075541  -0.980583 0.050233 0.189564  0.491711 0.140447 1 0 1.000000
Material_0
0  -1.478570 3.088112 -29.950649  -0.982215 0.045909 0.182059  0.483677 0.139174 1 0 1.000000
0  -1.490769 1.357934 -29.621714  -0.980739 0.010937 0.195015  0.484707 0.130687 1 0 1.000000
0  -1.157386 2.527597 -28.075541  -0.980583 0.050233 0.189564  0.491711 0.140447 1 0 1.000000
Material_0
0  -1.157386 2.527597 -28.075541  -0.980583 0.050233 0.189564  0.491711 0.140447 1 0 1.000000
0  -1.490769 1.357934 -29.621714  -0.980739 0.010937 0.195015  0.484707 0.130687 1 0 1.000000
0  -1.170511 1.065647 -28.079258  -0.977702 0.002190 0.209984  0.491608 0.132597 1 0 1.000000
Material_0
0  -1.170511 1.065647 -28.079258  -0.977702 0.002190 0.209984  0.491608 0.132597 1 0 1.000000
0  -1.490769 1.357934 -29.621714  -0.980739 0.010937 0.195015  0.484707 0.130687 1 0 1.000000
0  -1.478878 -0.805812 -29.391273  -0.976135 0.002208 0.217153  0.485634 0.119761 1 0 1.000000
Material_0
0  -1.478878 -0.805812 -29.391273  -0.976135 0.002208 0.217153  0.485634 0.119761 1 0 1.000000
0  -1.490769 1.357934 -29.621714  -0.980739 0.010937 0.195015  0.484707 0.130687 1 0 1.000000
0  -1.140400 -0.805812 -29.943213  -0.000004 -0.002199 -0.999997  0.485531 0.117745 1 0 1.000000
Material_0
0  -1.140400 -0.805812 -29.943213  -0.000004 -0.002199 -0.999997  0.485531 0.117745 1 0 1.000000
0  -1.490769 1.357934 -29.621714  -0.980739 0.010937 0.195015  0.484707 0.130687 1 0 1.000000
0  -1.137621 1.435229 -30.162500  0.000007 -0.154533 -0.987988  0.484707 0.129096 1 0 1.000000
Material_0
0  -1.490769 1.357934 -29.621714  -0.980739 0.010937 0.195015  0.484707 0.130687 1 0 1.000000
0  -1.478570 3.088112 -29.950649  -0.982215 0.045909 0.182059  0.483677 0.139174 1 0 1.000000
0  -1.137621 1.435229 -30.162500  0.000007 -0.154533 -0.987988  0.484707 0.129096 1 0 1.000000
Material_0
0  -1.137621 1.435229 -30.162500  0.000007 -0.154533 -0.987988  0.484707 0.129096 1 0 1.000000
0  -1.478570 3.088112 -29.950649  -0.982215 0.045909 0.182059  0.483677 0.139174 1 0 1.000000
0  -1.140710 3.321533 -30.563913  0.000105 -0.206127 -0.978525  0.483368 0.138219 1 0 1.000000
Material_0
0  -1.157386 2.527597 -28.075541  -0.980583 0.050233 0.189564  0.491711 0.140447 1 0 1.000000
0  -1.170511 1.065647 -28.079258  -0.977702 0.002190 0.209984  0.491608 0.132597 1 0 1.000000
0  -1.072612 2.329496 -27.913862  -0.007558 0.002128 0.999969  0.492742 0.139704 1 0 1.000000
Material_0
0  -1.072612 2.329496 -27.913862  -0.007558 0.002128 0.999969  0.492742 0.139704 1 0 1.000000
0  -1.170511 1.065647 -28.079258  -0.977702 0.002190 0.209984  0.491608 0.132597 1 0 1.000000
0  -1.048677 0.905939 -27.913862  -0.022653 0.002195 0.999741  0.492845 0.131960 1 0 1.000000
Material_0
0  -1.170511 1.065647 -28.079258  -0.977702 0.002190 0.209984  0.491608 0.132597 1 0 1.000000
0  -1.174217 -0.805812 -28.079258  -0.974417 0.002222 0.224736  0.491608 0.122625 1 0 1.000000
0  -1.048677 0.905939 -27.913862  -0.022653 0.002195 0.999741  0.492845 0.131960 1 0 1.000000
Material_0
0  -1.174217 -0.805812 -28.079258  -0.974417 0.002222 0.224736  0.491608 0.122625 1 0 1.000000
0  -0.994169 -0.805812 -27.913862  -0.037826 0.002205 0.999282  0.493154 0.122731 1 0 1.000000
0  -1.048677 0.905939 -27.913862  -0.022653 0.002195 0.999741  0.492845 0.131960 1 0 1.000000
Material_0
0  -1.048677 0.905939 -27.913862  -0.022653 0.002195 0.999741  0.492845 0.131960 1 0 1.000000
0  -0.994169 -0.805812 -27.913862  -0.037826 0.002205 0.999282  0.493154 0.122731 1 0 1.000000
0  0.121945 -0.805812 -27.913862  0.000000 0.001966 0.999998  0.498922 0.120821 1 0 1.000000
Material_0
0  -0.994169 -0.805812 -27.913862  -0.037826 0.002205 0.999282  0.493154 0.122731 1 0 1.000000
0  -1.048677 -2.518074 -27.913862  -0.022652 0.002224 0.999741  0.492845 0.113608 1 0 1.000000
0  0.121945 -0.805812 -27.913862  0.000000 0.001966 0.999998  0.498922 0.120821 1 0 1.000000
Material_0
0  0.121945 -0.805812 -27.913862  0.000000 0.001966 0.999998  0.498922 0.120821 1 0 1.000000
0  -1.048677 -2.518074 -27.913862  -0.022652 0.002224 0.999741  0.492845 0.113608 1 0 1.000000
0  -1.072611 -3.941633 -27.913860  -0.007519 0.002185 0.999969  0.492742 0.106076 1 0 1.000000
Material_0
0  -1.072611 -3.941633 -27.913860  -0.007519 0.002185 0.999969  0.492742 0.106076 1 0 1.000000
0  -1.048677 -2.518074 -27.913862  -0.022652 0.002224 0.999741  0.492845 0.113608 1 0 1.000000
0  -1.157385 -4.139732 -28.075539  -0.980591 -0.050208 0.189529  0.491711 0.104697 1 0 1.000000
Material_0
0  -1.048677 -2.518074 -27.913862  -0.022652 0.002224 0.999741  0.492845 0.113608 1 0 1.000000
0  -1.170511 -2.677271 -28.079258  -0.977708 0.002188 0.209958  0.491608 0.112547 1 0 1.000000
0  -1.157385 -4.139732 -28.075539  -0.980591 -0.050208 0.189529  0.491711 0.104697 1 0 1.000000
Material_0
0  -1.157385 -4.139732 -28.075539  -0.980591 -0.050208 0.189529  0.491711 0.104697 1 0 1.000000
0  -1.170511 -2.677271 -28.079258  -0.977708 0.002188 0.209958  0.491608 0.112547 1 0 1.000000
0  -1.490768 -2.970070 -29.621714  -0.980743 -0.010908 0.194996  0.484707 0.107561 1 0 1.000000
Material_0
0  -1.490768 -2.970070 -29.621714  -0.980743 -0.010908 0.194996  0.484707 0.107561 1 0 1.000000
0  -1.170511 -2.677271 -28.079258  -0.977708 0.002188 0.209958  0.491608 0.112547 1 0 1.000000
0  -1.478878 -0.805812 -29.391273  -0.976135 0.002208 0.217153  0.485634 0.119761 1 0 1.000000
Material_0
0  -1.170511 -2.677271 -28.079258  -0.977708 0.002188 0.209958  0.491608 0.112547 1 0 1.000000
0  -1.174217 -0.805812 -28.079258  -0.974417 0.002222 0.224736  0.491608 0.122625 1 0 1.000000
0  -1.478878 -0.805812 -29.391273  -0.976135 0.002208 0.217153  0.485634 0.119761 1 0 1.000000
Material_0
0  -1.478878 -0.805812 -29.391273  -0.976135 0.002208 0.217153  0.485634 0.119761 1 0 1.000000
0  -1.174217 -0.805812 -28.079258  -0.974417 0.002222 0.224736  0.491608 0.122625 1 0 1.000000
0  -1.170511 1.065647 -28.079258  -0.977702 0.002190 0.209984  0.491608 0.132597 1 0 1.000000
Material_0
0  -1.048677 0.905939 -27.913862  -0.022653 0.002195 0.999741  0.492845 0.131960 1 0 1.000000
0  0.121945 -0.805812 -27.913862  0.000000 0.001966 0.999998  0.498922 0.120821 1 0 1.000000
0  -1.072612 2.329496 -27.913862  -0.007558 0.002128 0.999969  0.492742 0.139704 1 0 1.000000
Material_0
0  -1.048677 -2.518074 -27.913862  -0.022652 0.002224 0.999741  0.492845 0.113608 1 0 1.000000
0  -0.994169 -0.805812 -27.913862  -0.037826 0.002205 0.999282  0.493154 0.122731 1 0 1.000000
0  -1.170511 -2.677271 -28.079258  -0.977708 0.002188 0.209958  0.491608 0.112547 1 0 1.000000
Material_0
0  -0.994169 -0.805812 -27.913862  -0.037826 0.002205 0.999282  0.493154 0.122731 1 0 1.000000
0  -1.174217 -0.805812 -28.079258  -0.974417 0.002222 0.224736  0.491608 0.122625 1 0 1.000000
0  -1.170511 -2.677271 -28.079258  -0.977708 0.002188 0.209958  0.491608 0.112547 1 0 1.000000
end
